# Arguments: kr_a=0.0525, kd_a=0.21, rep=100, it=100, relocation=0.0525, division=0.21, rows=20, cols=5, status=None, file_ID=4, delta_t=None
"3,999","4,999","0,999","10,999","48,999","3,999","1,999","10,999","8,999","4,999","73,999","2,999","52,2","11,999","1,999","0,999","13,999","8,999","0,999","21,999","19,999","1,999","26,999","4,999","27,999","25,999","10,999","4,999","0,999","5,999","3,999","5,999","2,999","6,999","33,999","0,999","1,999","12,999","26,999","24,999","14,999","0,999","0,999","72,1","2,999","0,999","1,999","25,999","6,999","16,999","2,999","93,1","0,999","0,999","33,2","3,999","0,999","3,999","2,999","16,999","1,999","1,999","25,999","3,999","2,999","5,999","3,999","5,999","2,999","2,999","0,999","34,999","2,999","0,999","16,2","19,3","5,999","0,999","1,999","13,999","1,999","22,999","0,999","15,999","50,999","1,999","14,999","15,999","11,999","61,2","8,0","3,999","7,999","3,999","2,999","2,999","12,999","6,999","9,999","74,0"
"0,999","33,999","8,999","6,999","47,4","0,999","31,1","4,999","1,999","5,999","13,999","4,999","0,999","5,999","93,999","36,999","0,999","1,999","8,999","0,999","0,999","3,999","92,999","29,3","0,999","0,999","13,999","16,999","7,999","10,999","5,999","46,1","3,999","24,999","10,999","6,999","17,999","6,999","2,999","0,999","2,999","2,999","19,1","14,999","1,999","2,999","22,999","17,999","18,999","0,999","4,999","1,999","2,999","25,4","0,999","10,999","125,999","16,999","1,999","0,999","11,999","3,999","2,999","1,999","8,999","33,3","19,999","13,999","20,999","34,999","20,999","5,999","51,3","1,999","33,999","1,999","6,999","6,999","0,999","3,999","5,999","32,2","14,999","7,999","38,999","7,999","6,999","3,999","66,3","38,0","2,999","34,999","4,999","1,999","4,999","7,999","6,999","7,999","16,4","7,999"
"6,999","2,999","51,2","20,1","4,999","10,999","13,999","0,999","2,999","14,999","18,999","20,999","12,999","7,999","2,999","11,999","46,999","4,999","1,999","30,0","10,999","3,999","26,999","6,999","2,999","1,999","0,999","0,999","0,999","7,999","19,2","4,999","1,999","0,999","1,999","3,999","2,999","17,999","0,999","1,999","30,999","24,999","7,999","2,999","4,999","0,999","0,999","0,999","28,999","2,999","9,999","0,999","13,999","0,999","4,999","94,0","5,999","21,1","9,999","3,999","10,999","86,999","1,999","50,0","16,0","0,999","0,999","3,999","1,999","4,999","26,2","60,0","25,999","1,999","14,1","11,4","9,999","50,999","0,999","0,999","8,999","3,999","3,999","6,999","2,999","1,999","5,999","32,2","1,999","5,999","0,999","2,999","2,999","5,999","20,999","22,2","1,999","3,999","13,999","0,999"
"2,999","4,999","1,999","6,999","24,999","0,999","4,999","2,999","0,999","2,999","6,999","9,999","19,999","7,999","0,999","8,999","3,999","5,999","14,4","1,999","0,999","50,999","5,999","11,999","0,999","3,999","0,999","10,999","0,999","20,999","5,999","13,999","30,2","0,999","2,999","0,999","3,999","37,1","2,999","26,999","111,4","0,999","3,999","11,999","9,999","64,999","9,999","9,999","6,999","4,999","1,999","7,999","8,999","2,999","6,999","2,999","33,3","3,999","3,999","13,4","24,999","11,999","4,999","1,999","13,3","30,999","5,999","0,999","8,999","2,999","4,999","22,999","10,999","3,999","13,999","8,999","5,999","4,999","0,999","1,999","17,999","17,999","35,999","46,2","0,999","32,999","39,1","0,999","5,999","3,999","6,999","11,999","5,999","0,999","8,999","19,999","3,999","0,999","43,0","7,999"
"14,1","1,999","0,999","0,999","16,2","4,999","5,999","25,999","3,999","10,999","7,999","5,999","17,999","0,999","0,999","0,999","3,999","39,999","11,999","0,999","4,999","7,999","22,999","1,999","0,999","1,999","5,999","0,999","1,999","0,999","4,999","2,999","4,999","35,999","59,999","9,999","2,999","6,999","6,999","24,999","4,999","21,1","1,999","24,4","20,999","1,999","16,999","6,999","8,999","1,999","0,999","6,999","13,999","0,999","3,999","0,999","3,999","2,999","36,999","0,999","1,999","10,999","18,999","0,999","1,999","0,999","2,999","46,3","0,999","1,999","0,999","13,0","1,999","0,999","9,999","1,999","1,999","0,999","4,999","0,999","3,999","1,999","24,1","10,3","3,999","10,999","62,3","5,999","0,999","8,999","3,999","0,999","0,999","2,999","4,999","1,999","0,999","1,999","8,999","7,999"
"28,999","1,2","11,999","7,999","6,999","26,999","8,999","16,999","0,999","76,2","0,999","0,999","23,999","8,999","2,999","6,999","9,999","3,999","13,999","8,999","8,999","4,999","7,999","1,999","0,999","1,999","10,999","4,999","7,999","0,999","42,999","103,999","7,0","9,999","1,999","24,999","7,999","0,999","1,999","3,0","0,999","14,0","0,999","22,999","9,999","14,999","41,999","2,999","31,999","32,2","6,999","8,999","3,999","0,999","6,999","4,999","2,999","5,999","4,999","0,999","0,999","1,999","18,2","8,999","1,999","7,999","30,1","4,999","4,999","0,999","0,999","24,3","18,999","30,999","2,999","52,999","1,999","10,999","0,999","2,999","51,4","4,999","18,999","0,999","36,999","0,999","6,999","3,999","0,999","21,999","11,999","0,999","2,999","32,2","28,1","18,999","10,999","48,999","2,999","3,999"
"1,999","9,999","14,999","24,999","3,999","20,999","0,999","0,999","6,999","10,999","3,999","18,0","7,999","1,999","16,999","8,999","14,999","4,999","12,999","5,999","11,999","3,999","1,999","13,999","2,999","2,999","12,999","9,0","11,1","2,999","10,999","6,999","15,999","53,999","25,4","10,999","8,999","1,999","1,999","23,0","0,999","0,999","39,999","1,999","7,999","22,999","1,999","27,999","6,999","0,999","2,999","0,999","3,999","0,999","15,3","3,999","7,999","25,999","17,999","55,999","8,999","42,999","0,999","7,2","13,2","2,999","5,999","9,999","27,999","4,999","7,999","29,999","60,999","52,1","3,999","0,999","6,999","1,999","6,999","0,999","21,999","2,999","7,999","24,999","0,999","1,999","108,1","1,999","0,999","0,999","1,999","1,999","68,999","0,999","1,999","5,999","2,999","13,999","0,999","0,999"
"1,999","16,2","9,999","0,999","12,999","4,999","2,999","6,999","10,999","2,999","17,999","0,999","1,1","6,999","1,999","17,999","1,999","0,999","14,2","5,999","7,999","1,999","9,999","6,999","10,2","5,999","8,999","0,999","0,999","1,999","13,999","2,999","1,999","23,999","0,999","0,999","1,999","0,999","3,999","10,999","1,999","17,999","0,999","0,999","1,999","17,999","85,999","19,1","31,999","1,999","0,999","2,999","18,4","2,999","1,999","0,999","2,999","11,999","0,999","9,999","6,999","6,999","9,999","0,999","30,4","2,999","13,999","6,999","0,999","8,999","1,999","0,999","1,999","9,999","5,999","0,999","0,999","4,999","20,1","7,999","27,999","1,999","7,999","29,2","14,999","6,999","13,999","0,999","1,999","1,999","30,999","77,999","5,999","9,999","59,0","2,999","14,999","4,999","5,999","42,1"
"2,999","3,999","6,999","3,999","0,999","9,999","41,999","2,999","8,999","36,4","12,999","29,999","0,999","17,999","10,999","0,999","12,1","1,999","2,999","7,2","0,999","21,3","34,0","23,999","0,999","2,999","12,999","34,2","2,999","6,999","3,999","0,999","60,999","2,999","0,999","2,999","14,999","1,999","3,999","27,1","20,999","13,999","1,999","3,999","0,999","0,999","2,999","8,999","8,999","5,999","66,999","1,999","0,999","6,999","2,999","0,999","6,999","26,999","0,999","3,999","0,999","19,999","35,3","3,999","3,999","0,999","2,999","6,999","0,999","1,999","16,999","2,999","2,999","42,999","69,999","40,999","4,999","6,999","3,999","12,999","2,999","40,3","6,999","0,999","1,999","1,999","99,999","56,999","0,999","2,999","0,999","0,999","0,999","3,999","6,999","17,999","10,999","2,999","19,999","16,0"
"53,999","12,999","7,999","106,999","5,999","6,999","6,999","11,3","6,999","1,999","7,999","2,999","30,3","0,999","50,999","4,999","3,999","1,999","17,999","0,999","18,999","9,999","20,999","4,999","1,999","1,999","0,999","65,999","1,999","0,999","31,999","3,999","4,999","7,999","0,999","33,999","11,999","4,999","12,999","15,999","5,999","13,999","32,999","2,999","3,999","6,999","17,999","2,999","1,999","15,999","2,999","0,999","56,999","7,999","26,999","5,999","0,999","49,1","20,999","2,999","28,4","3,999","0,999","0,999","5,999","3,999","5,999","13,999","4,999","3,999","41,999","7,999","12,999","1,999","12,999","0,999","0,999","14,999","1,999","8,999","0,999","1,999","3,999","59,999","2,999","6,999","15,999","0,999","4,999","39,2","0,999","2,999","4,999","4,999","1,999","1,999","4,999","1,999","1,999","7,999"
"31,999","4,999","20,999","0,999","42,4","1,999","12,999","1,999","44,1","2,999","4,999","11,999","21,999","80,999","0,999","1,999","2,999","30,999","45,0","5,999","26,999","49,1","0,999","5,999","21,4","8,999","37,0","0,999","50,999","11,999","11,999","25,999","17,999","83,999","0,999","6,999","2,999","0,999","2,999","5,999","23,4","29,999","12,999","45,999","0,999","28,999","0,999","43,4","2,999","3,999","9,999","2,999","11,999","6,999","33,999","4,999","54,999","2,999","0,999","8,999","6,999","1,999","5,999","0,999","0,999","65,2","5,999","1,999","45,1","5,999","1,999","3,999","0,999","18,999","24,999","2,999","0,999","7,999","3,999","1,999","1,999","29,2","3,999","7,999","1,999","2,999","7,0","59,1","1,999","16,999","2,999","14,999","5,999","33,999","8,999","0,999","33,4","13,4","19,999","28,999"
"23,999","1,999","51,0","17,999","0,999","22,999","0,999","9,999","3,999","19,999","8,999","5,999","16,999","1,999","5,999","2,999","1,999","0,999","6,999","5,999","18,999","0,999","9,999","0,999","4,999","4,999","16,999","1,999","0,999","50,3","7,999","5,999","11,999","0,999","0,999","17,999","2,999","1,999","77,999","45,999","6,999","39,999","91,999","3,999","43,999","0,999","3,999","0,999","15,999","3,999","0,999","30,1","1,999","7,999","16,999","23,999","4,999","36,1","6,999","1,999","44,1","42,3","25,999","36,1","28,4","3,999","0,999","6,999","13,999","0,999","1,999","8,3","0,999","26,4","0,999","10,999","4,999","0,999","0,999","11,999","7,999","7,999","6,999","9,999","59,999","13,999","29,2","25,4","1,999","3,999","1,999","0,999","1,999","6,999","0,999","17,999","1,999","0,999","7,999","0,999"
"7,999","0,999","0,999","9,999","29,2","56,999","2,999","2,999","2,999","1,999","0,999","10,999","16,999","0,999","18,999","8,999","11,999","68,3","1,999","42,999","5,999","37,1","1,999","2,999","0,999","22,4","8,999","59,999","98,0","2,999","1,999","23,999","15,999","1,999","31,1","40,999","1,999","0,999","0,999","5,999","35,999","2,999","14,999","0,999","52,3","7,999","3,999","7,999","4,999","8,999","1,999","0,999","0,999","5,999","15,999","3,999","10,999","5,999","1,999","4,999","4,999","1,999","8,999","0,999","3,999","0,999","24,999","5,999","2,999","9,1","7,999","6,999","16,999","5,999","45,1","0,999","1,999","1,999","6,999","95,999","1,999","2,999","4,999","12,999","27,999","3,999","1,999","0,999","0,999","7,999","11,999","3,999","4,999","7,999","20,999","5,999","7,999","20,999","9,999","1,999"
"2,999","4,999","1,999","22,999","13,999","4,999","4,999","7,999","0,999","54,999","1,999","2,999","14,999","27,999","93,1","0,999","0,999","0,999","6,999","6,999","5,999","0,999","6,999","62,999","3,999","3,999","0,999","7,999","1,999","18,999","0,999","2,999","35,0","2,999","3,999","46,999","33,999","2,999","2,999","4,999","2,999","25,4","1,999","3,999","7,999","13,999","2,999","2,999","45,1","2,999","1,999","3,999","0,999","9,999","9,999","0,999","48,3","0,999","3,999","23,999","15,999","16,999","5,999","9,999","0,999","4,999","3,999","38,999","4,999","6,999","0,999","0,999","1,999","5,999","0,999","30,1","3,999","40,999","8,999","53,1","3,999","1,999","2,999","2,999","6,999","1,999","90,4","35,2","52,999","7,999","2,999","6,999","0,999","77,999","75,2","4,999","11,999","7,999","32,1","30,999"
"2,999","10,999","0,999","7,999","25,2","0,999","2,999","21,999","0,999","5,999","58,2","1,999","4,999","2,999","3,999","18,2","56,999","2,999","5,999","3,999","0,999","1,999","1,999","1,999","7,999","2,999","4,999","4,999","2,999","0,999","5,999","4,999","35,4","9,999","2,999","19,999","82,0","2,999","2,999","1,999","1,999","1,999","3,999","1,999","13,999","24,999","41,0","9,999","1,999","21,2","7,999","4,999","9,999","5,999","0,999","3,999","6,999","0,999","17,999","8,999","38,3","9,999","14,2","22,999","89,2","86,4","15,999","13,999","8,999","1,999","19,999","0,999","3,999","0,999","11,0","0,999","6,999","2,999","14,999","69,2","55,4","38,999","52,999","7,4","13,999","18,999","23,999","2,999","22,1","7,999","0,999","6,999","3,999","0,999","4,999","40,999","4,999","5,999","0,999","2,999"
"26,1","5,999","7,999","0,999","9,999","0,999","1,999","2,999","49,4","3,999","6,999","8,999","0,999","1,999","5,999","0,999","4,999","17,999","9,999","11,999","2,999","41,999","12,0","1,999","5,999","5,999","1,999","10,999","9,999","54,3","13,999","4,999","3,999","4,999","5,999","0,999","30,3","5,999","2,999","4,999","3,999","37,3","15,999","0,999","37,999","0,999","5,999","3,999","12,999","0,999","2,999","1,999","1,999","4,999","5,999","1,999","6,999","1,999","1,999","55,2","0,999","6,999","3,999","1,999","41,999","6,999","0,999","18,999","0,999","89,3","18,999","1,999","2,999","3,999","6,999","5,999","19,999","14,999","3,999","15,0","1,999","67,999","55,999","4,999","1,999","7,999","44,4","1,999","4,999","2,999","0,999","10,999","34,999","2,999","3,999","2,999","10,999","11,3","3,999","18,999"
"13,999","12,999","13,999","1,999","25,999","16,999","8,999","1,999","20,1","7,999","18,999","86,999","2,999","28,999","10,999","1,999","1,999","3,999","38,999","25,1","16,4","0,999","0,999","4,999","1,999","10,999","3,999","36,3","2,999","2,999","2,999","11,3","104,1","23,999","47,3","32,3","6,999","2,999","0,999","7,999","0,999","9,999","21,999","4,999","9,999","5,999","24,0","27,999","6,999","43,999","11,2","14,999","1,999","7,999","1,999","0,999","4,999","16,999","23,999","20,999","5,999","1,999","6,999","101,999","9,999","52,999","4,999","2,999","2,999","28,999","0,999","2,999","52,1","5,999","38,4","18,999","0,999","0,999","8,999","7,999","11,999","0,999","0,999","0,999","0,999","8,999","0,999","49,2","3,999","6,999","4,999","1,999","7,999","4,999","0,999","1,999","44,999","0,999","1,999","17,999"
"69,2","19,999","9,999","1,999","27,3","18,999","4,999","3,999","15,999","2,999","2,999","2,999","0,999","0,999","18,2","1,999","1,999","0,999","16,999","0,999","2,999","1,999","15,4","9,999","0,999","1,999","34,4","3,999","0,999","19,999","21,999","33,999","0,999","3,999","36,999","9,999","24,999","7,999","19,999","39,0","2,999","14,3","1,999","1,999","1,999","63,2","23,3","3,999","0,999","0,999","6,999","5,999","85,3","24,999","0,999","1,999","0,999","3,999","12,999","30,2","29,999","3,999","12,999","8,999","10,999","9,999","0,999","31,4","0,999","4,999","2,999","46,0","3,999","10,999","20,4","0,999","0,999","12,999","2,999","5,999","14,999","1,999","2,999","1,999","0,999","0,999","1,999","7,999","4,999","50,4","10,999","4,999","95,999","6,999","3,999","3,999","0,999","10,999","30,999","81,4"
"12,2","1,999","26,1","29,1","0,999","90,2","1,999","1,999","19,999","0,999","29,2","0,999","4,999","4,999","15,999","24,999","31,999","0,999","18,999","6,999","21,1","4,999","5,999","0,999","24,999","18,999","0,999","4,999","40,4","9,999","6,999","2,999","6,999","4,999","4,999","1,999","66,999","3,999","82,999","0,999","9,999","5,999","5,999","0,999","0,999","2,999","1,999","2,999","0,999","13,999","13,999","5,999","12,2","33,999","4,999","45,999","8,999","5,999","4,999","60,999","21,999","35,4","6,999","6,999","4,999","36,2","2,999","6,999","12,999","1,999","2,999","4,999","0,999","14,999","2,999","4,999","0,999","1,999","24,999","2,999","11,999","12,999","0,999","5,999","8,999","36,1","5,999","2,999","1,999","3,999","1,999","6,3","15,2","11,3","16,999","5,999","7,999","10,999","1,999","3,999"
"7,999","6,999","6,999","106,0","3,999","0,999","2,999","4,999","26,999","0,999","0,999","1,999","0,999","70,4","38,4","11,999","13,1","0,999","28,999","27,999","3,999","5,999","55,3","0,999","3,999","2,999","6,999","14,1","2,999","1,999","0,999","21,999","1,999","38,0","25,999","0,999","10,999","9,999","33,999","1,999","9,999","8,999","2,999","9,999","6,999","1,999","5,999","2,999","13,999","35,999","2,999","5,999","1,999","34,999","2,999","11,999","11,999","2,999","0,999","6,999","13,2","1,999","43,999","8,999","1,999","8,999","13,999","2,999","13,1","0,999","3,999","18,999","7,999","7,999","1,999","0,999","0,999","14,999","0,999","0,999","0,999","12,999","1,999","1,999","4,999","20,3","4,999","2,999","3,999","1,999","0,999","3,999","11,999","18,999","0,999","4,999","6,999","10,999","0,999","10,3"
"0,999","3,999","11,999","5,999","14,999","55,4","1,999","67,3","0,999","4,999","45,999","60,999","29,2","7,999","1,999","7,999","36,0","4,999","34,1","1,999","1,999","1,999","2,999","6,999","0,999","28,999","3,999","5,999","1,999","17,999","14,999","3,999","14,0","42,3","1,999","12,999","2,999","14,999","28,4","10,999","0,999","0,999","5,999","2,999","15,0","4,999","1,999","0,999","0,999","2,999","2,999","0,999","92,4","1,999","16,999","1,999","1,999","6,999","0,999","30,999","48,4","65,0","0,999","0,999","2,999","0,999","21,4","0,999","7,999","26,999","0,999","19,999","4,999","1,999","21,999","1,999","18,1","4,999","2,999","26,999","5,999","1,999","11,999","25,999","37,1","9,999","4,999","53,999","41,999","12,999","37,3","15,999","11,999","0,999","0,999","11,999","0,999","0,999","2,999","2,999"
"54,999","4,999","7,999","2,999","0,999","75,999","2,999","1,999","1,999","0,999","0,999","5,999","2,999","3,999","1,999","2,999","2,999","119,999","3,999","1,999","12,999","0,999","0,999","0,999","8,999","0,999","0,999","14,999","7,999","31,0","7,999","0,999","8,999","14,999","1,999","0,999","54,999","13,999","9,999","0,999","2,999","0,999","4,999","0,999","0,999","22,999","18,999","0,999","21,999","2,999","3,999","2,999","8,999","5,999","81,999","9,999","17,999","22,999","1,999","0,999","1,999","44,2","6,999","15,3","5,999","22,999","2,999","3,999","0,999","5,999","1,999","0,999","0,999","11,4","12,0","1,999","6,999","43,999","7,999","5,999","3,999","67,1","73,1","8,999","2,999","3,999","9,999","3,999","10,999","49,2","12,999","3,999","0,999","11,999","57,999","29,4","16,3","4,999","15,999","2,999"
"0,999","0,999","26,999","30,0","41,999","11,999","0,999","4,999","55,3","10,3","0,999","19,999","13,999","4,999","4,999","25,0","1,999","13,999","3,999","2,999","0,999","4,999","1,999","18,2","0,999","0,999","41,999","11,999","0,999","24,999","24,999","9,999","8,999","9,999","0,999","5,999","8,999","1,999","15,999","42,999","18,999","1,999","0,999","5,999","4,999","17,999","14,999","44,999","1,999","1,999","0,999","0,999","2,999","8,999","0,999","55,999","73,4","1,999","1,999","102,999","2,999","6,999","0,999","3,999","1,999","0,999","18,2","1,999","3,999","4,999","9,999","3,999","6,999","48,999","2,999","5,999","41,0","10,999","0,999","4,999","27,0","5,999","1,999","9,999","8,999","25,999","1,999","2,999","11,999","23,999","0,999","6,999","0,999","2,999","19,999","4,999","3,999","1,999","12,999","54,1"
"67,4","4,999","10,999","24,0","9,999","2,999","11,0","51,0","0,999","9,999","58,4","46,2","22,0","8,999","17,999","14,999","44,0","36,999","4,999","8,999","25,999","8,999","1,999","5,999","1,999","15,999","55,0","0,999","0,999","8,999","69,0","0,999","1,999","25,999","2,999","38,1","12,999","0,999","4,999","13,999","6,999","7,999","10,999","23,0","13,2","0,999","29,999","3,999","1,999","8,999","16,999","3,999","0,999","53,999","89,999","47,999","2,999","13,999","1,999","0,999","30,999","46,3","3,999","11,3","1,999","1,999","1,999","34,0","8,999","1,999","0,999","4,999","0,999","51,3","4,999","0,999","2,999","41,2","6,999","8,999","2,999","3,999","6,999","0,999","0,999","5,999","2,999","18,999","29,999","2,999","2,999","29,3","30,999","51,0","110,3","1,999","4,999","2,999","29,3","2,999"
"2,999","6,999","0,999","6,999","1,999","6,999","6,999","14,999","5,999","1,999","3,999","9,999","0,999","0,999","6,999","0,999","4,999","61,999","0,999","7,999","10,999","35,999","3,999","0,999","1,999","18,999","25,999","0,999","1,999","2,999","20,999","3,999","9,999","2,999","32,999","92,999","11,999","0,999","2,999","11,999","13,999","1,999","32,2","5,999","37,999","18,999","6,999","95,999","5,999","0,999","3,999","0,999","2,999","1,999","6,999","6,999","0,999","10,999","5,999","21,0","44,4","0,999","37,999","3,999","0,999","2,999","0,999","5,999","18,999","2,999","8,999","4,999","2,999","7,999","7,999","0,999","6,999","7,999","1,999","38,4","2,999","13,999","7,999","0,999","2,999","1,999","27,3","27,999","0,999","20,3","2,999","2,999","26,999","48,999","0,999","31,999","1,999","34,999","3,999","10,999"
"14,999","29,2","8,999","1,999","0,999","26,999","0,999","1,999","14,999","82,999","2,999","37,999","13,999","1,999","1,999","0,999","29,999","3,999","1,999","11,999","5,999","1,999","7,999","0,999","0,999","2,999","5,999","15,999","24,0","2,999","0,999","50,4","0,999","1,999","7,999","14,999","4,999","7,999","1,999","1,999","3,999","80,999","3,999","16,999","5,999","0,999","26,999","3,999","9,999","3,999","0,999","43,999","0,999","32,2","0,999","8,999","3,999","6,999","16,999","12,2","4,999","1,999","1,999","5,999","7,999","10,999","1,999","5,999","1,999","15,999","17,3","36,999","0,999","0,999","30,2","2,999","0,999","13,999","1,999","0,999","12,999","21,999","16,999","10,999","9,999","11,999","25,3","0,999","0,999","4,999","4,999","0,999","4,999","2,999","8,999","32,999","14,4","4,999","13,999","22,999"
"4,999","18,999","6,999","2,999","1,999","1,999","0,999","6,999","15,999","3,999","20,999","0,999","0,999","3,999","1,999","7,999","7,999","4,999","3,999","75,999","1,999","3,999","5,999","4,999","3,999","140,1","3,999","4,999","48,4","7,999","1,999","0,999","4,999","1,999","1,999","34,3","24,999","0,999","3,999","1,999","1,999","8,999","0,999","3,999","1,999","2,999","16,4","0,999","0,999","0,999","4,999","0,999","68,3","0,999","1,999","4,999","1,999","0,999","18,999","49,999","0,999","3,999","16,999","2,999","1,999","14,999","9,999","22,999","12,999","3,999","52,0","0,999","18,999","5,999","4,999","2,999","6,999","5,999","4,999","30,999","1,999","18,999","27,999","9,999","58,999","12,999","10,999","1,999","0,999","3,999","10,999","6,999","4,999","41,2","4,999","1,999","32,2","3,999","3,999","0,999"
"0,999","7,999","21,1","7,999","3,999","41,3","0,999","17,999","3,999","0,999","1,999","2,999","25,1","15,999","5,999","2,999","4,999","1,999","2,999","1,999","22,1","46,999","3,999","15,2","4,999","6,999","5,999","60,1","23,999","23,999","5,999","1,999","6,999","0,999","56,999","9,999","4,999","1,999","0,999","53,999","2,999","0,999","18,999","3,999","0,999","0,999","3,999","0,999","37,999","9,999","3,999","4,999","11,999","0,999","93,4","10,999","45,999","0,999","0,999","3,999","1,999","0,999","3,999","2,999","19,2","66,1","3,999","2,999","15,999","9,999","6,999","35,999","10,999","1,999","4,999","0,999","1,999","6,999","33,999","8,999","25,999","48,999","1,999","11,4","4,999","18,999","10,999","4,999","17,4","41,2","10,999","33,1","0,999","7,999","0,999","4,999","0,999","2,999","4,999","11,999"
"3,999","0,999","6,999","34,999","22,3","10,999","27,2","13,999","5,999","1,999","7,999","5,999","3,999","3,999","2,999","5,999","0,999","22,2","65,2","0,999","29,1","28,999","0,999","2,999","0,999","2,999","12,999","10,999","0,999","8,999","19,3","82,999","2,999","6,999","2,999","2,999","18,0","12,999","29,0","16,999","4,999","12,999","17,999","6,999","5,999","25,3","1,999","9,999","2,999","4,999","0,999","3,999","1,999","2,999","2,999","13,999","12,4","0,999","33,999","2,999","58,999","0,999","31,999","7,999","2,999","17,999","0,999","4,999","5,999","3,999","2,999","12,999","2,999","4,999","6,999","41,3","1,999","12,999","5,999","1,999","2,999","15,999","3,999","21,1","20,2","3,999","5,999","4,999","23,2","0,999","5,999","1,999","4,999","2,999","3,999","24,999","25,999","0,999","11,999","35,999"
"7,999","0,999","14,999","4,999","35,999","2,999","2,999","4,999","0,999","3,999","14,999","92,999","23,999","48,999","0,999","0,999","14,999","26,1","79,999","0,999","14,999","6,999","23,4","2,999","10,999","28,999","4,999","0,999","0,999","1,999","0,999","0,999","23,2","1,999","7,999","14,1","3,999","13,999","7,999","2,999","4,999","25,0","10,999","32,999","0,999","21,999","7,999","55,4","0,999","18,4","21,999","9,999","18,4","33,0","23,999","40,1","33,999","19,3","0,999","12,999","0,999","0,999","0,999","2,999","35,999","0,999","2,999","1,999","0,999","0,999","5,999","8,999","0,999","0,999","13,999","28,999","81,999","0,999","0,999","3,999","2,999","0,999","3,999","16,999","76,999","6,999","2,999","0,999","14,999","6,999","1,999","8,999","1,999","17,999","0,999","0,999","17,2","22,999","19,999","1,999"
"0,999","35,999","46,999","18,999","26,999","10,999","0,999","8,999","48,2","12,4","7,999","0,999","1,999","38,999","1,999","2,999","23,999","0,999","6,999","18,999","4,999","0,999","4,999","1,999","4,999","72,0","2,999","15,999","10,999","8,999","4,999","1,999","3,999","2,999","2,999","2,999","4,999","11,999","0,999","31,999","1,999","3,999","25,2","2,999","1,999","1,999","13,999","2,999","10,999","16,999","0,999","8,999","43,999","44,999","1,999","32,1","6,999","13,999","4,999","1,999","8,999","9,999","16,999","0,999","52,999","0,999","0,999","3,999","6,999","6,999","1,999","0,999","8,999","77,4","31,2","24,999","9,999","5,999","1,999","45,0","60,4","6,999","5,999","3,999","32,1","19,999","10,999","0,999","5,999","2,999","5,999","1,999","7,999","10,999","52,999","0,999","20,1","0,999","8,999","0,999"
"1,999","7,999","2,999","2,999","0,999","33,3","14,999","8,999","1,999","1,999","0,999","3,999","2,999","1,999","82,0","0,999","18,999","0,999","2,999","2,999","8,999","8,999","4,999","2,999","0,999","6,999","4,999","1,999","11,999","4,999","2,999","12,999","5,999","74,999","27,999","22,999","0,999","16,999","4,999","12,999","8,999","9,999","0,999","0,999","86,4","0,999","0,999","11,999","0,999","1,999","20,999","13,999","1,999","7,999","5,999","1,999","29,1","4,999","13,999","25,0","18,4","4,999","9,999","0,999","48,999","0,999","73,999","0,999","0,999","3,999","0,999","0,999","80,999","8,999","3,999","9,999","26,2","11,999","6,999","3,999","26,1","12,1","11,999","1,999","6,999","20,999","8,999","6,999","2,999","0,999","10,999","1,999","2,999","0,999","1,999","0,999","1,999","0,999","4,999","1,999"
"3,999","0,999","55,1","27,999","2,999","81,2","0,999","8,999","26,999","2,999","0,999","5,999","2,999","3,999","74,999","18,999","28,0","0,999","21,2","2,999","3,999","1,999","26,3","5,999","8,999","22,3","2,999","0,999","1,999","6,999","59,3","2,999","5,999","1,999","5,999","7,999","23,0","21,999","34,999","0,999","2,999","5,999","4,999","9,999","1,999","0,999","56,3","20,3","35,4","14,999","4,999","0,999","8,999","0,999","3,999","0,999","10,999","2,999","1,999","6,999","0,999","5,999","0,999","12,999","0,999","0,999","2,999","0,999","2,999","19,3","1,999","51,999","1,999","8,999","7,999","7,999","19,999","6,999","5,999","21,999","2,999","4,999","10,999","1,999","1,999","68,999","31,2","1,999","14,999","6,999","17,4","3,999","75,999","131,999","1,999","2,999","11,999","26,999","4,999","41,4"
"95,4","22,999","7,999","3,999","6,999","43,999","5,999","10,999","0,999","1,999","1,999","13,999","1,999","8,999","3,999","0,999","5,999","4,999","0,999","17,999","1,999","5,999","34,999","15,999","3,999","6,999","1,999","45,999","1,999","0,999","1,999","9,999","47,2","5,999","4,999","8,999","18,0","1,999","37,999","8,999","2,999","9,999","4,999","8,999","1,999","43,0","4,999","2,999","0,999","4,999","3,999","68,3","5,999","22,3","29,0","6,999","28,999","0,999","2,999","23,999","7,999","31,4","70,999","3,999","4,999","36,3","11,999","4,999","1,999","5,999","10,999","6,999","0,999","83,3","87,0","22,999","0,999","0,999","44,999","70,999","5,999","0,999","50,999","1,999","45,0","7,999","5,999","20,0","32,999","8,999","44,999","1,999","6,999","1,999","1,999","3,999","59,999","0,999","25,999","56,0"
"5,999","3,999","2,999","32,3","4,999","6,999","21,4","0,999","30,999","3,999","0,999","10,999","4,999","2,999","0,999","80,999","4,999","34,999","12,999","2,999","18,999","8,999","1,999","11,999","0,999","0,999","17,999","0,999","1,999","1,999","0,999","17,1","5,999","55,3","19,0","2,999","0,999","12,999","29,999","12,999","0,999","4,999","23,4","9,0","3,999","35,999","6,999","6,999","7,999","7,999","77,999","3,999","8,999","21,2","0,999","24,999","0,999","1,999","23,999","1,999","4,999","0,999","3,999","3,999","4,999","17,999","0,999","0,999","0,999","3,999","1,999","2,999","2,999","28,2","35,2","0,999","3,999","0,999","7,999","2,999","2,999","4,999","2,999","3,999","1,999","2,999","6,999","0,999","1,999","2,999","0,999","19,4","0,999","3,999","1,999","2,999","5,999","3,999","6,999","21,999"
"1,999","4,999","1,999","20,999","6,999","11,999","2,999","13,999","22,999","5,999","71,999","15,4","1,999","6,999","3,999","75,0","51,3","11,999","29,999","4,999","17,999","4,999","3,999","11,1","3,999","0,999","23,2","0,999","0,999","0,999","23,999","3,999","23,999","64,999","0,999","1,999","79,999","1,999","70,999","3,999","0,999","25,999","0,999","40,999","5,999","27,3","8,999","8,999","37,1","0,999","1,999","8,999","39,999","0,999","12,999","16,999","37,2","19,999","5,999","0,999","1,999","3,999","0,999","10,999","5,999","10,999","29,4","2,999","6,999","12,0","13,999","12,999","22,999","5,999","4,999","22,4","4,999","35,999","73,3","0,999","12,999","18,999","2,999","15,999","48,999","0,999","0,999","3,999","0,999","3,999","4,999","0,999","10,999","20,1","4,999","1,999","2,999","0,999","81,999","28,999"
"1,999","13,999","0,999","10,999","5,999","29,0","0,999","21,1","7,999","2,999","0,999","5,999","3,999","3,999","5,999","3,999","25,999","26,4","27,999","0,999","9,999","0,999","15,999","1,999","1,999","7,999","1,999","30,999","1,999","74,2","0,999","1,999","19,0","0,999","0,999","0,999","0,999","12,999","0,999","0,999","2,999","61,999","30,999","18,0","1,999","9,999","2,999","1,999","12,999","14,999","5,999","3,999","0,999","2,999","9,999","0,999","9,999","21,999","37,1","8,999","14,999","54,2","3,999","24,3","0,999","23,2","3,999","0,999","4,999","13,999","40,4","6,999","0,999","51,999","2,999","8,999","66,999","0,999","2,999","8,999","3,999","44,3","1,999","26,999","1,999","70,0","12,999","5,999","1,999","1,999","14,999","23,999","2,999","18,999","6,999","4,999","3,999","0,999","4,999","7,999"
"0,999","10,999","0,999","9,999","36,999","36,4","7,999","12,999","12,999","24,999","0,999","3,999","0,999","13,999","43,999","3,999","2,999","45,999","43,1","9,4","59,2","6,999","35,0","0,999","9,3","5,999","34,4","7,999","45,999","1,999","6,999","0,999","30,999","4,999","7,999","1,999","11,999","2,999","0,999","3,999","4,999","1,999","62,999","6,999","1,999","32,0","0,999","3,999","0,999","25,999","1,999","48,999","0,999","1,999","23,4","10,4","0,999","38,999","18,999","5,999","21,4","2,999","7,999","1,999","16,999","12,999","0,999","3,999","0,999","0,999","2,999","3,999","2,999","24,999","32,4","0,999","16,999","27,999","0,999","1,999","20,999","50,999","3,999","99,999","3,999","5,999","13,999","0,999","0,999","3,999","3,999","6,999","67,2","12,999","2,999","24,4","0,999","7,999","4,999","5,999"
"5,999","0,999","14,999","6,999","1,999","22,4","0,999","79,999","0,999","1,999","6,999","23,999","6,999","16,0","8,999","0,999","1,999","26,3","11,999","11,999","15,999","2,999","42,999","1,999","34,999","10,999","9,999","16,999","2,999","17,999","3,999","8,999","17,999","29,3","0,999","61,3","0,999","4,999","0,999","22,999","1,999","1,999","1,999","1,999","15,999","13,1","0,999","19,999","2,999","0,999","72,2","30,999","5,999","28,2","2,999","32,0","0,999","6,999","0,999","9,999","2,999","9,999","3,999","0,999","25,2","17,999","14,999","2,999","12,999","56,1","1,999","0,999","6,999","107,3","1,999","2,999","21,999","0,999","51,999","4,999","0,999","45,3","0,999","2,999","4,999","1,999","4,999","5,999","4,999","22,0","8,999","7,999","1,999","0,999","18,999","0,999","0,999","2,999","4,999","5,999"
"18,999","4,999","70,999","3,999","5,999","1,999","32,999","0,999","0,999","67,2","0,999","2,999","1,999","3,0","53,2","15,3","36,999","83,0","12,999","4,999","6,999","7,999","9,999","11,999","14,1","43,999","4,999","0,999","33,0","0,999","25,999","0,999","10,999","4,999","40,999","2,999","3,999","8,999","1,999","3,999","3,999","31,999","1,999","0,999","3,999","2,999","5,999","1,999","5,999","5,999","5,999","0,999","18,999","1,999","5,999","2,999","58,999","1,999","1,999","2,999","49,999","28,999","9,999","3,999","7,999","2,999","6,999","10,999","36,4","6,999","11,999","36,0","30,2","6,999","3,999","1,999","3,999","7,999","56,2","26,999","13,999","39,1","6,999","55,999","0,999","1,999","17,999","0,999","22,999","26,999","0,999","12,999","3,999","4,999","7,999","15,999","14,999","3,999","0,999","20,999"
"21,999","20,2","1,999","24,999","1,999","50,999","0,999","0,999","26,999","12,999","22,999","45,999","33,1","1,999","3,999","0,999","5,999","0,999","0,999","4,999","0,999","6,999","158,999","2,999","11,999","6,999","1,999","0,999","12,999","7,999","16,999","3,999","25,999","1,999","3,999","11,999","22,999","48,999","3,999","6,999","52,3","7,999","44,999","23,999","0,999","2,999","24,3","3,999","1,999","54,999","3,999","1,999","0,999","7,999","2,999","4,999","3,999","21,999","50,1","41,4","0,999","26,999","4,999","1,999","0,999","2,999","4,999","7,999","15,999","6,999","6,999","20,999","28,999","9,2","17,999","3,999","5,999","3,999","0,999","13,999","9,999","5,999","19,999","0,999","0,999","8,999","1,999","0,999","4,999","3,999","3,999","1,999","42,1","15,999","43,2","0,999","24,999","1,999","11,999","4,999"
"3,999","33,999","5,999","66,2","0,999","4,999","2,999","3,999","0,999","4,999","7,999","33,999","4,999","5,999","1,999","2,999","5,999","30,999","3,999","2,999","5,999","11,999","1,999","12,1","9,999","12,999","13,999","12,999","65,4","17,999","1,999","28,0","3,999","28,1","4,999","9,999","7,999","0,999","24,3","0,999","31,2","1,999","24,999","6,999","6,999","0,999","5,999","7,999","7,999","32,999","12,999","6,999","0,999","33,4","0,999","11,999","20,999","0,999","3,999","2,999","1,999","4,999","3,999","12,999","2,999","3,999","15,999","0,999","30,999","4,999","3,999","24,0","14,999","21,999","1,999","15,999","3,999","30,999","42,999","5,999","4,999","46,999","9,999","27,1","2,999","14,3","6,999","38,999","6,999","2,999","9,999","0,999","31,999","3,999","5,999","0,999","0,999","2,999","21,999","0,999"
"2,999","8,999","12,999","13,0","5,4","1,999","5,999","1,999","11,999","2,999","6,999","23,999","5,999","5,999","2,999","15,999","1,999","86,1","95,999","14,999","0,999","11,999","18,999","72,0","38,4","11,999","1,999","0,999","0,999","29,4","5,4","7,999","0,999","17,999","0,999","0,999","4,999","108,999","0,999","8,2","34,999","1,999","7,999","25,999","1,999","57,999","15,4","16,999","29,0","2,999","58,1","15,999","2,999","3,999","15,999","0,999","48,999","55,999","4,999","9,999","0,999","2,999","45,4","2,999","15,999","2,999","0,999","78,999","20,999","9,999","4,999","78,3","13,3","16,4","1,999","15,999","0,999","4,999","0,999","1,999","1,999","7,999","35,3","0,999","1,999","1,999","3,999","6,999","0,999","1,999","1,999","0,999","0,999","44,3","26,2","10,999","36,999","29,2","3,999","0,999"
"4,999","0,999","1,999","12,999","0,999","17,999","0,999","0,999","38,2","5,999","10,999","86,2","4,999","0,999","7,999","45,999","1,999","3,999","7,999","0,999","4,999","8,999","7,999","1,999","15,999","0,999","2,999","6,999","4,2","2,999","1,999","17,999","1,999","1,999","5,999","5,999","1,999","7,999","17,999","10,999","1,999","35,4","5,999","0,999","2,999","6,999","29,999","0,999","6,999","3,999","1,999","56,1","22,3","83,0","1,999","132,999","29,3","0,999","28,999","20,999","0,999","116,4","5,999","7,999","0,999","0,999","28,3","0,999","19,999","22,2","3,999","0,999","2,999","9,999","0,999","28,999","1,999","70,1","8,999","28,999","2,999","18,4","4,999","36,999","38,999","4,999","2,999","4,999","3,999","11,999","34,999","10,999","35,999","35,4","97,1","8,3","14,999","23,999","9,999","10,999"
"60,0","66,999","2,999","29,999","44,2","3,999","2,999","27,999","4,999","4,999","2,999","0,999","2,999","35,999","2,999","6,999","0,999","0,999","13,999","5,999","27,999","1,999","10,1","11,999","56,999","0,999","3,999","10,999","15,999","0,999","1,999","0,999","24,1","3,999","4,999","7,3","13,999","6,999","2,999","21,999","33,0","21,2","0,999","0,999","3,999","3,999","2,999","87,999","36,999","7,999","7,999","2,999","0,999","10,999","0,999","18,999","8,999","6,999","8,999","31,999","7,999","0,999","2,999","6,999","2,999","2,999","31,4","31,3","17,999","71,2","12,999","0,999","30,1","7,999","1,999","0,999","23,999","1,999","1,999","74,2","0,999","8,999","12,999","0,999","22,2","10,999","8,999","7,999","7,999","1,999","1,999","30,999","5,2","39,999","4,999","14,999","2,999","7,999","13,999","2,999"
"9,999","19,999","28,999","4,999","4,999","11,0","4,999","39,2","1,999","4,999","21,2","2,999","14,999","16,999","10,999","2,999","0,999","0,999","27,1","0,999","4,999","27,999","1,999","18,4","11,999","0,999","3,999","1,999","21,999","29,999","14,999","47,999","7,999","28,1","22,0","2,999","0,999","1,999","7,999","25,999","53,4","2,999","0,999","26,999","33,3","7,999","44,999","8,999","14,999","23,999","4,999","29,999","29,0","13,999","0,999","1,999","4,999","0,999","1,999","21,999","0,999","6,999","3,999","1,999","0,999","21,3","1,999","18,999","1,999","1,999","49,0","3,999","1,999","1,999","0,999","1,999","72,3","3,999","1,999","13,999","49,999","33,4","10,999","0,999","9,999","2,999","18,2","0,999","5,999","10,999","5,999","14,999","23,2","4,999","1,999","2,999","2,999","29,999","10,999","1,999"
"0,999","13,999","0,999","1,999","0,999","2,999","1,999","0,999","1,999","0,999","3,999","1,999","45,0","2,999","8,999","0,999","18,3","83,3","30,999","6,999","12,999","8,999","4,999","23,3","7,999","21,999","11,999","46,0","58,999","12,999","0,999","8,999","19,999","62,2","1,999","5,999","4,999","7,999","4,999","14,999","53,999","2,999","26,999","29,999","0,999","1,999","3,999","14,999","4,999","1,999","10,999","16,999","18,4","16,999","5,999","39,0","1,999","6,999","7,999","6,999","7,999","10,999","2,999","0,999","19,2","15,999","12,3","1,999","1,999","1,999","1,999","1,999","4,999","4,999","77,4","1,999","1,999","17,999","0,999","11,999","0,999","0,999","0,999","10,999","4,999","50,1","0,999","8,999","7,999","3,999","10,999","41,999","0,999","26,999","1,999","3,999","1,999","0,999","40,999","11,999"
"4,999","11,999","25,999","15,999","27,999","38,3","9,999","7,999","20,999","1,999","5,999","24,999","34,999","43,999","3,999","15,999","1,999","2,999","1,999","1,999","0,999","4,999","0,999","3,999","2,999","26,2","24,999","0,999","1,999","6,999","8,999","5,999","0,999","0,999","27,0","6,999","31,2","14,2","13,999","4,999","0,999","28,3","11,999","10,999","0,999","15,2","12,999","24,4","2,999","0,999","16,999","4,999","2,999","10,999","96,1","47,999","0,999","0,999","11,999","11,999","0,999","0,999","4,999","19,2","4,999","33,0","8,999","0,999","0,999","3,999","8,999","2,999","2,999","0,999","1,999","2,999","3,999","2,999","2,999","11,999","1,999","77,999","23,999","13,999","5,999","15,999","5,999","1,999","2,999","2,999","0,999","1,999","3,999","8,3","1,999","0,999","1,999","0,999","2,999","71,999"
"0,999","29,999","31,999","1,999","24,999","1,999","3,999","7,999","6,999","2,999","0,999","0,999","1,999","30,3","29,2","14,999","5,999","1,999","1,999","39,999","0,999","15,999","1,999","24,999","4,999","6,999","6,999","2,999","10,999","61,999","9,999","44,2","10,999","57,0","4,999","1,999","0,999","29,4","1,999","42,999","0,999","2,999","0,999","10,999","17,1","6,999","7,999","33,2","5,999","8,999","27,1","0,999","1,999","3,999","10,999","0,999","5,999","0,999","1,999","43,999","52,0","0,999","6,999","89,999","1,999","1,999","0,999","1,999","3,999","20,3","1,999","1,999","96,999","9,999","1,999","8,999","25,999","1,999","4,999","108,999","2,999","0,999","0,999","0,999","28,999","0,999","1,999","7,999","2,999","22,1","0,999","4,999","3,999","2,999","5,3","23,999","0,999","20,999","16,999","16,999"
"4,999","33,999","3,999","1,999","0,999","4,999","6,999","17,999","2,999","5,999","1,999","59,2","20,999","8,999","2,999","18,999","6,999","5,999","7,999","31,0","3,999","60,3","2,999","3,999","8,999","7,999","13,999","23,999","1,999","4,999","31,1","16,999","4,999","24,999","0,999","0,999","24,999","17,1","26,999","4,999","8,999","96,2","2,999","4,999","33,999","3,999","14,0","47,2","20,999","8,999","43,1","9,999","2,999","14,2","2,999","12,999","0,999","3,999","0,999","19,999","6,999","6,3","4,999","6,999","0,999","3,999","14,2","82,999","35,999","1,999","6,999","0,999","10,999","41,999","5,999","16,3","2,999","4,999","0,999","2,999","38,999","2,999","2,999","2,999","1,999","3,999","5,999","0,999","2,999","4,999","40,2","36,2","42,999","6,999","0,999","2,999","34,1","40,3","1,999","1,999"
"38,999","3,999","19,999","60,999","6,999","34,999","5,999","1,999","1,999","0,999","1,999","1,999","1,999","3,999","2,999","39,999","1,999","44,999","1,999","6,999","66,2","9,999","0,999","29,1","7,999","2,999","41,2","0,999","1,999","6,999","0,999","0,999","11,999","15,999","14,999","1,999","46,999","13,999","0,999","17,4","31,999","3,999","0,999","3,999","4,999","60,1","33,4","7,999","2,999","28,999","0,999","10,999","0,999","0,999","11,999","3,999","8,999","3,999","77,999","31,999","23,0","2,999","9,999","10,999","3,999","29,999","2,999","12,999","1,999","0,999","4,999","5,999","8,999","5,999","12,999","7,999","1,999","18,2","11,999","2,999","2,999","43,2","22,999","6,999","2,999","24,2","13,999","23,2","44,999","0,999","44,4","11,999","1,999","3,999","0,999","3,999","12,4","0,999","25,999","0,999"
"0,999","17,999","9,999","7,999","10,999","5,999","58,0","15,999","15,999","17,999","0,999","1,999","38,1","32,1","17,999","15,999","1,999","5,999","0,999","7,999","4,999","21,999","4,999","88,2","1,999","1,999","24,999","2,999","21,999","41,999","31,999","108,999","0,999","30,999","0,999","3,999","1,999","7,999","2,999","1,999","12,999","25,999","2,999","8,999","32,999","72,999","2,999","9,999","28,4","40,999","0,999","0,999","67,999","9,999","1,999","21,999","1,999","6,999","9,999","0,999","15,999","24,999","1,999","0,999","0,999","0,999","3,999","29,999","30,4","52,999","16,999","1,999","3,999","5,999","0,999","1,999","20,999","0,999","2,999","9,999","6,4","4,999","4,999","3,999","48,999","7,999","110,2","7,999","4,999","2,999","4,999","5,999","2,999","14,3","19,999","1,999","17,999","2,999","11,999","11,999"
"5,999","3,999","76,0","9,999","3,999","0,999","4,999","61,999","2,999","0,999","19,2","1,999","0,999","4,999","0,999","22,999","13,999","1,999","1,999","7,999","3,999","0,999","2,999","7,999","8,999","4,999","33,3","4,999","2,999","26,999","14,999","1,999","24,4","12,999","0,999","43,2","2,999","23,999","0,999","0,999","77,999","3,999","0,999","10,999","4,999","29,3","6,999","6,999","27,999","21,999","23,999","3,999","0,999","1,999","16,1","0,999","4,999","0,999","1,999","1,999","8,999","4,999","2,999","2,999","20,999","36,0","3,999","2,999","14,999","1,999","30,2","6,999","31,4","10,999","41,0","2,999","6,999","0,999","26,999","0,999","11,999","7,999","16,1","3,999","16,4","59,999","11,999","51,0","21,0","3,999","0,999","0,999","31,2","17,999","28,999","0,999","62,999","32,999","25,0","7,999"
"1,999","2,999","15,2","7,999","4,999","5,999","1,999","4,999","1,999","35,4","8,999","0,999","45,999","2,999","6,999","6,999","4,999","34,999","6,999","35,3","8,999","3,999","18,2","15,999","4,999","8,999","0,999","0,999","2,999","3,999","1,999","49,1","21,999","10,999","1,999","21,999","8,999","25,999","5,999","0,999","0,999","0,999","0,999","25,999","21,999","167,2","3,999","50,999","0,999","44,999","0,999","0,999","8,999","9,999","1,999","24,999","2,999","15,999","7,999","54,999","9,999","1,999","12,999","4,999","3,999","12,4","1,999","4,999","12,999","34,999","19,999","14,999","33,1","0,999","25,999","11,999","4,999","45,999","0,999","37,3","4,999","0,999","2,999","1,999","194,4","37,999","8,999","13,999","2,999","22,0","15,999","0,999","73,999","8,999","14,999","0,999","18,999","0,999","1,999","14,999"
"1,999","12,999","5,999","0,999","2,999","6,999","11,999","25,3","2,999","0,999","35,999","0,999","6,999","29,999","5,999","10,999","16,999","4,999","97,0","5,999","4,999","16,999","15,999","7,999","6,999","0,999","7,999","5,999","0,999","0,999","19,1","0,999","0,999","9,999","2,999","2,999","37,3","30,4","1,999","24,0","49,999","1,999","12,999","3,999","0,999","41,2","14,999","0,999","9,999","25,999","21,999","0,999","11,1","66,3","2,999","1,999","20,999","0,999","4,999","6,999","4,999","10,999","14,999","16,999","1,999","3,999","2,999","1,999","2,999","3,999","1,999","28,2","64,0","13,999","0,999","1,999","0,999","0,999","17,999","6,999","13,999","21,0","3,999","1,999","2,999","0,999","1,999","2,999","4,999","40,0","7,999","3,999","2,999","3,999","9,999","1,999","20,999","57,4","24,3","71,2"
"13,999","21,0","4,999","11,999","0,999","0,999","1,999","15,999","0,999","2,999","1,999","3,999","0,999","4,999","6,999","13,999","10,999","3,999","4,999","13,999","0,999","3,999","2,999","21,2","0,999","10,999","0,999","11,999","2,999","0,999","26,2","6,999","4,999","6,999","29,999","19,999","0,999","19,999","46,2","0,999","13,999","15,999","0,999","7,999","24,999","2,999","6,999","0,999","63,3","0,999","59,999","0,999","8,999","3,999","3,999","4,999","1,999","23,999","1,999","0,999","41,999","1,999","0,999","0,999","8,999","3,999","15,999","4,999","36,999","2,999","12,0","7,999","0,999","14,999","3,999","56,999","23,1","3,999","13,999","17,999","5,999","3,999","3,999","11,999","38,4","9,999","5,999","1,999","0,999","0,999","8,999","11,999","2,999","40,1","1,999","2,999","38,4","5,999","3,999","23,1"
"0,999","17,999","16,999","23,999","26,999","0,999","2,999","0,999","21,4","1,999","29,1","1,999","34,2","35,2","0,999","15,999","4,999","1,999","1,999","2,999","16,999","1,999","1,999","2,999","2,999","16,1","7,999","2,999","79,999","1,999","2,999","3,999","9,999","42,999","1,999","3,999","17,999","12,999","6,999","4,999","40,999","2,999","2,999","21,4","42,999","2,999","20,4","6,999","0,999","3,999","0,999","9,999","2,999","0,999","1,999","18,999","14,999","2,999","5,999","9,999","23,999","2,999","3,999","0,999","0,999","31,999","2,999","8,999","0,999","1,999","24,999","2,999","0,999","0,999","7,999","6,999","1,999","1,999","0,999","2,999","9,2","0,999","6,999","2,999","22,4","2,999","28,999","0,999","1,999","10,999","3,999","3,999","5,999","0,999","6,0","0,999","2,999","18,999","1,999","4,999"
"2,999","13,999","4,999","4,999","0,999","13,999","3,999","7,2","19,999","3,999","7,999","2,999","5,999","24,999","51,999","5,999","1,999","2,999","39,999","1,999","2,999","11,999","0,999","50,999","2,999","0,999","0,999","0,999","13,0","1,999","51,2","5,999","0,999","53,999","2,999","52,999","1,999","0,999","22,999","0,999","3,999","2,999","13,999","2,999","0,999","5,0","36,999","0,999","2,999","3,999","17,999","17,999","32,999","1,999","48,999","138,999","8,2","9,999","7,999","4,999","0,999","5,999","13,999","1,999","2,999","0,999","0,999","3,999","0,999","1,999","1,999","11,999","0,999","2,999","4,999","1,999","8,999","9,999","2,999","9,999","5,999","0,999","7,999","0,999","0,999","4,999","3,999","3,999","43,1","85,4","11,999","1,999","0,999","3,999","0,999","2,999","0,999","28,999","4,999","0,999"
"44,999","10,999","0,999","16,999","1,999","4,999","16,999","1,999","6,999","2,999","4,999","0,999","1,999","0,999","1,999","8,999","7,999","2,999","17,2","4,999","3,999","52,999","0,999","9,999","11,2","0,999","6,999","21,999","1,999","23,999","9,999","5,999","0,999","0,999","29,999","5,999","0,999","1,999","3,999","23,1","1,999","13,999","1,999","12,999","31,999","1,999","0,999","0,999","25,999","4,999","1,999","3,999","0,999","0,999","40,1","34,3","0,999","15,3","1,999","6,999","7,999","45,999","7,999","21,999","22,999","5,999","0,999","1,999","9,999","12,999","7,999","5,999","2,999","5,999","4,999","0,999","1,999","40,999","1,999","0,999","5,999","2,999","1,999","2,999","2,999","25,999","3,999","57,2","4,999","5,999","28,3","9,999","0,999","2,999","43,1","5,999","5,999","3,999","7,999","9,999"
"47,0","0,999","4,999","32,999","2,999","0,999","1,999","0,999","20,1","0,999","2,999","10,999","9,999","0,999","7,999","5,999","1,999","0,999","11,999","1,999","4,999","0,999","37,999","1,999","25,999","6,999","1,999","50,3","8,999","46,999","0,999","15,999","0,999","9,999","1,999","25,999","6,999","81,999","50,4","36,999","4,999","4,999","26,999","5,999","10,999","9,999","14,999","8,999","0,999","14,0","5,999","1,999","4,999","0,999","0,999","4,999","6,999","5,999","3,999","15,999","4,999","19,999","8,999","12,999","0,999","1,999","3,999","4,999","0,999","13,999","0,999","3,999","110,999","63,3","0,999","5,999","2,999","1,999","0,999","1,999","65,999","0,999","4,999","0,999","0,999","93,1","4,999","6,999","24,999","3,999","4,999","3,999","1,999","11,2","6,999","0,999","0,999","1,999","1,999","0,999"
"19,999","1,999","8,999","35,999","3,999","13,4","20,3","1,999","4,999","0,999","38,999","5,999","8,999","27,999","11,999","3,999","1,999","0,999","0,999","27,1","9,999","5,999","32,999","1,999","2,999","20,0","1,999","10,999","1,999","1,999","0,999","5,999","2,999","45,0","5,999","14,999","26,999","15,999","5,999","2,999","9,999","0,999","68,2","0,999","45,999","9,999","2,999","30,0","4,999","1,999","5,999","51,999","0,999","2,999","0,999","8,999","12,999","5,999","2,999","3,999","37,999","1,999","15,999","46,2","4,999","41,4","18,3","3,999","121,2","1,999","67,1","2,999","16,999","9,999","17,0","13,999","0,999","94,999","1,999","17,999","0,999","75,1","3,999","17,999","7,999","4,999","3,999","1,999","12,999","3,999","9,999","0,999","0,999","2,999","22,999","1,999","0,999","46,1","71,3","23,3"
"0,999","4,999","3,999","20,999","2,999","13,4","2,999","12,999","0,999","2,999","1,999","14,3","5,999","0,999","2,999","18,1","9,999","0,999","37,999","18,999","1,999","2,999","5,999","23,999","15,999","1,999","1,999","10,999","100,4","11,999","2,999","25,0","15,999","3,999","11,4","2,999","11,999","4,999","1,999","11,999","11,999","0,999","13,999","14,999","21,999","2,999","8,999","13,999","12,999","5,999","2,999","57,999","8,999","3,999","15,999","46,0","0,999","22,999","12,999","4,999","7,999","0,999","7,999","15,999","0,999","9,999","37,0","44,2","19,0","80,4","3,999","4,999","3,999","3,999","15,999","12,999","0,999","5,999","49,999","6,999","0,999","17,999","27,999","33,999","2,999","9,999","0,999","69,999","0,999","75,999","23,999","5,999","30,999","4,999","3,999","0,999","13,999","69,999","26,999","0,999"
"5,999","2,999","3,999","22,999","13,999","9,999","9,999","3,999","15,999","0,999","134,0","2,999","6,999","29,999","7,999","29,999","0,999","0,999","4,999","0,999","37,2","11,999","4,999","0,999","6,999","0,999","0,999","13,999","1,999","18,4","17,999","7,999","69,999","2,999","7,999","41,999","11,999","0,999","43,2","8,999","2,999","2,999","2,999","10,999","1,999","4,999","46,2","40,3","2,999","7,999","7,999","1,999","3,999","4,999","0,999","4,999","1,999","13,1","4,999","20,999","8,999","27,999","2,999","4,999","1,999","21,999","75,999","7,999","4,999","2,999","3,999","14,999","0,999","2,999","25,999","1,999","26,1","12,999","1,999","17,999","29,0","1,999","81,2","19,999","1,999","0,999","53,999","20,999","53,999","6,999","61,4","4,999","1,999","44,1","46,2","60,4","0,999","1,999","7,999","30,999"
"5,999","2,999","16,999","43,1","1,999","2,999","1,999","82,0","44,999","11,999","37,0","132,999","61,1","27,4","2,999","0,999","17,999","15,999","0,999","14,999","19,999","3,999","15,999","2,999","0,999","3,999","10,999","1,999","9,999","36,999","22,999","5,999","2,999","5,999","22,999","13,999","7,999","4,999","9,999","2,999","4,999","2,999","78,0","3,999","23,1","2,999","2,999","3,999","7,999","3,999","30,2","4,999","0,999","3,999","0,999","5,999","12,1","0,999","5,999","6,999","11,999","0,999","2,999","44,3","29,4","0,999","38,4","1,999","11,999","26,4","2,999","2,999","11,999","19,999","0,999","2,999","19,999","1,999","0,999","29,0","6,999","24,3","1,999","4,999","24,1","12,999","1,999","2,999","8,999","4,999","23,3","6,999","81,4","31,999","0,999","10,999","7,999","1,999","0,999","27,3"
"1,999","28,999","75,4","5,999","1,999","4,999","0,999","0,999","1,999","49,0","0,999","14,999","0,999","3,999","1,999","0,999","85,2","13,999","4,999","3,999","4,999","5,999","5,999","6,999","0,999","0,999","0,999","2,999","59,999","3,999","1,999","9,999","22,999","0,999","1,999","4,999","6,999","15,999","6,999","1,999","2,999","7,999","4,999","5,999","0,999","25,4","5,999","5,999","10,999","2,999","41,999","39,999","7,999","13,999","3,999","4,999","10,999","5,999","7,999","23,2","13,1","4,999","19,4","5,999","4,999","7,999","15,999","4,999","38,999","0,999","64,999","36,3","8,999","22,999","3,999","18,999","20,999","1,999","2,999","27,999","1,999","6,999","90,999","5,999","50,2","0,999","15,999","15,999","2,999","0,999","63,999","26,999","1,999","58,4","1,999","6,999","28,3","57,999","9,999","3,999"
"30,999","9,999","11,999","41,999","40,999","6,999","0,999","49,999","29,999","47,999","23,999","37,3","2,999","3,999","28,2","11,999","4,999","4,999","2,999","6,999","6,999","0,999","2,999","1,999","1,999","4,999","0,999","7,999","2,999","24,999","3,999","14,2","1,999","0,999","49,999","5,999","5,999","7,999","21,0","5,999","13,999","33,999","3,999","9,999","40,999","18,999","0,999","2,999","0,999","33,999","1,999","1,999","4,999","4,999","5,999","12,999","0,999","2,999","5,999","42,999","6,999","2,999","0,999","1,999","12,999","4,999","19,999","2,999","4,999","0,999","2,999","0,999","7,999","11,999","6,999","8,999","14,0","0,999","1,999","2,999","1,999","35,0","16,1","12,999","0,999","73,3","5,999","4,999","31,999","1,999","2,999","24,999","2,999","4,999","27,999","14,999","13,999","1,999","0,999","13,999"
"0,999","10,999","11,999","56,0","0,999","9,999","3,999","35,999","17,999","34,999","10,999","0,999","2,999","44,999","10,999","1,999","6,999","53,2","7,999","9,999","4,999","50,999","22,999","72,999","1,999","26,999","0,999","4,999","7,999","69,999","10,999","6,999","3,999","30,999","3,999","20,999","0,999","71,1","40,999","3,999","34,999","1,999","8,999","2,999","10,0","24,999","69,0","0,999","0,999","12,999","16,999","22,0","140,2","81,999","29,4","0,999","16,999","1,999","24,0","0,999","1,999","105,999","11,999","2,999","12,4","3,999","14,1","0,999","53,999","39,4","45,999","2,999","4,999","6,999","3,999","3,999","50,999","32,4","4,999","68,999","27,999","4,999","4,2","0,999","35,4","0,999","20,1","15,999","4,999","0,999","17,999","0,999","6,999","0,999","9,999","8,999","2,999","16,999","3,999","18,4"
"112,0","4,999","10,999","1,999","2,999","9,999","13,999","8,999","0,999","1,999","4,999","38,2","5,999","3,999","89,4","13,999","8,999","0,999","5,999","0,999","3,999","0,999","6,999","3,999","1,999","0,999","0,999","0,999","7,999","3,999","0,999","1,999","3,999","6,999","12,999","5,999","15,4","0,999","2,999","16,999","12,999","7,999","0,999","0,999","12,4","0,999","0,999","6,999","30,2","0,999","2,999","16,999","0,999","29,0","3,999","0,999","0,999","0,999","0,999","0,999","0,999","18,999","1,999","12,999","11,999","0,999","25,999","11,999","3,999","0,999","3,999","27,999","21,999","11,999","8,999","19,999","51,999","15,999","4,999","0,999","3,999","26,1","40,3","3,999","61,4","46,999","1,999","3,999","1,999","2,999","24,999","10,999","8,999","4,999","0,999","6,999","26,0","0,999","24,3","10,999"
"5,999","4,999","6,999","4,999","17,999","0,999","0,999","17,1","3,999","27,0","4,999","80,999","7,999","1,999","1,999","13,999","3,999","10,999","1,999","1,999","1,999","11,999","6,999","0,999","12,4","1,999","2,999","2,999","11,999","0,999","3,999","62,0","2,999","9,999","44,2","1,999","1,999","1,999","1,999","44,0","24,999","2,999","40,2","0,999","2,999","2,999","1,999","28,4","3,999","6,999","2,999","8,999","7,999","0,999","6,999","0,999","5,999","7,3","21,999","5,999","4,999","7,999","0,999","0,999","18,999","28,0","6,999","10,999","69,999","59,3","50,1","21,999","51,999","1,999","1,999","0,999","3,999","3,999","75,999","5,999","2,999","36,0","5,999","0,999","8,999","2,999","14,999","18,999","1,999","5,999","0,999","6,999","2,999","61,4","6,999","0,999","21,999","39,2","4,999","10,999"
"45,2","41,999","2,999","11,999","5,999","5,999","1,999","1,999","21,999","2,999","2,999","1,999","0,999","9,999","2,999","0,999","8,999","5,999","0,999","1,999","10,999","26,4","18,999","17,999","0,999","12,999","9,999","3,999","23,999","5,999","8,999","7,999","32,0","6,999","40,999","7,999","33,999","6,999","7,999","50,0","2,999","11,999","3,999","58,999","4,999","34,4","0,999","67,999","59,0","9,999","69,999","43,1","2,999","3,999","0,999","5,999","0,999","35,999","2,999","0,999","0,999","0,999","36,0","62,999","10,999","12,999","0,999","2,999","32,999","7,4","24,999","3,999","6,999","22,2","9,999","4,999","3,999","3,999","0,999","2,999","1,999","3,999","50,999","56,0","24,999","13,999","12,999","9,999","3,999","2,999","55,999","11,999","15,999","0,999","5,999","0,999","0,999","1,999","29,999","0,999"
"1,999","45,2","0,999","1,999","5,999","4,999","10,999","11,1","5,999","54,1","33,4","5,999","4,999","8,999","2,999","12,999","2,999","2,999","8,999","3,999","19,999","0,999","1,999","95,999","3,999","20,999","3,999","25,4","2,999","11,999","3,999","2,999","13,4","58,0","49,999","1,999","1,999","7,999","46,4","18,3","2,999","1,999","9,999","3,999","11,0","2,999","17,999","0,999","0,999","0,999","1,999","40,2","15,999","141,0","0,999","36,1","2,999","12,999","2,999","6,999","4,999","13,3","0,999","18,999","0,999","27,999","1,999","4,999","0,999","2,999","2,999","0,999","2,999","15,2","27,4","20,999","1,999","0,999","0,999","0,999","0,999","5,999","6,999","11,999","0,999","18,999","9,999","5,999","3,999","5,2","39,2","6,999","3,999","0,999","3,999","0,999","2,999","5,999","77,999","6,999"
"9,999","4,999","1,999","50,0","1,999","1,999","4,999","0,999","4,999","2,999","17,2","0,999","10,999","3,999","4,999","2,999","0,999","7,999","5,999","14,999","0,999","3,999","53,4","11,999","0,999","10,999","107,999","2,999","4,999","0,999","0,999","5,999","4,999","2,999","24,999","62,999","0,999","2,999","36,3","8,999","0,999","30,999","11,0","2,999","6,999","21,999","0,999","1,999","0,999","31,999","1,999","5,999","0,999","2,999","3,999","9,999","16,999","1,999","0,999","28,999","5,999","10,999","25,999","10,999","55,3","44,1","3,999","3,999","0,999","5,999","30,4","6,999","25,999","54,1","2,999","0,999","38,1","48,999","25,3","0,999","3,999","3,999","13,999","0,999","6,999","14,4","2,999","3,999","2,999","6,999","0,999","9,999","0,999","5,999","54,2","6,999","48,999","3,999","1,999","1,999"
"1,999","3,999","3,999","0,999","0,999","20,4","0,999","1,999","8,999","5,999","81,0","5,999","0,999","1,999","13,999","3,999","0,999","0,999","3,999","2,999","20,999","2,999","1,999","3,999","0,999","6,999","32,1","5,999","6,999","1,999","13,999","14,999","33,999","1,999","9,999","0,999","0,999","5,999","2,999","3,999","47,0","6,999","11,999","1,999","2,999","0,999","7,999","102,0","2,999","0,999","0,999","32,999","6,999","24,1","12,1","0,999","4,999","3,999","2,999","0,999","3,999","4,999","3,999","0,999","2,999","2,999","13,0","13,999","7,999","3,999","8,999","1,999","5,999","12,999","0,999","18,999","3,999","0,999","1,999","6,999","51,999","7,999","17,999","0,999","5,999","12,999","5,999","0,999","1,999","2,999","39,999","0,999","0,999","27,999","24,999","7,999","7,999","1,999","6,999","11,999"
"41,1","0,999","0,999","1,999","0,999","1,999","4,999","7,999","22,0","1,999","0,999","2,999","2,999","3,999","0,999","2,999","0,999","0,999","1,999","10,999","17,999","0,999","50,4","47,0","35,0","9,999","2,999","35,999","5,999","41,999","6,999","26,999","2,999","5,999","5,999","4,999","3,999","11,999","19,999","0,999","21,999","47,2","1,999","2,999","4,999","0,999","0,999","19,999","2,999","2,999","0,999","0,999","1,999","1,999","5,999","7,999","13,999","2,999","0,999","54,999","24,999","0,999","0,999","5,999","0,999","3,999","9,999","80,999","2,999","2,999","5,999","3,999","2,999","44,1","5,999","0,999","36,999","2,999","3,999","3,999","38,4","8,999","1,999","0,999","12,999","52,999","1,999","5,999","1,999","8,999","3,999","5,999","4,999","16,999","2,999","5,999","2,999","2,999","9,999","1,999"
"0,999","0,999","32,999","26,999","2,999","31,999","9,999","5,999","0,999","2,999","1,999","9,999","57,999","0,999","13,999","5,999","2,999","1,999","7,999","9,999","8,999","4,999","13,999","9,3","0,999","56,999","36,999","5,999","46,3","4,999","0,999","0,999","6,999","1,999","44,2","11,999","10,999","31,999","2,999","5,999","10,999","2,999","2,999","25,1","0,999","0,999","2,999","42,999","1,999","1,999","112,999","3,999","20,999","5,999","1,999","16,999","28,999","3,999","2,999","2,999","50,3","13,999","27,999","14,999","33,1","10,999","7,999","71,999","69,999","0,999","10,999","103,999","4,999","7,999","6,2","5,999","17,999","40,2","18,1","13,999","0,999","1,999","83,0","3,999","7,999","4,999","11,999","15,999","20,999","25,1","0,999","9,999","1,999","86,999","0,999","19,999","13,999","8,999","1,999","6,999"
"1,999","116,1","3,999","2,999","0,999","2,999","8,2","51,999","0,999","56,999","8,999","58,0","0,999","16,999","2,999","0,999","17,999","0,999","0,999","12,999","0,999","17,999","0,999","10,999","98,1","24,0","2,999","0,999","9,999","6,999","0,999","1,999","3,999","10,999","0,999","8,999","70,999","0,999","5,999","38,1","3,999","3,999","2,999","5,999","2,999","64,2","0,999","4,999","2,999","0,999","11,999","70,999","2,999","46,0","4,999","14,999","1,999","37,999","18,999","1,999","38,0","2,999","3,999","49,999","63,4","34,999","19,999","3,999","6,999","0,999","0,999","0,999","13,999","0,999","0,999","2,999","6,999","2,999","0,999","0,999","1,999","3,999","12,999","1,999","1,999","1,999","11,999","10,999","32,4","1,999","0,999","1,999","2,999","0,999","1,999","6,999","1,999","0,999","35,999","1,999"
"1,999","6,999","4,999","15,3","4,999","4,999","7,999","1,999","2,999","0,999","66,999","16,999","5,999","6,999","0,999","0,999","4,999","1,999","13,3","25,999","64,3","30,999","6,999","44,0","5,999","2,999","37,4","16,999","10,999","0,999","2,999","0,999","12,999","2,999","1,999","17,999","3,999","2,999","3,999","8,999","0,999","2,999","10,999","0,999","22,999","86,999","20,999","1,999","30,999","4,999","32,999","1,999","17,999","22,999","9,999","1,999","35,999","6,999","25,999","4,999","6,999","1,999","12,999","1,999","4,999","0,999","13,999","20,4","4,999","43,1","4,999","3,999","63,999","48,1","2,999","0,999","0,999","21,1","37,999","1,999","0,999","33,999","133,1","2,999","3,999","1,999","23,999","0,999","36,3","6,999","11,999","16,999","1,999","11,999","82,999","41,999","1,999","2,999","26,4","0,999"
"0,999","55,999","3,999","63,999","11,999","0,999","29,999","1,999","1,999","0,999","25,999","0,999","1,999","0,999","5,999","2,999","57,3","4,999","19,999","39,3","12,999","25,999","34,999","2,999","6,999","3,999","0,999","28,0","0,999","4,999","30,0","8,999","1,999","2,999","2,999","0,999","6,999","10,999","5,999","0,999","0,999","1,999","5,999","39,999","31,3","6,999","2,999","16,999","17,0","1,999","3,999","0,999","2,999","2,999","2,999","1,999","0,999","14,999","11,999","0,999","31,999","0,999","4,999","0,999","1,999","2,999","48,999","10,999","9,999","34,999","4,999","28,999","9,999","67,999","51,999","6,999","8,999","6,999","2,999","18,999","14,999","2,999","18,999","23,2","16,999","1,999","31,999","59,999","1,999","13,999","2,999","20,999","1,999","33,1","0,999","3,999","63,999","0,999","55,4","1,999"
"12,999","34,1","0,999","2,999","5,999","80,999","0,999","0,999","34,999","3,999","56,999","8,999","3,999","1,999","34,999","6,999","0,999","15,1","21,999","3,999","6,999","127,2","32,0","16,999","2,999","1,999","3,999","0,999","0,999","2,999","63,4","5,999","74,3","2,999","15,999","14,999","12,2","2,999","1,999","1,999","64,2","77,999","2,999","15,4","7,999","0,999","32,2","0,999","0,999","0,999","1,999","75,3","1,999","22,999","4,999","119,4","22,999","23,999","9,999","3,999","1,999","0,999","11,999","33,2","43,999","3,999","4,999","3,999","4,999","20,999","38,1","11,999","10,999","22,4","11,999","10,999","23,0","7,999","0,999","0,999","28,999","22,999","1,999","0,999","112,3","3,999","17,2","5,999","6,999","16,999","0,999","4,999","3,999","68,1","12,999","2,999","3,999","42,3","4,999","40,999"
"0,999","3,999","82,4","20,999","0,999","36,999","47,999","7,999","1,999","1,999","25,999","22,1","24,999","8,999","0,999","34,999","0,999","11,999","25,2","9,999","2,999","3,999","2,999","1,999","29,3","1,999","0,999","4,999","4,999","7,999","15,2","2,999","4,999","5,999","6,999","2,999","4,999","16,999","0,999","9,999","5,999","13,999","18,999","53,999","10,999","0,999","2,999","0,999","5,999","12,999","2,999","1,999","6,999","3,999","0,999","2,999","0,999","18,1","73,0","15,999","30,999","64,999","0,999","1,999","16,1","9,999","7,999","2,999","0,999","4,999","2,999","2,999","0,999","33,3","9,999","0,999","7,999","19,999","15,0","0,999","3,999","3,999","0,999","2,999","0,999","0,999","0,999","76,4","1,999","9,999","27,999","18,999","13,0","1,999","77,4","3,999","24,999","21,1","1,999","0,999"
"4,999","18,0","55,999","2,999","7,999","16,999","3,999","89,999","0,999","6,999","2,999","3,999","0,999","12,999","4,999","6,999","7,999","2,999","14,999","3,999","2,999","3,999","4,999","4,999","1,999","25,999","0,999","10,999","61,4","4,999","0,999","55,999","0,999","47,999","14,999","5,999","2,999","12,999","0,999","21,999","15,999","4,999","20,999","2,999","1,999","1,999","1,999","55,999","1,999","45,999","16,999","0,999","49,4","29,999","2,999","13,999","6,999","5,999","11,999","4,999","1,999","3,999","1,999","68,999","1,999","6,999","6,999","8,4","2,999","10,999","5,999","1,999","34,999","2,999","54,999","49,3","0,999","7,999","0,999","35,0","12,999","28,999","4,999","35,999","0,999","67,999","1,999","18,999","4,999","40,2","6,999","16,999","22,2","13,999","85,3","31,3","6,999","0,999","1,999","17,999"
"0,999","0,999","0,999","28,3","4,999","44,999","64,0","28,1","27,4","27,3","7,999","2,999","3,999","5,999","18,0","1,999","0,999","6,999","2,999","51,999","1,999","0,999","6,999","0,999","3,999","0,999","5,999","4,999","5,999","2,999","6,999","2,999","3,999","1,999","1,999","57,999","22,999","3,999","14,999","3,999","8,999","0,999","1,999","15,999","1,999","0,999","6,999","2,999","18,999","1,999","1,999","24,999","5,999","25,999","0,999","1,999","9,999","1,999","130,999","12,999","33,1","11,999","0,999","49,2","1,999","19,999","33,4","52,2","2,999","0,999","1,999","0,999","8,999","3,999","1,999","96,999","146,1","8,3","5,999","20,999","0,999","0,999","1,999","10,999","4,999","3,999","5,999","31,1","5,999","10,999","1,999","3,999","51,1","2,999","42,2","13,999","3,999","6,999","0,999","9,999"
"2,999","49,999","13,999","8,999","80,999","3,999","12,999","1,999","0,999","6,999","3,999","1,999","14,999","8,999","50,999","1,999","12,999","3,999","14,999","5,999","9,999","27,1","24,999","4,999","3,999","3,999","6,999","8,999","81,999","1,999","4,999","32,999","8,1","1,999","51,999","0,999","0,999","57,2","0,999","9,999","1,999","1,999","12,999","9,999","32,0","0,999","0,999","18,999","1,999","5,999","1,999","26,999","13,999","0,999","8,999","6,4","11,999","2,999","0,999","0,999","109,0","20,999","6,999","27,2","1,999","6,999","0,999","15,999","12,999","17,1","2,999","5,999","0,999","8,999","7,999","0,999","1,999","1,999","9,999","23,999","21,2","0,999","4,999","2,999","24,4","5,999","2,999","2,999","47,999","9,999","4,999","18,4","15,999","32,999","3,999","3,999","46,0","2,999","20,999","2,999"
"35,999","79,2","2,999","9,4","5,999","42,3","44,1","1,999","5,999","3,999","3,999","2,999","20,4","4,999","2,999","14,999","15,999","3,999","4,999","2,999","30,0","80,999","0,999","1,999","0,999","18,999","7,999","14,999","10,999","4,999","33,999","0,999","64,4","0,999","19,999","41,999","67,999","3,999","5,999","6,999","39,2","0,999","0,999","3,999","42,1","9,999","1,999","22,4","5,999","0,999","34,999","6,999","25,999","0,999","6,999","0,999","2,999","0,999","4,999","42,2","80,0","4,999","6,999","0,999","0,999","0,999","5,999","5,999","1,999","2,999","2,999","6,999","2,999","3,999","0,999","71,0","1,999","0,999","9,999","5,999","2,999","0,999","0,999","0,999","3,999","4,999","2,999","19,999","17,3","3,999","0,999","4,999","1,999","10,999","1,999","110,999","15,1","28,999","1,999","9,999"
"27,999","1,999","6,999","15,999","15,999","1,999","9,999","34,999","6,999","20,999","0,999","2,999","34,2","3,999","4,999","1,999","20,999","19,999","30,999","27,999","32,2","3,999","48,4","1,999","3,999","15,999","7,999","12,999","1,999","2,999","0,999","1,999","0,999","11,999","14,999","66,999","12,999","2,999","5,999","3,999","10,999","4,999","2,999","38,999","3,999","0,999","3,999","40,0","5,999","57,999","4,999","12,999","0,999","5,999","0,999","27,2","0,999","1,999","1,999","1,999","2,999","0,999","1,999","8,999","3,999","5,999","5,999","0,999","4,999","12,999","6,999","2,999","8,999","5,999","0,999","0,999","28,0","29,0","2,999","1,999","3,999","6,999","0,999","28,999","4,999","0,999","3,999","7,999","3,999","21,999","0,999","2,999","3,999","2,999","2,999","2,999","5,999","55,999","0,999","5,999"
"0,999","1,999","9,2","0,999","6,999","5,999","2,999","4,999","8,999","8,999","2,999","24,999","24,999","0,999","3,999","19,0","4,999","0,999","7,999","2,999","15,999","3,999","10,999","0,999","4,999","0,999","73,4","5,999","16,999","5,999","5,999","37,999","0,999","11,999","0,999","7,999","14,999","3,999","0,999","9,999","0,999","1,999","57,999","30,999","8,999","39,0","4,999","2,999","3,999","2,999","7,999","7,999","5,999","7,999","0,999","67,1","0,999","5,999","6,999","1,999","33,999","4,999","5,999","52,999","2,999","77,999","0,999","24,4","0,999","10,999","3,999","5,999","1,999","17,999","0,999","7,999","8,999","5,999","6,999","0,999","22,999","6,999","2,999","0,999","1,999","6,999","39,999","2,999","1,999","0,999","29,999","0,999","7,2","1,999","22,999","13,1","40,999","1,999","10,999","15,0"
"5,999","0,999","1,999","2,999","4,999","2,999","26,999","12,999","0,999","8,999","0,999","35,999","26,2","10,999","31,999","20,999","0,999","3,999","1,999","4,999","4,999","11,999","3,999","1,999","5,999","3,999","12,999","2,999","2,999","21,999","2,999","11,0","24,1","0,999","1,999","1,999","2,999","0,999","8,999","6,999","7,999","3,999","18,999","8,999","11,999","0,999","16,999","6,999","6,999","2,999","9,999","0,999","0,999","8,999","27,999","1,999","8,999","41,999","2,999","0,999","14,999","0,999","0,999","0,999","1,999","21,2","5,999","16,999","6,999","4,999","53,0","6,999","4,999","35,999","0,999","0,999","3,999","7,999","7,999","14,999","2,999","52,999","11,999","30,3","2,999","1,999","14,999","0,999","13,999","4,999","2,999","18,2","1,999","5,999","2,999","25,999","61,1","0,999","1,999","36,999"
"8,999","7,999","3,999","57,999","0,999","8,999","4,999","20,999","1,999","10,999","7,999","4,999","51,3","13,999","9,999","137,1","12,999","19,999","0,999","0,999","4,999","0,999","4,999","17,1","4,999","10,999","5,999","0,999","12,999","0,999","16,999","6,999","2,999","74,999","1,999","18,999","9,999","0,999","16,3","1,999","2,999","1,999","1,999","2,999","5,999","10,999","5,999","2,999","16,999","2,999","55,1","155,999","18,999","23,1","16,4","0,999","0,999","0,999","52,3","14,999","2,999","0,999","12,2","9,999","10,999","1,999","8,999","41,2","0,999","5,999","6,999","50,4","62,1","13,1","1,999","1,999","2,999","4,999","40,999","3,999","27,0","96,999","55,1","4,999","3,999","0,999","13,0","18,999","13,999","3,999","6,999","2,999","5,999","7,999","7,999","10,999","7,999","6,999","2,999","1,999"
"52,0","4,999","1,999","7,4","49,999","1,999","2,999","2,999","0,999","8,999","16,999","6,999","53,999","1,999","1,999","48,1","0,999","1,999","1,999","4,999","39,999","0,999","0,999","31,4","22,999","1,999","1,999","0,999","41,999","16,999","12,4","6,999","1,999","0,999","2,999","6,999","4,999","40,999","25,1","2,999","5,999","37,1","30,3","10,4","4,999","11,999","5,1","63,1","3,999","10,999","17,1","16,4","62,999","0,999","6,999","11,999","25,2","0,999","2,999","2,999","0,999","71,999","0,999","36,999","38,0","7,999","6,999","3,999","65,4","3,999","11,999","0,999","1,999","16,999","3,999","11,999","6,999","32,1","7,999","2,999","3,999","62,3","31,999","0,999","21,999","1,999","4,999","23,0","137,999","13,999","1,999","0,999","33,0","0,999","4,999","5,999","0,999","10,999","13,999","5,999"
"6,999","24,999","25,999","1,999","1,999","36,4","7,999","7,999","10,999","0,999","15,999","23,2","2,999","0,999","1,999","23,999","1,999","1,999","6,999","1,999","0,999","4,999","6,999","20,999","6,999","2,999","13,999","10,999","42,999","10,999","65,1","5,999","0,999","8,999","2,999","0,999","29,999","4,999","1,999","1,999","2,999","47,999","0,999","5,999","4,999","2,999","2,999","26,3","23,0","1,999","0,999","3,999","2,999","0,999","6,999","6,999","12,2","2,999","29,999","48,999","11,999","3,999","4,999","4,999","17,999","37,1","1,999","35,999","26,1","30,4","3,999","23,999","8,999","2,999","0,999","14,999","29,0","19,999","63,999","14,999","2,999","18,2","65,3","1,999","0,999","1,999","4,999","6,999","33,999","1,999","14,999","28,3","3,999","0,999","45,0","5,999","0,999","6,999","1,999","4,999"
"3,999","4,999","4,999","7,999","0,999","0,999","0,999","47,999","7,999","19,2","3,999","2,999","0,999","36,2","0,999","1,999","1,999","6,999","35,3","0,999","22,999","76,999","19,999","34,3","7,999","57,1","37,3","8,999","0,999","5,999","20,999","3,999","8,999","4,999","4,999","0,999","3,999","16,999","35,999","26,999","0,999","1,999","11,999","65,2","12,999","21,999","4,999","4,999","0,999","2,999","2,999","19,2","7,999","33,4","4,999","3,999","6,999","6,999","35,999","2,999","18,2","60,999","1,999","19,3","33,999","82,1","2,999","4,999","2,999","2,999","4,999","26,2","37,1","57,2","36,4","26,999","9,999","2,999","45,999","35,999","35,999","86,999","5,999","0,999","1,999","66,0","0,999","14,999","6,999","26,999","11,999","5,999","14,999","17,999","36,999","0,999","5,999","0,999","4,999","9,999"
"2,999","15,999","0,999","1,999","1,999","17,999","0,999","67,999","8,999","79,999","22,3","3,999","15,999","28,999","61,999","0,999","15,999","7,999","7,999","0,999","0,999","4,999","8,999","1,999","5,999","20,4","7,999","2,999","0,999","83,0","14,999","1,999","8,999","2,999","11,999","97,999","5,999","39,4","3,999","58,999","40,4","2,999","19,999","5,999","0,999","77,999","2,999","7,999","1,999","0,999","4,999","33,3","10,999","4,999","20,4","18,999","3,999","22,1","0,999","0,999","7,999","85,0","1,999","10,1","16,999","4,999","4,999","28,999","6,999","2,999","0,999","2,999","10,999","12,3","13,999","4,999","0,999","0,999","10,999","42,2","1,999","30,999","5,999","6,999","0,999","40,999","6,999","52,999","0,999","13,999","11,999","3,999","108,1","50,4","2,999","0,999","6,999","28,999","0,999","7,999"
"23,999","10,999","16,999","79,0","3,999","8,999","56,3","40,999","25,999","1,999","4,999","23,4","0,999","1,999","16,4","74,999","1,999","64,1","1,999","16,999","11,999","0,999","45,4","11,999","0,999","7,999","1,999","5,999","3,999","47,1","2,999","24,999","15,999","5,999","0,999","6,999","0,999","0,999","0,999","5,999","81,999","1,999","9,999","1,999","12,999","12,999","0,999","3,999","8,999","7,999","2,999","0,999","0,999","3,999","7,999","48,2","3,999","1,999","31,999","2,999","1,999","0,999","7,999","45,1","0,999","4,999","1,999","3,999","38,2","3,999","7,999","8,999","6,999","46,4","0,999","12,999","3,999","5,999","18,3","1,999","3,999","7,999","40,2","10,999","1,999","54,4","22,2","4,999","3,999","15,999","8,999","36,999","18,2","61,3","7,999","1,999","37,3","1,999","37,2","0,999"
"8,999","45,2","0,999","56,1","0,999","0,999","1,999","52,1","103,999","23,999","2,999","7,999","6,999","3,999","59,999","6,999","11,999","16,2","14,999","1,999","6,999","43,4","0,999","0,999","25,999","12,999","61,999","12,999","52,0","20,999","13,999","41,999","0,999","20,1","17,999","73,0","0,999","49,999","15,999","14,999","0,999","1,999","0,999","9,999","2,999","3,999","47,999","25,999","17,999","30,999","60,4","0,999","4,999","6,999","6,999","11,999","12,999","11,999","2,999","20,4","2,999","46,999","3,999","12,999","32,1","0,999","11,999","3,999","11,999","2,999","0,999","1,999","12,999","13,1","10,999","11,999","4,999","26,999","3,999","1,999","1,999","2,999","1,999","37,4","17,4","0,999","2,999","1,999","3,999","89,999","17,999","3,999","9,999","11,999","0,999","14,999","10,999","0,999","31,999","3,999"
"8,999","0,999","1,999","2,999","4,999","1,999","3,999","30,999","3,999","3,999","0,999","12,999","3,999","0,999","10,999","1,999","2,999","7,4","25,1","7,999","0,999","5,999","16,999","15,999","1,999","1,999","37,1","1,999","0,999","5,999","1,999","0,999","4,999","8,999","1,999","1,999","26,0","1,999","1,999","0,999","17,999","9,999","84,3","5,999","21,999","14,999","45,999","6,999","9,3","19,3","0,999","14,999","29,999","23,0","0,999","8,999","6,999","15,999","0,999","2,999","69,4","17,3","3,999","2,999","37,999","45,999","8,999","11,1","2,999","2,999","37,999","42,4","0,999","18,999","1,999","6,999","0,999","1,999","24,999","24,3","22,1","0,999","7,999","14,999","3,999","0,999","15,0","2,999","1,999","1,999","0,999","2,999","7,999","5,999","0,999","0,999","0,999","5,999","8,999","0,999"
"10,999","17,999","16,999","27,1","1,999","4,999","3,999","3,999","1,999","1,999","27,999","0,999","0,999","33,999","2,999","1,999","15,999","0,999","48,999","0,999","5,999","0,999","5,999","27,2","0,999","2,999","7,999","1,999","3,999","28,999","0,999","0,999","8,999","3,999","0,999","2,999","12,1","8,999","32,999","19,1","19,999","1,999","0,999","5,999","85,4","0,999","1,999","2,999","0,999","21,1","112,999","0,999","0,999","2,999","4,999","2,999","43,2","33,4","12,2","26,999","8,999","1,999","27,999","1,999","6,999","25,0","8,999","16,999","0,999","6,999","77,2","2,999","25,999","96,999","88,999","6,999","0,999","46,999","3,999","31,999","2,999","13,999","36,0","3,999","18,999","0,999","9,999","24,2","2,999","4,999","23,999","0,999","0,999","10,999","10,2","0,999","6,999","2,999","1,999","73,999"
"3,999","0,999","21,4","40,999","91,999","97,999","1,999","106,4","21,1","4,999","14,999","11,999","0,999","44,999","18,999","9,999","5,999","5,999","66,3","11,2","2,999","7,999","76,999","0,999","0,999","24,999","5,999","35,1","10,999","7,999","63,3","12,1","1,999","9,999","1,999","21,1","0,999","16,999","70,999","0,999","55,999","25,999","0,999","6,999","2,999","0,999","1,999","1,999","21,999","1,999","90,999","0,999","86,4","18,999","0,999","22,999","2,999","32,3","12,999","10,999","3,999","2,999","6,999","8,999","64,999","25,999","26,999","3,999","23,0","21,0","4,999","33,999","4,999","2,999","20,999","4,999","2,999","3,999","10,999","0,999","9,999","17,999","3,999","0,999","2,999","3,999","36,999","4,999","4,999","1,999","10,999","0,999","16,999","5,999","7,999","62,999","2,999","0,999","6,999","1,999"
"8,999","36,999","38,999","2,999","6,999","0,999","4,999","0,999","3,999","3,999","4,999","25,999","1,999","1,999","11,999","7,999","22,999","6,999","10,999","0,999","8,999","2,999","1,999","11,999","27,0","41,999","8,999","1,999","10,999","2,999","2,999","5,999","0,999","0,999","3,999","35,999","25,999","13,999","16,2","1,999","0,999","12,999","0,999","9,999","1,999","6,999","2,999","25,999","33,999","51,0","10,2","8,999","22,3","48,2","0,999","0,999","3,999","8,999","22,999","3,999","8,999","78,2","19,999","1,999","23,999","8,999","2,999","19,999","6,999","11,999","27,2","1,999","3,999","39,3","11,999","24,3","36,999","1,999","39,0","2,999","6,999","4,999","3,999","21,999","31,999","7,999","1,999","1,999","51,999","0,999","2,999","0,999","14,999","45,999","37,2","2,999","8,999","2,999","4,999","7,999"
"2,999","21,999","14,999","12,999","24,4","0,999","12,999","17,999","7,999","15,4","9,999","2,999","10,999","12,999","5,999","1,999","7,999","32,999","9,999","40,999","3,999","9,999","1,999","6,999","20,4","28,999","1,999","12,999","0,999","15,999","0,999","2,999","1,999","10,999","60,0","81,2","3,999","1,999","28,999","0,999","28,4","18,999","4,999","1,999","34,999","2,999","14,999","2,999","1,999","2,999","1,999","38,1","13,999","50,999","3,999","13,999","8,999","6,999","56,999","2,999","3,999","9,999","0,999","3,999","1,999","0,999","15,999","5,999","0,999","1,999","79,999","2,999","10,999","86,3","0,999","0,999","1,999","8,999","30,999","1,999","0,999","28,999","38,999","0,999","19,999","21,999","4,999","10,999","37,999","31,0","1,999","5,999","18,999","8,999","7,999","4,999","16,999","2,999","13,2","0,999"
"4,999","1,999","5,999","5,999","8,999","4,999","32,4","2,999","4,999","37,4","1,999","5,999","3,999","21,4","3,999","3,999","2,999","44,999","13,2","4,999","3,999","5,999","9,999","6,999","7,999","1,999","0,999","30,3","6,999","0,999","7,999","3,999","2,999","12,999","40,4","48,999","0,999","5,999","3,999","5,999","17,1","10,999","6,999","3,999","1,999","2,999","44,999","1,999","8,999","0,999","3,999","34,1","10,999","7,999","29,1","0,999","2,999","20,999","1,999","1,999","5,999","0,999","1,999","1,999","77,999","0,999","1,999","1,999","2,999","2,999","9,999","0,999","2,999","100,999","1,999","35,999","13,999","33,999","41,4","2,999","14,999","8,999","11,999","9,999","0,999","2,999","2,999","6,999","0,999","2,999","7,999","0,999","9,0","57,999","0,999","14,999","4,999","0,999","16,999","6,999"
