# Arguments: kr_a=0.0, kd_a=0.21, rep=100, it=100, relocation=0.0, division=0.21, rows=20, cols=5, status=None, file_ID=1, delta_t=None
"14,999","27,0","12,0","2,999","0,999","5,999","10,999","0,999","33,4","6,999","0,999","10,999","57,2","26,3","19,999","19,4","14,999","8,999","4,999","11,999","1,999","6,999","0,999","2,999","10,999","1,999","12,999","58,3","4,999","43,2","11,999","48,0","22,4","7,999","5,999","14,999","3,999","19,999","15,4","14,1","2,999","9,999","5,999","8,999","12,999","3,999","53,2","2,999","20,2","3,999","19,4","2,999","2,999","10,999","13,3","88,2","3,999","2,999","9,1","0,999","10,999","22,999","0,999","1,999","7,1","11,4","54,3","0,999","0,999","4,999","20,999","36,2","6,3","0,999","47,4","4,999","3,999","13,2","6,999","0,999","1,999","12,999","47,4","7,999","0,999","16,2","19,999","1,999","28,999","8,999","60,1","152,999","48,999","9,999","7,999","6,999","3,999","5,999","30,3","6,999"
"38,4","1,999","1,999","101,1","1,999","41,999","37,999","26,999","26,3","67,999","25,999","2,999","1,999","8,2","16,999","14,999","0,999","19,999","13,999","4,999","0,999","0,999","0,999","0,999","8,999","1,999","5,999","53,4","18,1","30,1","9,999","0,999","6,999","5,999","8,999","61,3","2,999","7,999","1,999","6,999","37,3","10,999","57,999","18,0","5,999","9,999","63,2","10,999","4,999","2,999","1,999","3,999","1,999","4,999","3,999","2,999","3,999","30,999","23,4","2,999","9,999","21,999","2,999","60,999","3,999","53,999","13,999","0,999","6,999","11,999","29,999","0,999","44,0","17,999","14,999","56,999","39,999","37,999","0,999","39,1","95,999","25,999","3,999","14,999","21,4","4,999","20,999","12,999","6,999","7,999","1,999","2,999","0,999","16,999","3,999","3,999","15,999","42,999","23,999","3,999"
"26,999","29,999","11,999","2,999","14,999","8,999","2,999","53,1","19,1","7,999","1,999","7,999","41,0","11,999","45,999","72,4","49,999","6,999","114,999","27,999","5,999","13,999","0,999","13,999","20,2","24,999","0,999","4,999","9,999","0,999","31,999","8,999","3,999","0,999","0,999","15,999","38,1","6,999","0,999","1,999","0,999","3,999","23,999","10,0","80,999","21,1","4,999","2,999","108,999","60,1","7,999","44,1","9,999","4,999","24,999","6,999","6,999","0,999","7,999","48,4","22,999","32,4","29,0","2,999","4,999","7,999","11,999","15,999","2,999","0,999","35,999","3,999","3,999","2,999","14,999","9,999","2,999","6,999","6,999","22,999","28,999","20,999","16,999","2,999","4,999","23,999","54,999","105,999","6,999","2,999","1,999","28,1","4,999","47,999","23,999","5,999","5,999","12,999","52,999","12,999"
"4,999","31,2","1,999","9,999","10,999","62,999","18,1","2,999","7,999","15,4","4,999","99,999","12,4","8,999","5,999","1,999","115,3","24,4","39,3","20,4","4,999","12,999","17,999","85,1","2,999","0,999","1,999","2,999","9,999","39,2","12,999","27,4","17,999","1,999","34,999","15,999","8,999","2,999","45,2","8,999","2,999","1,999","1,999","0,999","0,999","13,999","8,2","1,999","61,999","3,999","0,999","1,999","26,999","0,999","24,999","50,1","5,999","10,999","5,999","1,999","27,999","2,999","6,999","0,999","0,999","5,999","5,999","29,2","20,999","8,999","6,999","3,999","57,999","1,999","44,999","6,999","78,2","43,0","19,0","30,0","0,999","33,2","0,999","1,999","56,999","4,999","6,999","2,999","55,4","0,999","32,2","44,1","5,999","10,999","46,0","56,0","1,999","7,999","11,999","3,999"
"0,999","46,999","0,999","32,1","76,999","10,999","2,999","62,0","68,1","17,4","21,999","2,999","61,999","4,999","14,999","20,3","8,999","39,999","2,999","0,999","8,999","13,999","2,999","14,999","8,999","1,999","52,4","5,999","2,999","55,3","9,999","11,999","20,999","33,3","5,999","1,999","0,999","34,999","25,4","0,999","22,999","66,999","27,1","41,0","86,3","10,999","6,999","0,999","1,999","12,999","23,3","47,4","32,999","11,999","6,999","5,999","16,0","0,999","5,999","2,999","63,999","49,999","27,1","59,0","0,999","35,999","1,999","44,999","62,999","30,999","37,4","57,1","31,4","72,4","8,999","10,999","4,999","40,0","8,999","75,999","29,2","5,999","10,999","68,4","1,999","1,999","15,1","8,999","20,0","27,999","0,999","41,3","1,999","63,999","3,999","7,999","3,999","12,999","4,999","0,999"
"2,999","27,3","0,999","11,999","37,999","36,3","24,0","2,999","6,999","13,999","11,999","87,1","8,999","2,999","5,999","21,999","9,999","55,0","29,999","20,999","12,999","23,999","72,1","45,999","13,999","70,999","4,999","8,999","1,999","19,2","3,999","40,999","10,999","45,999","47,999","8,4","3,999","7,999","7,999","4,999","21,999","5,999","77,999","58,999","1,999","1,999","44,999","6,999","24,999","15,999","47,0","29,999","10,999","1,999","6,999","69,4","15,999","2,999","27,2","24,999","1,999","6,999","15,999","2,999","0,999","11,4","35,999","1,999","2,999","15,999","39,999","3,999","13,999","0,999","7,999","7,999","10,999","11,999","8,999","4,999","5,999","2,999","5,999","5,999","55,999","0,999","1,999","16,3","28,999","12,999","31,3","17,999","67,999","3,999","3,999","4,999","0,999","14,1","5,999","5,999"
"1,999","1,999","76,1","41,999","24,3","23,4","84,4","1,999","2,999","3,999","10,999","14,4","12,999","0,999","11,999","2,999","12,999","14,999","3,999","0,999","35,1","18,999","31,3","3,999","3,999","8,999","25,3","0,999","11,4","29,999","13,999","10,999","2,999","4,999","1,999","26,3","24,999","8,999","0,999","39,3","0,999","4,999","4,999","12,999","0,999","42,999","15,2","3,999","31,4","57,1","1,999","3,999","0,999","0,999","36,999","0,999","0,999","2,999","62,3","43,3","0,999","2,999","19,999","13,3","6,999","49,999","25,999","6,999","6,999","3,999","11,999","11,999","40,999","14,999","3,999","84,999","9,999","36,3","16,999","6,999","59,4","36,4","1,999","17,1","0,999","10,999","20,999","74,999","32,999","1,999","23,999","15,999","35,999","5,999","1,999","0,999","39,999","69,999","0,999","27,4"
"26,999","21,4","5,999","0,999","32,4","0,999","0,999","5,999","44,1","45,999","5,999","4,999","15,999","11,999","25,999","1,999","3,999","8,999","16,999","6,999","1,999","1,999","110,2","0,999","0,999","4,2","4,999","13,999","4,999","26,999","8,999","26,999","20,999","0,999","1,999","1,999","4,999","14,999","15,999","3,999","33,999","16,999","19,999","15,999","2,999","21,999","4,999","43,999","11,3","10,999","6,999","1,999","53,2","14,3","0,999","13,999","1,999","23,999","0,999","13,2","4,999","9,999","20,4","27,999","0,999","0,999","22,999","1,999","7,999","11,999","69,999","7,999","5,999","6,999","15,4","8,999","104,1","11,999","33,0","6,1","6,999","9,999","2,999","20,999","5,999","8,999","2,999","1,999","33,1","8,999","8,999","4,999","9,999","1,999","25,999","1,999","5,999","6,999","4,999","17,999"
"29,3","40,3","2,999","22,3","136,999","89,3","8,999","4,999","30,999","37,999","3,999","86,999","3,999","0,999","3,999","1,999","17,999","10,999","4,999","1,999","19,999","1,999","9,999","7,999","0,999","0,999","9,999","21,999","1,999","36,4","34,999","1,999","2,999","2,999","0,999","33,3","45,999","15,0","6,999","63,999","2,999","14,999","28,3","8,999","32,999","39,999","12,4","2,999","5,999","12,0","64,0","27,999","9,999","0,999","15,999","3,999","4,999","9,999","2,999","1,999","67,999","11,999","4,999","30,2","3,999","49,999","71,999","7,999","0,999","6,999","11,999","14,0","3,999","76,999","27,999","1,999","2,999","2,999","14,0","17,999","28,999","5,999","6,999","54,0","17,999","79,1","2,999","16,0","29,999","2,999","0,999","6,999","19,3","34,999","1,999","2,999","2,999","2,999","21,999","38,1"
"3,999","30,999","13,999","5,999","14,999","77,4","3,999","55,999","66,999","1,999","37,2","31,1","15,999","8,999","0,999","34,3","12,999","44,999","9,999","1,999","1,999","71,1","7,999","29,4","7,999","11,3","4,999","5,999","50,4","2,999","51,1","21,2","5,999","5,999","2,999","12,999","13,999","9,999","13,999","4,999","15,4","1,999","46,2","18,999","3,999","19,2","1,999","0,999","17,999","7,999","20,1","15,999","6,999","7,999","143,3","1,999","44,0","0,999","3,999","10,999","42,0","0,999","24,999","1,999","3,999","27,999","4,999","2,999","42,999","71,0","30,4","4,999","5,999","1,999","10,999","4,999","80,4","10,999","1,999","1,999","2,999","41,3","2,999","9,999","2,999","2,999","37,999","25,0","29,3","8,999","4,999","20,999","0,999","32,1","1,999","18,999","2,999","6,999","7,999","5,999"
"20,999","18,999","31,999","0,999","21,4","17,999","5,999","0,999","40,1","14,4","18,1","7,999","24,999","27,999","31,1","18,999","9,0","11,999","12,4","58,999","0,999","43,0","3,999","2,999","13,999","15,999","196,3","28,999","0,999","44,999","16,999","27,999","3,999","8,999","7,999","6,999","7,999","3,999","4,999","5,999","6,999","13,999","39,3","12,0","51,3","7,999","55,1","2,999","12,2","6,999","2,999","6,2","4,999","30,0","1,999","2,999","2,999","48,999","1,999","13,999","7,999","20,3","29,999","8,1","1,999","2,999","2,999","54,999","6,999","10,999","20,999","0,999","3,999","63,999","8,999","5,999","2,999","0,999","7,999","1,999","3,999","19,999","16,999","43,3","5,999","9,999","0,999","1,999","20,1","1,999","3,999","6,999","13,4","3,999","4,999","64,2","8,999","12,4","17,2","11,999"
"0,999","5,999","3,999","1,999","1,999","37,3","27,999","17,999","4,999","14,999","73,999","5,999","75,3","2,999","1,999","9,999","0,999","50,4","10,999","62,4","13,999","16,999","3,999","2,999","36,999","0,999","3,999","21,999","0,999","1,999","21,999","19,999","4,999","5,999","17,999","0,999","10,999","0,999","16,999","9,0","8,999","81,1","0,999","2,999","8,999","1,999","4,999","9,999","3,999","1,999","5,999","10,999","6,999","4,999","46,999","1,999","0,999","13,1","4,999","21,999","2,999","12,2","8,999","57,1","6,999","63,999","1,999","49,4","45,999","5,999","8,999","16,999","9,999","7,999","27,999","0,999","0,999","25,999","126,4","3,999","14,999","11,999","13,999","2,999","10,999","0,999","4,999","15,2","1,999","0,999","12,0","11,999","4,999","69,999","2,999","39,2","87,999","36,999","0,999","25,999"
"45,1","101,999","0,999","5,999","103,999","18,3","3,999","8,999","62,999","114,999","40,999","1,999","0,999","4,999","8,999","0,999","32,1","22,4","4,999","7,999","1,999","20,999","11,999","20,1","31,999","4,999","5,999","1,999","24,1","6,999","6,999","9,999","34,999","3,999","13,999","2,999","2,999","9,3","2,999","7,999","33,3","80,999","5,0","3,999","36,3","56,999","3,999","136,2","39,999","29,1","46,1","10,999","51,999","9,999","1,999","3,999","12,999","128,4","15,999","6,999","8,999","0,999","24,999","0,999","1,999","56,2","5,1","9,999","6,999","45,2","57,999","22,3","0,999","58,3","0,999","36,3","27,2","17,999","14,999","6,999","0,999","7,999","10,999","59,999","23,999","2,999","15,999","68,2","2,999","1,999","9,999","39,999","3,999","0,999","1,999","7,999","14,4","1,999","30,2","1,999"
"0,999","7,999","72,999","34,999","3,999","34,1","20,999","11,999","3,999","7,999","5,999","66,3","14,999","4,999","3,999","21,999","31,1","3,999","6,999","3,999","43,4","23,1","4,999","2,999","9,999","54,999","48,999","41,999","15,4","19,999","0,999","1,999","16,999","8,999","9,999","0,999","2,999","24,999","33,999","2,999","36,999","13,999","5,999","1,999","12,3","9,999","5,999","40,999","63,999","14,4","3,999","5,999","99,1","4,999","25,2","10,999","8,999","13,4","6,999","20,999","15,1","0,999","55,2","1,999","1,999","10,999","67,999","92,3","3,999","13,999","0,999","9,3","20,3","17,999","39,999","38,4","0,999","1,999","37,999","31,999","17,999","73,2","5,999","1,999","4,999","45,999","13,3","31,3","4,999","0,999","44,999","0,999","35,999","7,999","0,999","18,999","57,4","2,999","49,999","7,999"
"1,999","14,999","0,999","0,999","4,999","42,999","31,1","23,1","13,1","8,999","18,2","8,999","3,999","54,4","5,999","3,999","1,999","9,999","1,999","3,999","15,999","25,999","0,999","12,999","51,999","9,2","90,999","7,999","0,999","1,999","14,0","34,0","62,999","2,999","19,999","2,999","38,4","15,1","71,4","19,999","20,999","6,999","3,999","2,999","11,999","2,999","38,999","32,999","21,3","24,999","29,999","7,999","74,999","60,999","0,999","46,1","3,999","23,999","12,999","4,999","0,999","0,999","12,999","53,4","34,2","1,999","3,999","19,4","94,999","4,999","10,999","2,999","28,2","19,999","5,999","10,999","17,999","89,999","4,999","0,999","18,999","11,999","2,999","0,999","15,999","2,999","2,999","25,2","1,999","19,4","18,999","30,1","2,999","23,999","46,1","74,999","2,999","9,999","34,999","38,2"
"0,999","3,999","15,0","2,999","0,999","16,999","2,999","22,999","42,999","38,999","0,999","0,999","29,999","3,999","47,999","1,999","12,2","15,999","33,3","8,999","68,4","0,999","27,999","0,999","1,999","16,1","21,2","16,999","66,999","9,999","1,999","9,999","18,999","8,999","10,999","10,999","75,4","18,4","5,999","1,999","1,999","0,999","19,999","62,2","56,999","0,999","1,999","18,999","7,999","10,999","3,999","17,0","4,999","32,999","110,3","0,999","2,999","2,999","8,999","0,999","19,999","43,999","144,2","2,999","2,999","29,999","13,999","54,4","0,999","14,999","15,999","18,0","21,2","5,999","6,999","26,999","11,999","11,999","73,999","39,3","24,999","5,999","23,999","8,999","28,4","15,2","13,0","1,999","40,999","54,999","29,999","5,999","11,999","0,999","4,999","21,999","0,999","1,999","0,999","0,999"
"24,1","6,999","14,999","57,999","23,999","19,2","9,999","23,1","0,999","60,1","2,999","13,0","28,999","42,999","16,999","38,2","31,2","7,999","16,999","56,1","19,999","0,999","24,999","10,3","5,0","49,999","33,999","56,0","4,999","67,999","9,999","3,999","27,2","47,999","0,999","0,999","70,999","7,999","30,2","50,999","18,999","4,999","30,999","23,2","5,999","46,0","5,999","19,0","5,999","29,999","54,999","0,999","1,999","18,999","33,3","43,999","25,0","4,999","0,999","18,999","7,999","91,2","5,999","114,4","23,2","1,999","2,999","21,999","0,999","10,999","3,999","3,999","1,999","0,999","136,999","0,999","4,999","3,999","3,999","7,999","102,999","88,999","2,999","41,2","0,999","2,999","38,999","26,2","7,0","10,999","8,999","14,0","18,999","0,999","15,999","57,3","0,999","7,999","3,999","1,999"
"1,999","60,999","0,999","3,999","2,999","28,999","19,999","0,999","8,999","15,999","3,999","20,999","75,999","35,999","5,999","82,4","0,999","30,3","4,999","62,0","9,999","53,999","40,0","4,999","19,999","2,999","5,999","19,999","15,999","32,999","54,3","3,999","2,999","31,999","4,999","1,999","19,999","16,4","29,2","40,4","1,999","22,999","40,999","1,999","12,0","25,0","15,1","17,999","2,999","6,999","8,999","78,999","25,999","31,999","97,999","30,2","0,999","24,999","56,0","21,2","13,0","8,999","0,999","19,999","46,999","46,999","6,999","0,999","4,999","11,999","15,999","4,999","0,999","7,999","22,999","0,999","14,0","8,999","38,999","36,3","97,999","0,999","95,999","14,999","6,999","12,999","10,999","76,999","0,999","53,999","97,999","24,999","49,999","0,999","25,999","0,999","50,999","7,999","0,999","0,999"
"30,3","3,999","8,999","3,999","17,999","28,2","8,999","12,999","41,1","60,999","28,3","4,999","0,999","21,4","0,999","2,999","3,999","61,3","7,999","34,3","60,999","6,999","0,999","3,999","6,999","0,999","17,999","5,999","1,999","29,4","37,1","18,999","2,999","10,999","53,4","23,999","13,999","8,2","20,999","0,999","0,999","0,999","5,999","14,3","6,999","1,999","0,999","163,999","4,999","11,1","5,999","0,999","38,0","4,999","4,999","0,999","3,999","45,3","65,0","2,999","28,3","56,999","0,999","5,999","3,999","7,999","1,999","56,3","2,999","3,999","3,999","24,999","14,999","5,999","40,3","2,999","38,2","4,999","27,1","23,999","0,999","8,999","46,3","0,999","8,999","37,999","10,999","4,999","12,999","4,999","26,999","1,999","1,999","3,999","6,999","1,999","61,999","1,999","1,999","4,999"
"16,999","57,2","32,999","12,999","40,999","0,999","11,999","6,999","3,999","20,1","1,999","97,999","59,4","6,999","0,999","6,999","28,999","35,3","1,999","28,999","17,999","93,2","22,999","54,999","0,999","9,999","13,999","11,999","22,999","13,999","0,999","17,999","4,999","3,999","16,999","1,999","33,0","7,999","15,999","11,999","35,1","28,1","3,999","0,999","1,999","1,999","21,999","4,999","2,999","28,2","40,2","7,999","69,0","1,999","4,999","25,1","53,999","5,999","5,999","5,999","25,999","3,999","0,999","20,1","31,999","7,999","41,999","7,999","2,999","1,999","8,999","86,1","5,999","6,999","23,999","2,999","10,999","11,999","11,999","6,999","35,3","66,999","6,999","5,999","10,999","32,999","29,999","5,999","49,3","1,999","54,999","1,999","5,999","2,999","4,999","77,4","6,999","26,2","2,999","0,999"
"18,999","5,999","3,999","1,999","11,999","88,999","13,999","1,999","3,2","1,999","12,999","10,999","1,999","27,999","2,999","2,999","41,1","30,2","1,999","0,999","4,999","3,999","22,999","20,999","5,999","6,999","53,999","2,999","9,999","5,999","90,999","29,999","0,999","1,999","13,999","2,999","3,999","5,999","10,999","7,2","26,999","43,999","69,4","42,999","22,999","86,4","11,999","13,999","1,999","22,999","1,999","4,999","10,999","14,0","1,999","34,999","16,0","47,0","3,999","16,999","2,999","78,4","98,0","30,4","54,2","3,999","24,3","22,2","4,999","17,3","43,999","0,999","11,999","10,999","2,999","22,999","0,999","0,999","3,999","53,0","46,999","3,999","4,1","71,999","25,1","2,999","2,999","48,999","12,3","7,999","2,999","2,999","0,999","11,999","19,999","5,999","47,4","15,1","19,2","35,1"
"10,999","11,999","13,999","55,3","3,999","9,999","41,1","4,999","0,999","6,2","1,999","3,999","3,999","0,999","24,4","3,999","69,1","88,999","15,999","7,999","71,1","21,1","2,999","10,999","3,999","2,999","1,999","26,999","14,0","9,999","25,0","2,999","15,999","30,999","1,999","44,4","3,999","37,999","0,999","8,999","6,999","4,999","15,1","36,999","5,999","0,999","29,2","16,1","1,999","8,999","11,2","1,999","1,999","14,999","7,999","95,999","5,999","41,999","1,999","10,2","21,999","3,999","8,999","2,999","56,0","4,999","1,999","8,999","3,999","0,999","32,999","38,999","23,999","28,999","1,999","19,2","12,999","6,999","51,3","27,999","12,4","2,999","1,999","98,3","13,999","13,0","6,999","2,999","36,999","32,999","2,999","15,999","30,4","62,999","36,999","0,999","0,999","26,2","65,999","4,999"
"2,999","6,999","1,999","16,999","81,999","66,4","1,999","26,999","32,999","40,999","6,1","60,3","0,999","11,999","62,999","2,999","10,999","54,1","17,999","49,0","10,3","7,999","8,999","112,999","4,999","0,999","23,999","8,999","12,999","56,4","1,999","78,2","2,999","7,999","9,999","73,999","6,999","55,0","1,999","27,999","1,999","12,999","3,999","30,999","12,999","4,999","7,999","43,999","62,999","27,0","9,999","0,999","2,999","21,999","86,1","0,999","12,999","14,999","4,999","34,999","5,999","2,999","9,999","6,999","42,0","15,999","0,999","3,999","4,999","45,999","1,999","9,2","30,2","110,999","15,999","37,999","12,999","4,999","1,999","47,999","7,999","7,999","1,999","0,999","28,999","0,999","41,999","22,999","22,999","67,999","8,999","12,1","0,999","12,999","3,999","108,999","7,999","2,999","0,999","17,2"
"11,999","10,999","16,999","14,999","1,999","14,999","9,999","7,999","0,999","8,999","4,999","9,999","2,999","22,2","41,2","25,0","25,3","1,999","9,999","5,999","3,999","25,999","5,999","19,3","80,999","15,999","2,999","5,999","55,999","50,999","35,999","47,999","55,999","67,0","90,999","8,999","7,999","1,999","0,999","0,999","1,999","1,999","24,2","7,999","75,1","22,999","4,999","70,999","4,999","16,1","18,999","0,999","7,999","52,999","6,999","14,999","45,1","9,999","51,999","0,999","7,999","13,999","20,999","4,999","2,999","2,999","1,999","1,999","22,1","74,2","29,4","17,3","11,999","7,999","0,999","1,999","1,999","1,999","13,3","1,999","6,999","13,999","1,999","12,999","84,999","1,999","10,999","33,999","0,999","1,999","16,2","8,999","1,999","12,999","6,999","11,999","26,4","12,999","7,0","0,999"
"16,999","0,999","4,999","18,999","1,999","17,999","53,999","23,999","0,999","0,999","13,999","1,999","36,999","7,1","1,999","12,999","3,999","2,999","5,999","0,999","0,999","0,999","2,999","9,999","71,999","4,999","32,999","10,999","9,999","8,999","6,999","35,0","2,999","25,999","8,999","9,999","87,3","29,999","1,999","9,999","3,999","34,999","30,999","0,999","7,999","48,999","16,999","2,999","0,999","32,999","8,999","2,999","0,999","107,3","0,999","0,999","0,999","25,999","0,999","0,999","21,999","0,999","82,1","1,999","0,999","7,999","96,999","0,999","0,999","4,999","11,999","0,999","38,999","3,999","2,999","6,999","9,999","2,999","11,999","9,999","6,999","0,999","5,999","6,999","1,999","74,2","2,999","2,999","3,999","2,999","29,2","47,999","1,999","4,999","2,999","4,999","2,999","2,999","70,2","64,4"
"14,999","1,999","5,999","103,4","7,999","12,999","3,999","16,4","76,999","46,3","34,4","36,999","14,999","18,999","1,999","2,999","2,999","9,999","32,999","1,999","13,999","11,999","6,999","16,0","6,999","14,0","1,999","7,999","46,999","2,999","2,999","2,999","16,3","3,999","0,999","12,999","14,2","6,999","23,999","4,999","2,999","27,999","3,999","16,3","5,999","17,2","5,999","3,999","1,999","1,999","1,999","35,1","21,999","1,999","117,3","39,0","0,999","12,999","29,999","0,999","49,3","6,999","14,999","60,999","3,999","13,999","51,999","16,999","71,0","17,999","5,999","13,999","41,999","42,999","0,999","34,0","26,4","43,2","1,999","5,999","0,999","63,3","58,999","13,999","50,999","6,999","4,999","3,999","25,999","28,2","60,999","22,999","11,4","0,999","19,999","1,999","30,999","14,999","46,999","2,999"
"13,999","80,4","56,2","1,999","2,999","14,999","8,999","23,999","6,999","2,999","15,999","38,999","7,999","6,999","25,999","49,1","0,999","49,2","49,999","39,999","3,999","23,2","1,999","15,999","15,3","0,999","29,0","23,999","27,999","0,999","2,999","22,1","4,999","7,999","9,0","23,1","8,999","1,999","12,999","18,4","12,999","36,2","18,999","25,999","46,999","5,999","13,999","1,999","14,999","0,999","6,999","0,999","4,999","14,0","38,999","7,999","12,999","8,999","57,999","81,0","4,999","19,0","18,999","52,3","4,999","16,999","2,999","35,0","14,999","23,999","3,999","16,999","1,999","55,0","46,999","10,999","82,999","12,999","0,999","0,999","43,999","53,999","13,0","4,999","3,999","12,999","29,999","40,999","1,999","0,999","45,2","21,999","3,999","7,999","1,999","0,999","12,999","23,999","38,999","13,999"
"0,999","57,3","1,999","34,0","12,999","58,2","12,999","7,999","3,999","37,999","32,0","27,999","4,999","17,1","12,999","37,999","2,999","2,999","31,999","15,999","3,999","0,999","50,3","42,3","8,999","14,999","0,999","46,999","13,999","51,3","3,999","0,999","0,999","3,999","11,999","7,999","3,999","13,999","0,999","7,999","19,999","28,3","60,999","37,2","36,1","3,999","9,999","31,999","17,999","29,4","5,999","9,999","11,999","1,999","26,999","4,999","21,999","26,999","7,999","9,999","0,999","10,999","8,999","5,999","33,999","33,0","20,0","12,999","3,999","2,999","26,999","32,999","6,999","13,0","4,999","3,999","21,999","6,999","141,4","21,999","44,999","31,999","42,3","6,999","0,999","46,999","17,999","8,999","1,999","9,0","3,999","0,999","1,999","5,999","3,999","2,999","27,1","5,999","12,999","2,999"
"2,999","8,999","0,999","5,999","7,999","3,999","11,999","3,999","22,999","7,999","1,999","36,0","3,999","6,999","9,999","5,999","35,3","14,999","82,2","41,3","8,999","15,3","26,4","26,999","2,999","16,3","33,999","14,999","48,999","27,0","20,999","6,999","7,999","1,999","7,999","11,0","73,999","6,999","1,999","8,999","6,999","4,999","13,999","3,999","9,4","0,999","13,999","21,3","63,999","12,999","9,999","19,999","5,999","0,999","18,999","7,999","6,999","21,999","11,2","2,999","4,999","4,999","25,2","3,999","41,3","55,999","0,999","28,0","1,999","2,999","87,999","6,999","2,999","39,999","19,999","46,1","9,999","6,999","24,3","4,999","3,999","100,999","4,1","0,999","1,999","24,2","5,999","1,999","2,999","59,4","23,999","27,999","13,999","0,999","8,999","47,999","98,3","1,999","26,3","26,999"
"9,2","131,999","0,999","9,999","6,999","28,999","24,999","22,999","7,999","33,4","61,999","6,999","1,999","91,999","10,999","14,999","33,999","4,999","2,999","40,999","4,999","34,3","5,999","78,999","0,999","0,999","44,999","11,999","48,999","30,4","1,999","27,2","30,999","9,2","69,4","18,999","8,999","6,999","3,999","4,999","26,2","29,999","15,999","6,999","16,999","48,4","0,999","8,999","3,999","12,2","73,999","0,999","8,0","11,999","21,999","13,999","29,2","5,999","43,999","10,999","21,3","28,999","8,999","0,999","26,999","2,999","0,999","13,999","0,999","23,999","6,999","0,999","47,0","12,999","15,999","2,999","3,999","15,999","39,999","9,999","4,999","13,999","2,999","4,999","15,999","77,4","7,999","27,999","35,999","2,999","10,999","3,999","1,999","7,999","0,999","9,999","32,4","1,999","0,999","5,999"
"21,3","2,999","24,3","2,999","0,999","0,999","2,999","0,999","7,999","13,999","94,3","0,999","11,999","8,999","2,999","51,999","24,999","14,999","0,999","72,0","1,999","2,999","19,999","2,999","16,2","11,3","28,999","1,999","0,999","2,999","13,999","2,999","10,999","75,999","48,1","0,999","16,999","20,999","15,999","1,999","0,999","16,0","23,3","0,999","22,3","118,999","4,999","6,999","59,999","3,999","8,999","7,999","44,999","45,999","2,999","43,0","57,3","12,999","12,999","5,999","26,999","85,999","20,999","3,999","2,999","5,999","52,4","7,999","0,999","30,999","1,999","10,999","47,999","3,999","37,0","1,999","8,999","2,999","0,999","18,999","24,0","1,999","7,999","27,999","2,999","14,999","6,999","23,999","2,999","6,999","9,999","6,999","6,999","24,999","20,999","24,999","3,999","30,999","0,999","3,999"
"2,999","1,999","92,999","0,999","2,999","6,999","95,999","57,2","45,3","0,999","23,999","0,999","33,4","0,999","17,999","10,999","49,999","0,999","14,999","0,999","0,999","10,1","17,999","27,999","2,999","4,999","35,999","18,3","8,999","6,999","17,999","20,999","8,999","3,999","0,999","4,999","3,999","0,999","0,999","77,2","7,999","24,999","4,999","4,999","12,1","22,3","41,999","2,999","22,999","1,999","43,1","20,999","2,999","29,3","0,999","29,999","29,3","1,999","49,999","1,999","9,999","0,999","1,999","3,999","0,999","5,999","6,999","0,999","16,1","2,999","84,999","5,999","13,999","3,999","13,999","11,999","5,999","78,999","1,999","37,0","49,999","3,999","26,3","2,999","3,999","41,999","12,999","16,999","5,999","118,999","15,999","23,2","84,0","5,999","56,999","92,999","30,4","41,1","33,999","12,999"
"2,999","2,999","3,999","10,2","10,999","31,999","20,999","24,999","40,999","6,999","23,999","41,999","1,999","9,999","11,999","0,999","2,999","40,4","48,2","67,4","2,999","17,999","3,999","51,999","32,3","3,999","4,999","2,999","13,999","10,999","80,999","15,999","1,999","0,999","0,999","28,999","0,999","14,999","1,999","13,3","114,999","45,999","91,999","39,4","0,999","5,999","12,999","87,3","0,999","8,999","1,999","17,2","7,999","3,999","8,999","12,999","29,4","13,999","125,0","4,999","6,999","35,999","50,999","1,999","3,999","11,1","34,999","1,999","3,999","0,999","1,999","8,3","95,999","1,999","3,999","14,999","0,999","2,999","119,999","6,999","6,999","35,3","0,999","6,999","25,999","6,999","55,2","12,999","6,999","78,999","1,999","39,999","8,999","13,999","31,999","1,999","11,999","7,999","0,999","1,999"
"2,999","25,999","6,999","25,4","47,1","50,999","34,0","1,999","9,999","12,999","6,999","10,999","5,999","107,3","5,999","1,999","8,999","13,2","1,999","0,999","32,4","6,999","26,3","15,999","36,999","9,999","0,999","3,999","0,999","36,999","43,999","19,999","4,999","5,999","7,999","7,999","1,999","23,999","7,999","1,999","2,999","11,999","0,999","18,999","8,999","15,3","26,999","55,1","7,999","125,1","5,999","13,999","37,3","65,3","4,999","12,999","10,999","13,999","20,1","0,999","9,999","0,999","26,999","7,999","7,999","1,999","7,999","2,999","6,999","51,999","59,0","12,999","10,999","1,999","0,999","0,999","0,999","41,999","3,999","3,999","37,3","7,999","0,999","32,999","11,999","5,999","36,4","1,999","17,999","51,4","8,999","27,999","4,999","4,999","26,999","2,999","22,3","64,999","7,999","65,999"
"53,1","19,999","9,1","1,999","13,999","18,999","1,999","44,4","3,999","12,999","19,999","19,999","37,0","17,999","0,999","2,999","3,999","19,3","1,999","1,999","56,999","15,999","8,999","27,999","29,1","14,0","10,999","6,999","20,999","2,999","40,999","1,999","6,4","2,999","43,2","5,0","27,0","27,1","32,4","5,999","1,999","4,999","10,999","13,0","6,999","17,3","80,3","22,0","0,999","9,999","5,999","0,999","3,999","4,999","2,999","0,999","83,999","1,999","3,999","1,999","9,999","11,999","48,2","0,999","3,999","49,999","0,999","4,999","1,999","49,1","5,999","52,999","36,2","11,999","2,999","16,2","33,3","8,999","33,0","2,999","13,999","45,999","11,999","5,999","38,999","30,0","9,999","12,999","10,999","8,999","52,999","27,4","3,999","56,0","62,999","15,1","8,999","4,999","17,0","17,999"
"24,999","28,999","28,999","38,999","4,999","3,999","35,999","61,1","23,999","30,3","3,999","112,999","9,999","0,999","39,3","5,999","49,999","6,999","1,999","3,999","1,999","24,999","6,999","8,3","57,1","57,999","32,0","18,1","0,999","6,999","22,1","31,999","1,999","4,999","24,999","0,999","16,3","1,999","2,999","4,999","2,999","52,1","0,999","29,0","17,2","16,999","4,999","0,999","9,999","29,3","4,999","1,999","68,999","1,999","2,999","40,0","7,2","21,3","5,999","31,0","55,2","0,999","7,999","0,999","5,999","50,4","19,2","24,999","8,999","0,999","113,999","68,4","6,999","27,0","5,999","1,999","1,999","3,999","3,999","7,999","7,999","1,999","12,999","17,999","5,999","64,999","0,999","22,3","8,999","0,999","36,999","36,1","32,999","92,4","2,999","18,999","18,999","10,999","4,999","5,999"
"3,999","1,999","13,0","17,999","27,4","2,999","19,999","11,999","3,999","5,999","20,999","0,999","100,999","9,999","3,999","15,999","24,0","19,0","27,4","6,999","44,1","20,999","3,999","2,999","1,999","1,999","53,0","30,999","26,4","84,999","19,999","101,999","0,999","46,999","109,999","3,999","1,999","2,999","28,999","24,999","4,999","0,999","9,999","9,3","20,4","2,999","6,999","4,999","26,999","4,999","2,999","79,999","15,999","0,999","16,0","5,999","3,999","89,2","6,999","0,999","5,1","1,999","55,4","53,0","68,999","34,999","36,999","1,999","2,999","11,999","109,999","26,999","20,3","14,999","12,999","24,999","0,999","8,1","4,999","25,4","1,999","5,999","12,999","97,2","28,999","0,999","30,1","1,999","0,999","96,3","3,999","2,999","36,4","26,999","12,999","4,999","0,999","5,999","5,999","1,999"
"4,999","36,4","1,999","4,999","55,999","0,999","17,999","1,999","38,999","6,999","30,999","6,999","8,999","5,999","5,999","7,999","6,999","18,999","43,999","2,999","23,999","9,1","2,999","0,999","0,999","0,999","1,999","25,999","1,999","6,0","2,999","4,999","11,999","5,999","13,999","22,999","60,3","0,999","18,999","47,999","0,999","6,999","111,1","11,999","24,3","64,999","84,999","13,3","0,999","5,999","15,1","89,999","47,2","3,999","0,999","3,999","1,999","4,999","10,3","34,999","4,999","96,999","0,999","0,999","14,2","19,999","19,999","16,999","1,999","4,999","15,999","14,999","38,999","4,999","9,999","0,999","46,1","1,999","0,999","31,999","32,1","5,999","0,999","2,999","12,999","84,1","104,999","113,0","0,999","1,999","8,999","21,999","0,999","6,999","58,3","14,999","3,999","15,999","16,999","0,999"
"43,0","52,999","0,999","5,999","43,999","20,999","17,999","7,999","22,999","22,999","3,999","35,4","1,999","25,999","3,999","7,999","23,1","1,999","0,999","28,999","20,999","22,999","1,2","22,999","4,999","40,999","5,999","0,999","4,999","9,1","30,999","2,999","6,999","28,1","4,999","4,999","1,999","29,999","69,999","56,4","22,0","3,999","3,999","1,999","37,0","13,999","0,999","6,999","2,999","28,999","0,999","4,999","0,999","56,999","3,999","60,999","38,0","6,999","8,999","29,999","12,999","8,999","1,999","0,999","1,999","1,999","0,999","3,999","1,999","2,999","6,999","14,4","6,999","3,999","5,999","4,999","5,999","34,4","4,999","19,999","21,999","34,0","3,999","49,3","7,999","0,999","4,999","14,1","16,999","26,999","28,999","39,4","22,999","3,999","11,999","17,999","63,999","3,999","2,999","20,4"
"0,999","22,999","141,1","0,999","9,999","42,999","34,2","6,999","4,999","16,999","7,999","17,4","0,999","0,999","15,999","98,1","23,999","6,999","19,999","13,999","30,1","29,999","1,999","2,999","40,0","0,999","0,999","4,999","2,999","86,999","5,999","1,999","5,999","18,999","6,999","19,999","14,3","18,999","34,4","10,3","1,999","4,999","2,999","0,999","0,999","17,999","27,999","13,999","1,999","22,4","2,999","38,4","9,999","1,999","7,999","2,999","62,999","14,999","1,999","14,999","14,999","0,999","19,999","0,999","29,999","15,999","3,999","40,999","18,999","15,4","7,999","10,999","0,999","12,999","1,999","22,3","34,999","13,999","35,999","11,999","0,999","1,999","1,999","35,999","2,999","1,999","20,999","26,1","6,999","7,999","13,0","34,0","2,999","0,999","17,999","2,999","5,999","27,4","17,999","3,999"
"14,999","2,999","4,999","0,999","18,4","20,999","27,999","1,999","35,999","12,999","30,4","23,999","4,999","111,1","30,999","2,999","13,999","3,999","20,3","2,999","20,999","96,0","62,3","49,999","1,999","0,999","52,999","0,999","0,999","33,2","2,999","27,999","19,4","0,999","5,999","32,1","13,999","8,999","0,999","38,999","2,999","5,999","48,1","50,2","3,999","0,999","64,0","3,999","68,999","5,999","7,999","3,999","0,999","62,999","1,999","65,2","20,999","17,2","16,1","29,3","14,999","73,999","33,999","8,999","26,999","0,999","25,2","82,999","1,999","31,1","13,999","105,4","1,999","17,999","91,2","24,999","32,999","14,999","8,999","12,2","10,1","5,999","8,999","21,3","6,999","5,999","2,999","44,999","3,999","2,999","25,1","5,999","2,999","1,999","13,1","1,999","1,999","1,999","4,999","2,999"
"48,999","1,999","1,999","7,999","20,0","10,999","0,999","7,999","9,999","2,999","12,999","2,999","81,3","31,0","44,999","32,4","2,999","9,999","50,0","2,999","16,4","32,1","59,999","2,999","10,3","31,2","2,999","18,999","2,999","0,999","1,999","53,999","20,999","24,999","19,1","10,999","30,999","8,999","8,999","66,999","6,999","2,999","32,1","12,4","45,1","1,999","13,999","36,999","35,999","8,999","0,999","2,999","9,999","11,999","1,999","11,999","2,999","37,999","48,999","8,999","1,999","8,2","69,2","25,999","26,2","65,0","51,0","3,999","2,999","16,999","29,999","108,999","0,999","45,999","83,999","32,999","0,999","15,999","18,999","8,999","34,999","5,999","0,999","18,999","65,999","14,4","13,0","0,999","41,4","12,0","0,999","25,4","10,999","8,999","29,999","1,999","5,999","3,999","15,999","6,999"
"2,999","0,999","1,999","9,999","10,999","5,999","7,999","7,999","2,999","44,2","71,1","5,999","2,999","3,999","1,999","13,1","3,999","3,999","10,4","5,999","49,999","9,999","5,999","71,999","5,999","47,999","1,999","31,999","7,999","2,999","54,999","0,999","68,999","33,999","42,2","39,999","34,999","36,1","0,999","0,999","51,4","11,999","0,999","2,999","54,3","8,999","0,999","68,0","10,3","130,999","22,999","7,999","0,999","23,999","7,999","1,999","0,999","11,999","5,999","0,999","7,999","12,3","26,999","2,999","14,2","16,999","17,999","34,3","12,999","0,999","0,999","5,999","0,999","19,999","39,3","11,999","0,999","9,999","9,999","9,999","26,999","6,999","6,999","8,999","8,999","1,999","15,999","27,3","1,999","1,999","29,999","64,999","1,999","69,999","36,3","27,0","19,999","38,1","8,999","2,999"
"25,999","19,999","8,4","58,999","57,999","46,0","36,1","4,999","1,999","8,4","5,999","2,999","6,999","2,999","29,999","6,999","7,999","7,999","34,999","19,999","1,999","56,999","1,999","11,0","10,999","10,999","114,2","11,999","47,999","2,999","6,999","6,999","6,999","28,1","2,999","7,999","24,0","11,999","102,999","12,999","8,999","5,999","13,999","4,999","46,999","2,999","8,999","47,999","33,999","14,999","6,999","10,999","15,999","14,999","3,999","6,999","0,999","57,1","23,3","9,2","0,999","3,999","21,999","48,0","19,3","39,4","29,0","9,3","14,999","6,999","0,999","0,999","1,999","0,999","6,999","141,999","18,999","2,999","157,0","1,999","5,999","4,999","26,999","15,999","6,999","16,999","1,999","0,999","10,999","33,1","0,999","8,999","58,999","10,999","1,999","31,999","0,999","32,999","2,999","4,999"
"6,999","15,999","1,999","12,999","0,999","11,999","3,2","51,999","30,999","18,999","8,999","61,999","31,1","27,999","21,999","4,999","34,999","31,999","23,2","13,999","1,999","1,999","25,999","34,999","5,999","2,999","4,999","1,999","8,999","4,999","57,999","6,2","20,0","10,3","9,999","7,999","78,999","2,999","4,999","2,999","2,999","45,999","9,999","12,999","15,999","0,999","16,999","10,999","3,999","3,999","11,2","51,0","1,999","60,999","72,999","10,0","14,999","4,999","19,3","17,999","13,999","27,999","22,2","1,999","51,999","18,999","54,3","15,999","9,4","35,2","67,999","54,0","17,999","12,1","7,999","6,999","21,999","1,999","2,999","0,999","30,0","1,999","46,999","8,2","13,2","21,999","2,999","3,999","14,999","0,999","15,999","2,999","0,999","11,999","6,999","2,999","7,999","2,999","17,999","8,999"
"2,999","26,999","44,0","1,999","86,0","4,999","1,999","4,999","46,999","42,999","1,999","51,999","5,999","1,999","0,999","98,999","33,1","18,999","1,999","6,999","4,999","17,999","12,1","2,999","19,999","31,2","2,999","1,999","9,999","5,999","3,999","11,999","1,999","69,3","24,3","8,999","21,999","2,999","9,1","11,999","48,999","6,999","5,999","15,999","10,999","13,999","8,999","32,0","5,999","6,999","3,999","3,999","25,0","0,999","8,999","0,999","34,1","12,3","4,999","21,999","24,0","89,999","7,999","14,999","11,999","5,999","29,2","15,3","22,4","3,999","6,999","33,999","24,999","28,999","38,999","12,3","1,999","1,999","4,999","0,999","0,999","16,999","1,999","17,4","8,999","16,999","4,999","75,999","2,999","21,999","34,1","2,999","68,1","8,999","0,999","19,999","1,999","36,4","5,999","0,999"
"19,999","36,999","27,999","1,999","44,1","23,999","43,999","26,2","2,999","96,0","49,4","30,999","29,999","0,999","1,999","48,0","10,1","1,999","18,999","21,999","54,999","4,999","2,999","51,999","19,2","1,999","8,999","37,999","19,1","0,999","41,4","3,999","17,999","17,999","1,999","6,999","27,999","27,999","0,999","13,999","2,999","10,999","7,999","3,999","31,999","8,999","7,999","12,999","2,999","16,999","10,999","44,2","5,999","14,999","5,999","4,999","58,999","3,999","14,999","1,999","23,999","29,999","54,999","2,999","65,999","0,999","1,999","18,999","35,999","50,999","21,999","29,999","4,999","25,999","4,999","10,999","19,999","46,3","12,2","13,3","0,999","8,999","5,999","12,999","18,999","6,999","33,3","1,999","8,999","1,999","24,999","4,999","51,4","24,999","7,999","53,1","45,999","0,999","12,999","26,999"
"23,0","17,999","58,4","1,999","1,999","5,999","16,999","43,999","16,999","8,999","21,999","3,999","14,999","3,999","51,4","5,999","3,999","130,0","12,999","38,0","20,0","21,1","0,999","0,999","11,999","1,999","33,999","57,4","47,0","42,999","16,3","42,999","40,4","3,999","4,999","1,999","37,999","0,999","13,999","6,999","12,999","27,999","13,999","58,4","21,999","3,999","27,999","12,999","9,2","0,999","2,999","0,999","0,999","3,999","33,2","1,999","9,999","7,999","6,0","19,0","18,1","13,999","23,4","24,999","2,999","3,999","27,999","6,999","138,999","0,999","19,999","15,999","14,999","25,999","23,999","19,4","8,999","49,2","17,2","4,999","0,999","1,999","2,999","5,999","0,999","17,999","21,999","41,999","8,999","21,999","29,3","3,999","61,0","41,1","1,999","34,3","21,999","1,999","8,999","0,999"
"17,0","11,1","7,999","88,3","61,0","147,2","6,999","2,999","12,999","87,2","33,999","0,999","48,0","26,999","24,999","0,999","12,999","5,999","11,999","29,999","0,999","5,999","60,999","10,999","52,1","12,2","13,999","1,999","19,999","8,999","14,999","1,999","17,2","0,999","32,999","52,999","44,999","10,999","13,999","48,999","0,999","0,999","1,999","17,999","4,999","6,999","32,999","28,999","2,999","3,999","18,4","8,0","2,999","11,999","0,999","6,999","68,1","6,999","1,999","15,999","9,999","9,999","0,999","49,999","47,0","0,999","53,3","48,999","6,999","57,999","3,999","48,2","1,999","83,0","1,999","35,999","7,999","3,999","4,999","14,999","37,0","67,2","0,999","19,1","43,1","75,3","0,999","13,2","83,999","3,999","0,999","54,3","4,999","54,999","0,999","6,999","21,999","27,3","39,999","1,999"
"4,999","4,999","6,999","26,3","6,999","3,999","41,1","13,999","2,999","16,1","1,999","15,2","25,999","7,999","22,999","8,0","45,999","12,1","20,999","19,999","52,999","7,999","26,999","14,999","1,999","30,0","1,999","3,999","9,999","4,999","4,999","30,999","17,999","19,999","2,999","0,999","23,999","36,999","6,999","21,2","9,999","5,999","8,999","35,1","33,1","44,999","8,999","9,999","8,2","6,3","24,999","2,999","1,999","1,999","34,999","2,999","2,999","4,999","10,999","32,999","6,999","21,999","3,999","0,999","11,999","35,999","10,999","2,999","18,999","72,2","3,999","3,999","34,999","6,999","6,999","31,999","0,999","25,1","6,999","5,2","0,999","8,999","55,999","0,999","7,999","25,999","12,999","1,999","50,999","38,999","96,4","2,999","8,999","71,999","3,999","140,999","31,4","29,999","0,999","24,999"
"0,999","1,999","18,4","18,999","0,999","125,4","17,0","10,999","26,999","67,3","4,999","8,999","0,999","15,999","51,999","6,999","6,999","4,999","25,999","18,999","13,999","11,0","101,999","0,999","14,2","0,999","16,999","0,999","6,999","24,999","1,999","10,999","7,999","1,999","3,999","6,999","29,999","25,4","7,999","20,999","26,3","7,999","16,999","22,999","4,999","30,999","23,999","0,999","17,999","75,4","1,999","8,999","0,999","7,999","49,4","22,4","4,999","1,999","7,3","46,4","37,999","10,4","5,999","49,999","3,999","3,999","44,4","6,999","77,1","19,4","28,2","5,999","1,999","30,1","14,999","26,999","14,999","3,999","26,999","38,999","5,999","2,999","10,999","16,999","34,999","0,999","2,999","2,999","7,999","0,999","13,999","27,999","1,999","69,999","63,2","3,999","32,2","5,999","3,999","5,999"
"7,999","16,1","68,0","3,999","23,3","4,999","2,999","5,999","14,999","6,999","4,999","5,999","8,999","1,999","3,999","47,999","1,999","8,999","23,2","18,999","23,2","17,2","38,999","2,999","19,999","19,0","5,999","0,999","0,999","37,999","3,999","6,999","86,1","10,999","15,999","9,999","0,999","12,999","1,999","4,999","0,999","0,999","34,1","13,999","8,999","19,999","0,999","48,3","0,999","0,999","7,999","8,999","37,1","0,999","0,999","1,999","43,999","5,999","1,999","9,999","120,4","2,4","9,999","21,999","4,999","2,999","0,999","12,2","25,1","2,999","37,999","15,999","0,999","38,0","2,999","80,999","44,1","7,999","4,999","3,999","6,999","6,999","65,999","0,999","2,999","1,999","0,999","3,999","0,999","22,4","1,999","6,999","2,999","1,999","16,999","18,2","7,999","103,3","19,2","34,999"
"12,999","1,999","2,999","8,999","4,999","32,999","68,999","23,1","8,999","1,999","1,999","33,999","32,999","7,999","1,999","53,999","6,3","9,999","43,999","66,999","0,999","13,999","5,999","5,1","1,999","17,999","4,999","18,1","26,0","4,999","0,999","14,999","3,999","52,0","109,2","1,999","1,999","68,0","1,999","4,999","11,999","18,999","0,999","13,999","15,999","0,999","2,999","13,999","30,0","14,999","2,999","1,999","19,999","27,999","10,999","91,3","18,0","19,999","17,999","47,3","7,999","10,999","44,999","22,1","12,999","0,999","0,999","81,999","10,0","4,999","2,999","0,999","23,4","28,999","0,999","31,999","54,2","1,999","0,999","1,999","5,999","0,999","38,0","25,0","14,999","29,999","17,999","0,999","82,0","8,999","15,999","14,2","65,999","6,999","54,1","7,999","10,999","10,999","5,999","16,999"
"9,999","0,999","10,999","30,1","28,3","39,4","1,999","31,999","5,999","41,4","7,999","2,999","44,999","40,999","92,999","13,999","75,999","2,999","11,1","37,999","2,999","0,999","41,0","67,0","0,999","2,999","41,2","3,999","7,999","2,999","2,999","29,999","34,4","51,999","4,999","0,999","1,999","26,2","7,999","1,999","13,999","35,1","7,999","54,4","4,999","3,999","7,999","18,999","0,999","20,0","0,999","65,4","10,4","0,999","25,999","1,999","14,999","5,999","19,999","36,1","39,999","61,1","72,999","7,999","6,999","11,999","3,999","8,999","27,999","3,999","62,3","25,2","21,999","54,3","20,999","3,999","0,999","7,999","5,999","4,999","17,999","0,999","87,2","22,4","15,999","19,999","34,4","2,999","40,3","8,999","71,999","1,999","10,999","5,999","3,999","13,2","2,999","71,0","6,999","2,999"
"2,999","53,999","100,1","19,2","1,999","24,999","0,999","0,999","51,999","27,999","77,1","6,4","2,999","4,999","23,999","0,999","3,999","0,999","1,999","20,999","5,999","20,999","26,999","14,999","38,1","4,999","1,999","13,999","8,999","70,999","26,999","45,1","49,999","43,2","1,999","19,999","30,999","51,4","43,4","9,999","5,999","28,0","24,999","10,999","14,2","69,999","1,999","15,999","1,999","8,999","8,999","25,4","10,3","1,999","1,999","26,1","1,999","3,999","1,999","0,999","3,999","28,4","112,999","11,999","0,999","53,1","4,999","9,999","8,999","31,999","10,999","10,999","16,999","21,999","35,999","0,999","0,999","36,999","14,999","1,999","15,999","26,0","10,999","11,0","25,1","36,999","21,3","12,999","19,999","4,999","1,999","0,999","18,4","21,999","0,999","2,999","27,999","46,2","3,999","9,999"
"1,999","26,999","63,2","85,1","10,999","36,2","7,999","1,999","5,999","2,999","7,999","4,999","30,3","36,0","2,999","5,999","6,0","5,999","49,999","31,999","17,999","4,999","2,999","88,4","67,999","0,999","5,999","48,999","8,999","13,0","0,999","34,1","6,999","0,999","15,999","32,4","30,3","0,999","4,999","1,999","5,999","2,999","25,999","12,999","0,999","14,999","11,999","27,4","80,3","2,999","5,1","32,999","18,4","1,999","1,999","1,999","5,999","10,999","68,999","0,999","30,999","2,999","40,4","1,999","4,999","88,999","1,999","16,999","1,999","24,999","2,999","34,999","34,1","14,999","9,4","13,999","10,2","1,999","1,999","2,999","23,2","15,999","90,0","0,999","33,999","2,999","10,999","57,999","23,1","26,999","4,999","45,999","8,999","5,999","40,999","8,999","1,999","2,999","7,999","24,4"
"101,999","1,999","1,999","3,999","2,999","83,999","0,999","0,999","6,999","68,1","10,999","0,999","1,999","13,999","26,999","7,999","2,999","78,0","3,999","0,999","7,999","3,999","24,999","40,2","3,999","3,999","29,999","79,3","53,999","7,999","7,999","6,999","14,999","12,1","8,999","40,1","30,3","14,999","11,999","6,999","7,4","18,999","2,999","31,2","1,999","2,999","2,999","2,999","29,2","4,999","20,999","0,999","0,999","2,999","7,999","7,999","82,999","72,0","12,999","6,999","0,999","3,999","8,999","0,999","5,999","1,999","6,999","29,1","0,999","15,999","9,999","33,999","13,999","3,999","31,999","11,999","4,999","0,999","35,0","48,2","6,999","1,999","45,999","39,2","3,999","0,999","0,999","25,1","10,999","4,999","1,999","3,999","30,999","0,999","39,999","3,0","6,999","4,999","5,999","12,999"
"37,999","3,999","1,999","39,999","119,999","7,3","0,999","97,0","27,999","2,999","9,999","21,999","52,999","8,999","10,999","7,2","21,2","16,999","29,4","4,999","6,999","2,999","9,999","3,999","3,999","7,999","0,999","32,2","9,999","0,999","7,999","1,999","3,999","9,999","3,999","15,999","0,999","30,999","16,999","27,3","2,999","5,999","2,999","9,999","6,999","4,999","0,999","11,4","12,999","73,999","112,4","32,999","1,999","2,999","64,1","55,2","0,999","7,999","26,999","0,999","31,999","4,999","0,999","34,1","19,999","3,999","2,999","55,999","7,999","11,999","2,999","66,999","5,999","0,999","1,999","5,999","32,999","19,0","40,2","9,999","8,999","2,999","0,999","14,2","42,0","9,999","6,999","26,999","30,3","18,1","6,999","6,4","41,4","15,999","0,999","1,999","13,999","1,999","14,999","9,999"
"24,999","9,999","40,1","13,999","34,999","1,999","19,999","3,999","22,999","5,999","1,999","40,2","2,999","8,0","0,999","0,999","2,999","20,1","6,999","0,999","38,999","8,999","32,1","2,999","0,999","7,999","5,999","8,999","1,999","0,999","39,999","0,999","26,1","21,3","1,999","4,999","24,999","18,999","55,999","25,0","30,1","8,4","0,999","14,999","7,999","14,0","67,4","25,1","21,4","4,999","30,999","17,999","0,999","34,4","15,999","32,1","1,999","1,999","22,3","2,999","43,2","49,999","5,999","8,999","4,999","0,999","65,2","17,0","21,999","25,4","13,999","5,999","0,999","102,999","2,999","0,999","17,999","65,4","2,999","15,999","14,3","103,999","0,999","10,999","7,999","4,999","9,999","70,999","26,999","0,999","35,0","3,999","10,999","9,0","2,999","9,999","11,2","5,999","16,999","29,0"
"34,999","21,2","5,999","29,999","19,999","4,999","0,999","17,999","16,999","1,999","6,999","10,999","12,999","15,4","66,999","39,999","14,999","78,1","0,999","0,999","3,999","0,999","2,999","72,1","21,0","56,1","14,999","28,999","29,999","26,999","2,999","37,999","32,1","6,999","0,999","49,2","11,999","11,999","73,2","2,999","45,1","56,999","31,3","1,999","40,3","1,999","39,999","46,999","5,999","10,999","25,999","5,999","1,999","60,2","28,999","21,999","14,999","3,999","5,999","7,999","4,999","39,3","4,999","2,999","4,999","10,999","1,999","22,999","42,4","1,999","1,999","17,999","5,999","0,999","0,999","0,999","2,999","7,999","1,999","78,999","36,999","26,999","3,999","3,999","110,4","11,999","65,999","4,999","5,999","55,1","7,999","42,999","22,999","0,999","18,999","70,999","21,999","6,999","13,999","0,999"
"5,999","78,1","104,0","61,999","18,999","38,3","14,999","1,999","8,999","55,0","85,3","89,2","0,999","43,3","7,2","9,999","35,4","4,999","13,999","53,4","0,999","35,3","27,999","64,0","60,1","34,4","40,999","2,999","5,999","40,3","51,999","10,1","12,999","4,999","47,0","4,999","7,999","3,999","1,999","22,4","3,999","6,999","3,999","6,999","0,999","24,2","12,999","53,3","32,1","5,999","5,999","16,1","6,999","15,999","39,0","5,999","1,999","7,999","12,999","0,999","34,1","25,2","18,999","19,3","15,999","0,999","0,999","42,999","0,999","64,999","1,999","41,1","21,999","19,999","16,999","52,999","20,4","47,2","24,999","0,999","4,999","3,999","31,3","17,0","23,999","0,999","22,999","2,999","2,999","6,999","3,999","3,999","41,999","11,999","30,999","11,999","48,4","9,999","13,999","1,999"
"2,999","4,999","49,999","5,999","6,999","9,999","12,999","80,999","11,999","1,999","79,4","2,999","1,999","2,999","17,999","14,999","34,3","1,999","13,999","9,999","4,999","9,999","20,999","52,0","4,999","4,999","5,999","16,999","28,4","8,999","39,1","62,1","28,999","2,999","18,999","1,999","16,999","29,999","17,999","8,999","16,999","6,999","1,999","7,999","26,1","15,2","8,999","39,1","28,999","5,999","8,999","0,999","0,999","2,999","15,999","4,999","9,999","44,2","48,3","8,999","0,999","73,999","13,999","83,999","47,0","3,999","64,999","33,3","21,999","23,4","19,1","4,999","5,999","0,999","8,1","2,999","4,999","6,3","0,999","0,999","4,999","1,999","1,999","2,999","5,999","3,999","7,999","3,999","4,999","61,999","2,999","1,999","8,999","75,999","8,999","2,999","54,2","7,999","11,999","13,999"
"6,0","3,999","1,999","13,1","23,999","22,999","27,999","0,999","13,999","0,999","10,999","2,999","2,999","4,999","8,999","7,999","27,999","1,999","3,2","5,999","29,999","1,999","28,2","1,999","3,999","13,999","39,999","58,999","2,999","7,999","27,999","10,0","45,0","13,999","9,999","20,0","3,999","5,999","4,999","0,999","30,2","4,999","40,4","54,999","26,999","0,999","3,999","23,999","83,4","31,999","30,1","58,3","17,999","7,999","0,999","4,999","35,3","58,1","18,999","0,999","5,999","23,999","34,999","16,999","18,0","20,3","10,999","41,999","45,999","37,999","8,999","0,999","0,999","1,999","55,999","49,999","34,999","12,999","22,1","15,999","0,999","4,999","3,999","21,0","48,999","8,3","28,999","0,999","23,4","51,999","4,999","45,999","3,999","0,999","2,999","38,999","13,999","22,999","8,999","15,0"
"50,999","27,999","7,999","3,999","59,999","6,999","23,1","8,999","9,999","41,999","1,999","14,0","25,1","39,2","30,4","15,2","7,999","16,999","0,999","1,999","4,999","8,999","1,999","1,999","11,999","35,0","4,999","0,999","0,999","8,999","20,999","5,999","106,0","40,4","15,3","38,999","16,1","7,0","3,999","86,999","1,999","2,999","7,999","1,999","33,2","0,999","15,999","1,999","16,999","2,999","82,999","1,999","21,999","25,999","8,999","0,999","45,4","10,1","16,999","16,999","5,999","19,999","15,0","25,999","6,999","16,999","4,999","31,3","3,999","1,999","0,999","3,999","41,3","0,999","5,999","15,999","8,999","8,999","78,0","11,999","36,999","14,999","46,999","9,999","24,999","5,999","14,4","32,1","63,2","53,3","0,999","0,999","15,999","7,999","34,999","18,999","29,0","6,999","101,4","48,999"
"45,4","18,999","23,999","21,4","9,999","64,999","3,999","65,2","3,999","10,999","14,999","15,999","7,999","4,999","25,999","6,999","48,999","45,2","0,999","21,999","55,999","29,1","13,999","35,4","7,999","72,999","49,999","0,999","45,3","5,999","73,999","12,999","12,999","9,999","2,999","24,999","7,999","28,1","1,999","22,999","1,999","3,999","16,999","18,999","1,999","15,999","40,999","79,4","23,999","30,4","18,999","2,999","7,0","6,999","71,999","3,999","79,0","0,999","15,999","3,999","29,3","0,999","4,999","20,999","0,999","8,999","0,999","0,999","2,999","0,999","0,999","22,2","2,999","1,999","57,0","30,1","35,999","4,999","31,999","22,999","30,999","68,999","1,999","60,4","27,3","26,999","25,0","4,999","42,3","1,999","4,999","16,2","2,999","29,2","2,999","0,999","5,999","8,999","25,999","1,999"
"3,999","8,999","81,1","3,999","11,1","58,999","38,999","2,999","1,999","89,999","29,4","20,999","0,999","3,999","96,2","38,999","22,999","1,999","6,999","5,999","1,999","1,999","6,999","12,999","6,999","16,999","57,999","0,999","117,999","15,999","1,999","4,999","41,999","36,999","17,999","40,3","4,999","5,999","5,999","28,0","153,999","7,999","3,999","120,1","7,999","11,999","30,2","0,999","8,999","12,999","13,4","13,999","9,999","13,1","88,1","1,999","8,999","59,0","0,999","19,999","21,4","11,999","19,2","1,999","23,999","14,999","13,999","0,999","26,3","5,999","26,999","1,999","38,3","41,2","2,999","36,1","13,999","81,4","46,999","14,999","10,999","2,999","4,999","0,999","28,999","70,3","11,3","25,999","47,999","2,999","6,999","3,999","26,999","18,999","0,999","15,2","8,999","3,999","9,999","94,999"
"40,999","48,3","3,999","18,999","90,999","20,3","17,999","11,999","24,999","63,1","81,4","3,999","42,999","13,999","1,999","39,3","14,4","52,1","19,0","1,999","28,2","19,2","15,999","22,999","22,999","3,999","44,4","35,999","11,999","13,999","7,999","5,999","26,3","14,999","7,0","17,999","2,999","4,999","3,999","19,0","0,999","18,999","2,999","30,999","27,999","20,999","15,999","1,999","34,999","0,999","0,999","76,999","0,999","14,2","12,999","3,999","8,999","33,1","37,3","18,999","86,2","2,999","4,999","15,999","8,999","0,999","9,999","1,999","48,999","2,999","0,999","23,1","25,999","41,2","25,1","20,999","50,999","5,999","0,999","65,999","9,3","21,999","3,999","36,2","17,999","0,999","1,999","23,999","17,999","22,1","33,999","19,999","29,999","23,999","6,999","0,999","59,3","11,999","2,999","47,999"
"11,3","18,2","6,999","0,999","53,999","15,999","3,999","34,999","66,999","0,999","2,999","8,999","14,999","28,999","31,999","28,999","3,999","32,3","7,999","22,999","35,999","6,999","10,999","12,999","35,999","23,999","8,999","8,999","8,999","2,999","22,999","23,999","6,999","3,999","1,999","0,999","0,999","6,999","33,999","21,999","9,999","3,999","5,999","8,999","18,1","0,999","50,999","13,999","18,4","62,999","4,999","27,999","2,999","15,999","51,999","6,999","29,999","16,999","51,999","20,3","1,999","6,999","6,999","2,999","33,3","3,999","6,999","0,999","1,999","26,999","28,999","38,999","10,999","61,1","13,999","12,999","32,999","29,3","0,999","1,999","78,999","35,999","7,999","4,999","24,999","22,4","13,3","60,999","0,999","3,999","25,999","3,999","5,999","0,999","15,3","1,999","49,999","53,999","9,999","0,999"
"19,999","9,999","79,2","6,999","4,999","22,999","58,1","63,0","13,999","0,999","46,4","8,999","4,999","0,999","2,999","4,999","36,3","69,999","0,999","8,999","55,999","0,999","7,999","1,999","77,1","0,999","0,999","5,999","32,999","9,999","3,999","20,3","6,999","1,999","8,999","12,999","0,999","5,999","21,1","34,999","4,999","1,999","5,999","30,2","1,999","7,999","1,999","1,999","26,999","13,999","17,2","4,999","26,999","5,999","1,999","0,999","58,2","24,999","13,999","1,999","4,999","1,999","8,999","3,999","5,999","39,4","62,999","22,3","0,999","37,4","19,999","2,999","3,999","32,1","60,999","0,999","1,999","10,999","0,999","8,999","1,999","22,999","23,999","17,999","3,999","4,999","20,999","13,999","7,999","45,1","9,999","5,999","61,4","7,999","43,999","8,999","7,999","23,0","10,999","58,2"
"6,999","3,999","2,999","1,999","54,999","17,1","0,999","0,999","7,999","41,0","30,2","0,999","5,999","3,999","2,999","0,999","17,999","2,999","18,999","1,999","1,999","8,999","3,999","4,999","63,999","40,999","33,0","6,999","0,999","1,999","20,999","11,999","6,999","11,999","10,999","22,3","42,999","0,999","5,999","0,999","18,999","2,999","2,999","6,999","0,999","2,999","3,999","22,3","13,999","24,2","2,999","18,999","1,999","7,999","14,999","3,999","20,999","1,999","1,999","11,999","23,2","6,999","16,999","15,999","26,999","3,999","22,3","8,999","61,0","59,999","77,999","21,999","29,999","1,999","16,0","72,999","13,999","35,999","0,999","18,999","21,999","22,3","40,1","35,0","1,999","21,999","4,999","2,999","21,999","2,999","18,999","4,999","19,4","7,999","5,999","4,999","10,0","37,999","2,999","18,999"
"0,999","16,999","1,999","7,999","30,999","0,999","143,2","57,999","0,999","10,999","9,999","5,999","70,999","12,999","12,999","6,999","36,0","5,999","2,999","4,999","2,999","78,999","47,1","17,1","42,999","20,2","20,3","1,999","14,999","2,999","9,999","18,1","41,999","127,0","6,999","25,999","3,999","0,999","52,999","7,1","7,999","0,999","38,0","3,999","6,999","5,999","14,999","26,1","8,999","16,4","25,1","0,999","1,999","5,999","9,999","2,999","77,999","2,999","13,999","7,999","4,999","0,999","26,3","0,999","29,3","1,999","19,999","7,999","6,999","5,999","2,999","1,999","0,999","0,999","27,0","10,0","28,999","3,999","14,999","0,999","24,4","71,0","3,999","4,999","15,999","18,0","5,999","8,999","16,999","12,999","15,4","10,999","3,999","15,4","27,999","35,999","57,999","9,999","15,999","2,999"
"0,999","10,999","55,4","25,999","22,4","0,999","0,999","46,4","14,3","34,0","20,999","4,999","55,1","24,1","2,999","3,999","14,3","21,999","2,999","17,1","6,999","2,999","33,2","3,999","19,999","49,1","27,0","17,999","11,999","1,999","4,999","0,999","5,999","30,999","5,999","8,999","3,999","1,999","26,999","36,999","37,4","0,999","12,999","1,999","28,999","132,2","12,3","31,1","47,3","2,999","5,999","5,999","1,999","4,999","0,999","16,999","11,999","10,999","32,4","26,999","3,2","32,999","9,1","0,999","10,999","64,4","1,999","1,999","25,999","30,1","3,999","70,0","3,999","0,999","29,999","1,999","2,999","0,999","4,999","41,4","1,999","1,999","16,0","2,999","75,0","18,999","2,999","0,999","98,1","12,999","13,999","28,999","45,999","13,999","36,999","0,999","5,999","0,999","2,999","1,999"
"43,0","18,999","9,999","50,999","16,0","2,999","5,999","1,999","15,999","7,999","29,999","0,999","4,999","13,999","36,0","94,1","17,999","51,0","7,999","42,999","21,999","12,2","16,999","7,999","15,999","17,999","12,0","2,999","46,3","9,999","34,2","16,999","2,999","8,999","76,2","47,999","0,999","4,999","52,999","20,999","7,999","33,999","10,999","43,4","59,999","14,999","2,999","23,999","12,999","51,3","32,999","32,999","54,999","11,999","13,999","20,999","33,999","11,999","10,999","31,4","11,999","1,999","43,999","41,999","0,999","31,999","1,999","28,1","34,999","6,1","11,999","13,999","1,999","21,999","12,999","1,999","14,999","3,999","0,999","27,0","42,999","8,999","56,999","26,999","22,1","3,999","5,999","2,1","36,999","16,999","0,999","2,999","34,1","59,2","20,999","2,999","9,999","7,999","13,999","3,999"
"17,999","1,999","34,999","27,4","10,999","17,999","0,999","3,999","0,999","0,999","47,0","0,999","3,999","11,3","18,999","31,999","3,999","7,999","11,999","35,999","2,999","32,1","0,999","11,2","9,999","99,3","4,999","56,999","12,999","9,999","5,999","42,1","43,3","19,999","26,4","17,2","4,999","0,999","6,999","7,999","9,999","31,999","13,999","86,999","5,999","3,999","12,999","0,999","13,999","8,999","32,999","0,999","12,999","12,0","0,999","2,999","28,3","2,999","0,999","34,2","27,999","1,999","55,999","14,999","3,999","0,999","0,999","9,999","47,999","1,999","17,2","22,2","0,999","16,999","3,999","42,999","27,1","11,999","18,0","15,999","2,999","22,3","19,999","163,4","0,999","0,999","26,999","55,999","1,999","12,999","4,999","18,999","21,2","21,999","12,0","1,999","8,999","49,3","9,999","11,999"
"5,999","1,999","2,999","5,999","24,999","2,999","7,999","15,3","50,999","17,999","41,999","0,999","24,0","6,999","0,999","14,999","44,999","16,2","9,999","13,999","13,999","35,999","31,0","2,999","36,999","12,999","7,999","0,999","42,999","1,999","12,999","1,999","7,999","1,999","11,999","28,999","62,999","20,3","2,999","5,999","17,999","5,999","5,999","0,999","70,999","4,999","5,999","69,4","13,999","16,999","1,999","12,0","1,999","17,999","12,999","4,2","46,999","14,4","3,999","2,999","8,999","20,999","6,999","21,1","48,999","27,4","0,999","58,1","4,999","3,999","5,999","6,999","60,0","39,999","1,999","3,999","32,999","0,999","23,3","11,3","35,3","3,999","52,1","19,999","1,999","6,999","4,999","6,999","29,999","1,999","9,999","3,999","2,999","20,999","0,999","1,999","12,999","41,999","28,999","3,999"
"14,999","13,999","18,999","6,999","7,999","22,1","1,999","4,999","68,999","27,4","16,999","19,0","4,999","19,999","13,3","7,999","20,0","2,999","1,999","15,999","1,999","9,999","2,999","0,999","1,999","1,999","3,999","47,999","6,999","17,999","29,999","42,3","20,999","6,999","1,999","4,999","85,4","1,999","73,999","1,999","30,999","2,999","5,999","0,999","1,999","45,999","61,1","9,999","2,999","2,999","73,4","5,999","14,999","0,999","54,999","44,3","3,999","9,999","21,999","20,999","2,999","14,999","5,999","17,999","18,4","22,999","31,1","22,0","25,0","4,999","0,999","18,999","3,999","16,999","7,999","6,999","3,999","8,3","50,4","12,999","11,4","15,999","5,999","5,999","1,999","3,999","4,999","0,999","22,4","1,999","40,3","39,0","4,999","2,999","80,4","2,999","1,999","0,999","63,3","2,999"
"6,999","7,999","0,999","62,999","2,999","7,999","23,999","11,0","55,0","32,999","1,999","2,999","0,999","2,999","62,0","7,999","29,0","34,3","51,999","13,999","22,999","3,999","8,999","46,3","60,3","13,999","41,2","21,1","3,999","24,3","34,2","13,999","3,999","2,999","20,999","13,3","13,999","16,999","23,999","11,0","3,999","89,3","1,999","47,999","28,0","2,999","2,999","63,4","1,999","0,999","16,999","8,999","13,999","33,0","35,2","10,999","2,999","36,1","18,999","37,3","3,999","0,999","0,999","5,999","13,999","21,999","1,999","22,2","34,999","2,999","42,999","12,999","50,999","12,999","1,999","3,999","28,0","46,999","23,3","9,999","50,1","27,999","12,999","16,0","12,999","56,1","39,0","26,999","0,999","38,999","4,999","3,999","1,999","0,999","0,999","2,999","4,999","0,999","6,999","35,999"
"38,999","15,999","17,999","6,999","30,2","1,999","26,2","10,999","29,2","46,0","3,999","3,999","1,999","1,999","15,999","32,999","3,999","12,999","2,999","32,3","6,999","53,999","2,999","31,999","33,999","95,999","0,999","4,999","6,999","0,999","12,999","15,999","51,999","15,999","31,3","2,999","119,999","11,999","2,999","0,999","2,999","5,999","0,999","4,999","18,999","49,3","66,1","7,999","3,999","22,0","11,999","11,999","38,999","5,999","68,2","1,999","7,999","1,999","6,999","16,999","3,999","1,999","10,999","7,999","6,999","2,999","7,999","14,999","47,2","38,999","12,999","5,999","2,999","0,999","16,999","34,999","2,999","0,999","13,999","16,999","8,999","31,999","14,999","1,999","24,999","4,999","20,999","15,999","0,999","8,999","44,999","15,999","3,999","9,999","34,999","38,999","1,999","31,2","12,999","38,1"
"4,3","57,4","4,999","7,999","34,2","0,999","8,999","51,999","52,999","81,3","19,999","12,999","1,999","21,0","17,999","3,999","6,999","3,999","37,999","32,3","11,999","2,999","39,999","15,999","69,999","17,999","51,999","11,999","28,999","3,999","12,2","16,999","18,999","3,999","2,999","27,999","49,999","52,0","7,999","0,999","33,0","27,2","29,0","62,999","18,1","42,2","9,999","47,2","42,999","0,999","91,999","13,999","25,2","0,999","14,999","1,999","1,999","11,999","23,0","2,999","7,999","34,999","16,999","0,999","15,999","5,999","7,999","4,999","7,999","60,999","11,2","0,999","54,999","3,999","6,999","84,999","55,4","1,999","2,999","7,999","2,999","3,999","50,4","0,999","31,4","20,0","15,999","4,999","8,999","15,999","10,999","1,999","4,999","2,999","32,0","22,0","2,999","18,999","12,999","11,999"
"0,999","22,0","5,999","4,999","127,1","7,999","4,999","4,999","1,999","11,999","3,999","0,999","6,999","23,2","14,999","40,999","1,999","0,999","9,999","20,999","133,999","8,999","40,2","0,999","31,999","27,3","6,999","11,999","13,1","22,999","1,999","6,999","76,999","3,999","0,999","1,999","18,999","17,999","0,999","1,999","24,4","47,999","51,3","7,999","6,999","14,1","0,999","14,999","57,999","23,999","37,999","1,999","60,2","52,0","8,999","16,999","20,999","1,999","0,999","103,999","13,999","7,999","106,999","1,999","47,999","34,999","0,999","117,3","0,999","8,999","37,0","15,999","4,999","1,999","4,999","27,1","33,4","3,999","2,999","21,999","17,3","12,999","3,999","8,999","2,999","33,4","14,999","42,999","1,999","40,999","2,999","5,999","40,2","11,2","20,1","90,999","14,999","3,999","1,999","0,999"
"4,999","122,999","22,999","4,999","10,999","2,999","11,0","9,999","4,999","7,999","44,1","1,999","4,999","10,1","108,3","19,999","22,999","1,999","58,2","18,999","15,999","46,1","1,999","47,2","1,999","35,2","5,4","2,999","5,999","0,999","72,3","0,999","7,999","1,999","5,0","3,999","1,999","75,999","29,999","3,999","6,999","6,999","51,999","1,999","53,999","6,999","1,999","58,0","5,999","13,999","16,999","4,999","18,999","62,0","20,999","52,999","0,999","11,999","121,999","3,999","4,999","0,999","4,999","1,999","48,999","64,3","8,999","25,999","6,999","18,1","2,999","0,999","2,999","18,999","18,999","38,999","0,999","18,999","26,999","0,999","42,999","4,999","22,999","2,999","3,999","8,999","23,999","1,999","21,999","35,4","32,4","14,4","3,999","60,999","53,999","5,999","25,999","4,999","1,999","49,999"
"24,0","136,999","21,1","4,999","0,999","52,0","4,999","1,999","14,1","0,999","8,999","4,999","14,999","19,999","24,3","24,4","1,999","0,999","19,999","8,999","4,999","25,999","96,999","14,4","2,999","55,2","37,999","11,999","1,999","35,999","3,999","7,999","19,999","5,999","4,999","1,999","20,2","67,999","7,999","4,999","2,999","5,999","45,4","11,4","74,2","14,3","3,2","6,999","33,999","1,999","13,999","0,999","20,0","4,999","4,999","45,999","4,999","4,999","10,999","9,999","0,999","46,0","1,999","9,999","20,999","10,999","2,999","14,999","9,999","16,999","5,999","20,999","0,999","0,999","19,999","2,999","9,999","90,999","5,999","22,1","32,999","58,999","11,999","17,4","5,999","1,999","5,999","3,999","16,999","12,999","0,999","1,999","30,999","0,999","0,999","11,999","1,999","8,999","46,1","58,999"
"15,999","14,999","2,999","14,999","0,999","28,0","14,1","19,999","0,999","1,999","55,999","0,999","37,999","39,4","0,999","0,999","42,0","0,999","3,999","9,1","16,2","31,2","1,999","22,999","33,999","16,0","6,999","57,999","3,999","59,999","5,999","29,999","66,2","2,999","31,999","7,999","19,999","8,999","28,999","64,999","12,999","15,0","46,0","16,999","12,0","25,0","28,999","43,999","148,999","35,3","0,999","100,2","4,999","25,0","3,999","0,999","8,999","35,4","26,999","2,999","1,999","13,0","77,999","12,999","56,1","30,999","9,999","6,999","2,999","4,999","12,999","17,0","1,999","54,999","14,999","0,999","90,0","23,999","64,999","11,999","0,999","20,999","11,999","8,999","21,999","14,999","4,999","1,999","8,999","6,999","13,999","3,999","1,999","6,3","19,999","12,999","15,999","10,999","3,999","14,1"
"7,999","6,999","57,4","4,999","4,999","4,999","38,0","1,999","7,999","12,999","2,999","32,999","23,0","6,999","11,999","4,999","13,999","51,4","2,999","14,999","22,999","2,999","6,999","24,4","11,999","86,999","34,4","34,2","13,999","2,999","1,999","1,999","11,999","2,999","62,4","10,999","25,999","26,3","59,999","4,999","1,999","14,3","0,999","2,999","0,999","36,999","3,999","3,999","1,999","6,999","3,999","35,999","8,999","1,999","113,999","10,999","17,999","14,999","66,1","2,999","9,999","3,999","6,999","43,999","1,999","28,0","21,3","5,999","20,999","1,999","17,999","39,999","74,0","55,3","2,999","0,999","111,1","27,4","13,999","0,999","4,999","3,999","31,3","27,4","39,999","0,999","9,999","3,999","9,999","3,999","24,4","3,999","8,999","2,999","9,999","0,999","12,0","0,999","7,999","69,999"
"0,999","25,4","19,1","3,999","46,2","0,999","6,999","2,999","33,999","11,999","21,999","11,1","5,999","3,999","1,999","0,999","41,999","0,999","23,999","9,999","3,999","9,999","7,999","39,999","141,999","31,999","3,999","1,999","7,999","66,3","35,999","66,2","41,999","2,999","6,999","3,999","3,999","16,999","0,999","4,999","1,999","8,999","17,999","38,999","3,999","5,999","2,999","3,999","19,999","67,4","32,0","0,999","1,999","5,999","14,1","29,999","5,999","20,999","24,2","9,999","0,999","14,999","54,3","37,999","1,999","10,999","31,999","15,999","5,999","3,999","18,999","8,3","123,0","11,999","19,999","8,999","7,999","3,999","1,999","18,999","8,999","10,999","58,999","16,1","31,1","7,999","108,2","8,999","4,999","1,999","6,999","58,999","41,3","6,999","10,999","14,999","5,999","10,999","23,4","0,999"
"5,999","1,999","48,999","14,999","0,999","3,999","18,999","3,999","15,999","8,999","19,999","13,999","52,4","59,999","10,999","32,999","77,999","10,999","43,999","189,999","7,999","0,999","9,999","8,999","74,4","36,999","17,999","52,999","78,999","3,999","7,999","6,999","1,999","1,999","9,999","15,999","16,999","4,999","12,999","23,4","2,999","31,999","0,999","53,999","13,999","15,999","2,999","43,999","18,999","45,999","9,999","10,999","4,999","0,999","29,999","5,999","3,999","2,999","16,999","0,999","1,999","9,999","44,1","3,999","3,999","27,2","23,2","1,999","4,999","10,999","0,999","24,1","11,999","0,999","25,0","37,3","79,999","8,999","32,999","6,999","3,999","14,999","41,999","22,4","1,999","0,999","0,999","17,999","0,999","11,999","2,999","26,999","10,999","18,3","6,999","26,1","0,999","70,3","1,999","1,999"
"9,999","11,999","6,999","35,1","5,999","8,999","19,999","6,999","1,999","2,999","0,999","69,3","3,999","18,999","2,999","10,999","5,999","27,999","11,999","1,999","33,3","5,999","10,999","1,999","10,999","18,999","45,0","75,2","42,999","7,999","0,999","0,999","4,999","40,999","59,999","1,999","2,999","2,999","1,999","29,3","4,999","9,0","8,999","2,999","0,999","31,999","7,999","4,999","1,999","3,999","1,999","0,999","10,3","3,999","0,999","48,999","17,999","11,999","0,999","6,999","120,999","19,999","9,999","0,999","5,999","11,999","19,999","1,999","12,999","9,999","1,999","16,1","14,999","13,999","8,999","4,999","22,2","1,999","52,0","0,999","1,999","11,4","6,999","2,999","4,999","0,999","12,999","44,999","0,999","11,999","2,999","13,999","3,999","7,999","11,999","0,999","35,999","13,999","17,999","22,999"
"0,999","10,3","26,999","8,999","3,999","0,999","6,999","31,999","0,999","17,999","59,4","69,999","6,999","27,999","8,999","4,999","4,999","18,3","102,1","10,999","9,999","2,999","12,999","14,999","24,999","27,999","9,999","83,999","1,999","31,999","5,999","0,999","4,999","52,4","0,999","1,999","16,999","6,999","12,999","7,999","2,999","4,999","1,999","23,3","15,0","12,999","28,2","2,999","8,999","2,999","25,2","4,999","25,999","9,999","25,999","1,999","30,999","2,999","27,1","0,999","28,999","16,4","1,999","18,999","1,999","15,999","9,999","16,999","64,999","37,2","10,999","7,999","8,999","1,999","31,1","4,999","37,999","1,999","78,1","0,999","2,999","37,999","4,999","1,999","0,999","9,4","3,999","12,999","63,999","3,999","5,999","55,999","0,999","3,999","36,999","1,999","39,999","0,999","0,999","8,999"
"20,1","7,999","42,999","17,999","14,999","17,999","0,999","11,999","2,999","0,999","1,999","28,4","1,999","7,999","27,999","7,999","31,999","7,999","45,999","6,999","1,999","35,999","8,999","16,999","25,999","6,999","5,999","8,999","51,999","2,999","4,999","10,999","18,999","18,999","13,999","4,999","35,999","7,999","1,999","0,999","38,3","19,4","26,999","4,999","19,3","0,999","11,3","125,2","16,999","0,999","7,999","1,999","10,999","2,999","17,999","8,999","155,999","19,2","4,999","0,999","9,999","22,999","4,999","11,999","14,999","0,999","11,999","11,999","49,1","46,999","37,0","38,0","18,1","103,999","48,999","4,999","21,999","61,999","0,999","5,999","43,999","38,999","24,999","21,2","10,2","4,999","2,999","5,999","3,999","1,999","13,3","0,999","7,999","122,2","2,999","12,999","4,999","6,999","34,999","0,999"
"6,999","17,999","0,999","1,999","1,999","26,2","10,0","13,999","3,999","0,999","31,1","19,999","12,999","26,999","43,3","2,999","0,999","39,4","11,999","23,3","1,999","0,999","47,0","5,999","89,1","6,999","13,999","17,999","6,999","7,999","141,0","44,999","30,1","5,999","3,999","7,999","51,999","5,999","19,999","3,999","5,999","28,3","2,999","23,999","68,999","6,999","10,999","12,999","16,999","50,999","116,4","7,999","20,999","54,999","1,999","12,999","0,999","3,999","22,3","30,1","8,999","8,999","5,999","18,0","3,999","0,999","4,999","2,999","66,0","2,999","4,999","28,4","7,999","3,999","3,999","2,999","49,3","31,999","11,999","41,4","3,999","37,999","5,999","1,999","72,999","15,1","3,999","18,999","30,1","2,999","34,999","2,999","47,2","22,3","7,999","5,999","39,2","0,999","0,999","67,1"
"0,999","4,999","19,999","5,999","3,999","1,999","50,999","6,999","10,999","8,999","4,999","34,999","33,1","18,999","7,999","4,999","41,2","5,999","3,999","9,999","22,999","13,999","10,999","6,999","6,999","3,999","20,0","19,999","10,999","6,999","4,999","20,999","54,0","3,999","11,999","2,999","3,999","0,999","2,999","19,4","37,0","6,999","22,2","2,999","0,999","74,999","17,3","1,999","31,999","18,999","27,1","20,999","33,4","7,999","1,999","0,999","8,999","4,999","23,999","0,999","38,999","22,999","1,999","7,999","38,2","26,999","3,999","27,999","12,1","30,3","14,999","38,999","1,999","48,2","65,999","0,999","19,999","41,0","3,999","28,999","44,999","0,999","0,999","1,999","0,999","0,999","16,999","18,999","9,999","0,999","24,999","17,999","11,999","51,999","4,999","4,999","1,999","43,4","19,999","16,999"
"4,999","6,999","18,999","5,999","69,999","3,999","2,999","39,3","4,999","22,999","2,999","15,999","84,1","3,999","9,999","1,999","3,999","6,999","6,999","6,999","44,2","51,999","7,999","92,999","12,999","2,999","37,3","0,999","5,999","56,3","3,999","30,1","5,999","7,999","0,999","32,4","2,999","11,999","53,1","41,2","4,999","30,4","33,2","40,999","5,999","4,999","11,999","53,0","66,0","0,999","10,999","0,999","10,999","8,999","0,999","6,999","1,999","5,999","38,999","8,999","3,999","20,0","15,999","4,999","7,999","81,999","93,3","2,999","1,999","1,999","1,999","94,1","4,999","11,999","1,999","11,999","94,999","0,999","1,999","39,999","4,999","212,999","3,999","0,999","1,999","7,999","10,999","72,999","28,4","17,999","72,3","8,999","31,3","6,999","55,999","4,999","35,1","12,999","89,4","5,999"
"48,3","6,999","0,999","35,0","41,1","25,999","34,4","29,999","20,999","17,0","34,999","0,999","7,999","6,999","5,999","11,999","0,999","11,999","45,999","2,999","20,999","6,999","0,999","0,999","24,2","2,999","4,999","39,3","0,999","3,999","8,999","4,999","1,999","2,999","14,999","12,999","16,999","23,4","3,999","10,999","14,999","3,999","2,999","3,999","54,999","7,999","15,1","4,999","30,2","7,999","36,999","3,999","42,4","6,999","26,999","10,1","0,999","30,999","29,2","4,999","0,999","18,999","2,999","40,999","4,999","1,999","1,999","1,999","0,999","4,999","25,4","40,3","1,999","3,999","0,999","5,999","0,999","9,999","6,999","2,999","3,999","11,999","0,999","7,999","0,999","0,999","10,999","7,999","5,999","13,999","5,999","4,999","5,999","3,999","0,999","0,999","27,999","0,999","7,999","106,2"
"15,1","1,999","29,0","4,999","16,999","8,999","8,2","13,999","29,999","2,999","31,3","0,999","3,999","37,4","38,4","1,999","2,999","67,999","5,999","3,999","49,999","3,999","5,999","69,999","32,999","23,999","0,999","7,999","3,999","83,2","73,1","0,999","3,999","27,999","12,999","1,999","1,999","13,999","15,999","14,999","5,999","119,999","113,999","6,999","21,999","4,999","16,999","10,999","77,999","18,2","44,999","4,999","27,0","3,999","2,999","40,0","38,4","26,999","6,999","1,999","33,999","15,3","12,2","5,999","7,999","17,999","46,999","70,4","15,2","2,999","1,999","79,999","4,999","17,999","1,999","2,999","3,999","2,999","1,999","48,999","39,999","0,999","2,999","9,999","7,999","11,999","1,999","1,999","48,999","8,999","1,999","3,999","3,999","37,999","30,999","58,0","0,999","2,999","3,999","9,999"
"39,2","22,999","40,0","35,999","6,999","28,999","15,3","1,999","0,999","2,999","28,1","22,999","45,999","34,1","24,999","31,3","1,999","61,999","22,999","2,999","14,999","25,3","8,999","0,999","5,999","16,999","4,999","22,999","12,999","17,4","6,999","16,999","6,999","21,999","51,0","21,0","9,999","7,999","25,1","8,999","6,999","1,999","75,4","11,999","3,999","3,999","6,999","11,999","12,999","41,0","10,999","124,4","0,999","1,999","7,999","12,3","10,999","17,999","6,999","27,999","3,999","8,999","58,2","11,0","9,999","19,999","6,999","2,999","3,999","2,999","6,999","29,3","40,2","15,999","8,999","9,999","13,999","2,999","20,1","3,999","4,999","1,999","7,999","5,999","19,999","37,999","4,999","36,4","1,999","3,999","3,999","11,999","20,0","4,999","8,999","0,999","37,999","11,999","10,999","43,999"
"54,2","124,999","27,999","17,0","0,999","1,999","12,999","129,999","2,999","1,999","0,999","13,999","56,999","8,999","5,999","5,999","7,999","29,0","27,1","2,999","1,999","8,999","36,999","5,999","36,2","14,999","4,999","5,999","0,999","45,999","105,0","0,999","2,999","18,999","30,0","0,999","0,999","40,4","6,999","9,999","5,999","41,4","1,999","37,999","25,1","7,3","11,999","5,999","25,999","19,4","37,999","26,1","9,3","0,999","2,999","0,999","32,4","0,999","8,999","6,999","21,0","38,1","3,999","34,999","9,999","0,999","3,999","70,999","84,999","83,999","8,4","12,4","4,999","2,999","8,999","28,999","43,999","3,999","5,999","9,999","95,999","94,999","2,999","7,999","22,999","2,999","2,999","10,999","7,999","42,1","1,999","41,3","2,999","44,999","14,999","10,4","19,1","3,999","1,999","11,999"
"83,999","29,999","1,999","1,999","4,999","2,999","17,999","65,0","4,999","3,999","25,4","1,999","1,999","19,2","104,999","0,999","134,999","54,1","26,999","7,999","12,3","21,999","87,0","2,999","0,999","61,0","39,999","37,999","23,999","7,999","72,3","8,0","3,999","6,999","101,999","0,999","39,999","26,3","14,2","1,999","31,999","1,999","2,999","9,999","3,999","29,2","4,999","65,999","31,999","11,999","16,999","45,999","0,999","8,999","21,999","26,999","3,999","1,999","1,999","18,2","6,999","1,999","5,999","2,999","0,999","2,999","25,4","11,999","5,999","14,999","0,999","2,999","46,4","29,3","6,999","6,999","0,999","0,999","51,999","13,999","14,999","43,0","2,999","15,999","76,999","9,999","0,999","4,999","0,999","0,999","3,999","11,999","4,999","3,999","0,999","8,1","1,999","0,999","0,999","3,999"
"1,999","72,3","5,999","2,999","0,999","47,0","11,999","15,999","2,999","31,999","11,999","6,999","4,999","25,999","87,0","18,999","37,999","9,999","23,1","34,2","1,999","4,999","0,999","8,999","9,999","3,999","1,999","9,999","2,999","16,4","67,999","38,999","29,3","184,3","8,999","14,999","3,999","3,999","6,999","0,999","9,999","16,999","24,3","4,999","49,999","3,999","13,999","25,999","2,999","90,2","5,999","5,999","6,999","19,3","4,999","8,999","0,999","60,4","22,999","1,999","12,999","24,999","3,999","1,999","25,1","3,999","35,999","1,999","52,2","1,999","9,999","3,999","38,999","0,999","13,1","9,999","17,999","7,999","22,3","17,999","17,1","3,999","2,999","12,999","27,2","10,999","2,999","2,999","52,1","17,999","57,4","4,999","8,999","2,999","8,3","7,999","4,999","17,999","15,1","6,999"
"32,999","0,999","56,2","106,0","2,999","15,999","5,1","1,999","1,999","6,999","59,999","32,4","32,999","13,2","3,999","0,999","28,1","21,999","3,999","57,0","1,999","15,999","7,999","7,999","1,999","1,999","28,999","2,999","0,999","7,999","7,999","3,999","7,999","2,999","44,3","0,999","14,2","10,999","9,999","12,999","0,999","69,999","45,999","3,999","0,999","1,999","10,999","10,3","6,999","5,999","0,999","2,999","33,2","0,999","29,4","29,999","8,999","4,999","0,999","2,999","19,999","16,2","22,999","9,999","60,999","13,999","5,999","145,999","24,2","34,999","3,999","1,999","2,999","50,999","1,999","0,999","53,0","34,999","7,999","14,999","4,999","89,999","0,999","28,3","0,999","33,2","2,999","9,999","16,3","21,999","1,999","0,999","14,999","68,4","0,999","0,999","0,999","16,4","1,999","17,999"
"1,999","8,999","48,2","44,999","18,0","154,0","34,0","3,999","27,999","5,999","37,2","6,999","35,0","1,999","7,999","1,999","5,999","17,999","18,999","61,999","66,0","4,999","6,999","25,0","38,999","0,999","1,999","6,999","74,0","15,999","19,999","7,999","20,3","40,999","8,999","76,999","2,999","15,999","3,999","10,999","8,999","1,999","3,999","1,999","11,999","7,999","1,999","28,0","0,999","0,999","3,999","13,999","0,999","2,999","1,999","1,999","3,999","22,999","54,999","2,999","16,999","23,999","24,999","1,999","16,999","41,1","1,999","3,999","13,0","14,999","1,999","10,999","1,999","16,999","84,999","1,999","30,999","56,999","0,999","1,999","0,999","6,999","19,999","22,999","9,999","18,999","0,999","41,1","6,999","34,999","0,999","24,1","1,999","10,999","65,999","9,999","0,999","4,999","9,999","5,999"
