# Arguments: kr_a=0.0625, kd_a=0.25, rep=100, it=100, relocation=0.0625, division=0.83, rows=20, cols=5, status=None, file_ID=3, delta_t=None, min_replacements=None
"0,1","0,0","2,1","0,1","0,0","0,0","0,0","0,0","0,0","0,0","0,0","0,0","1,0","0,0","2,0","1,0","0,0","3,2","1,0","1,0","0,0","0,0","1,0","0,0","1,0","1,0","1,0","10,1","1,1","0,0","1,0","1,0","0,1","1,0","0,1","1,0","0,0","1,0","1,0","1,0","1,0","1,0","0,0","1,1","0,1","0,0","1,0","2,0","0,0","0,0","0,0","1,0","1,0","1,0","0,1","0,0","3,3","1,0","0,0","3,0","0,1","1,0","0,0","0,0","0,0","0,1","0,0","1,0","0,0","0,1","1,0","0,1","1,0","1,0","0,0","1,0","1,0","0,0","0,0","0,0","1,0","1,0","1,0","0,0","0,0","1,0","1,0","1,0","0,1","1,0","0,0","0,0","1,0","0,0","0,0","0,0","1,0","1,0","1,0","0,0"
"0,0","1,0","0,0","0,0","1,0","1,0","0,0","1,0","1,0","5,5","1,0","1,0","0,0","1,0","1,0","0,0","0,0","11,1","0,0","0,1","1,0","4,4","0,0","1,0","1,0","1,0","0,0","1,0","1,0","1,0","0,0","1,0","4,2","1,0","0,1","1,1","0,1","1,0","0,0","1,0","0,1","1,0","1,0","1,0","0,0","0,0","0,0","6,2","1,0","2,1","0,0","1,0","0,0","0,0","0,0","1,0","1,0","1,0","0,0","0,0","1,0","2,0","1,0","0,0","0,0","0,0","0,0","1,0","0,0","1,0","0,0","0,1","1,0","34,14","1,0","0,0","0,0","1,0","1,0","1,0","1,0","0,0","0,0","1,0","0,0","0,0","0,0","0,0","0,0","1,0","0,0","1,0","0,1","0,0","0,0","1,0","0,0","0,0","1,0","1,0"
"1,0","0,0","0,1","1,0","1,0","1,0","0,0","0,0","1,0","1,0","0,0","0,0","3,1","0,0","0,1","0,0","0,0","0,0","0,0","0,0","0,0","1,0","1,0","0,0","16,4","1,0","1,0","2,0","0,0","1,0","0,0","0,0","0,0","0,0","2,1","0,0","1,0","1,0","0,0","1,0","0,0","2,0","0,0","26,11","1,0","0,0","1,0","0,0","1,0","0,0","1,0","0,0","0,0","0,1","0,0","1,0","0,0","2,0","0,1","0,0","0,0","1,0","3,0","1,0","0,0","0,0","1,0","0,0","0,0","0,0","0,0","1,0","0,0","1,0","4,0","0,0","0,0","1,0","1,0","1,0","1,0","0,1","1,0","1,0","0,0","1,0","1,0","0,0","0,0","0,0","0,0","0,0","0,0","1,0","0,1","0,0","0,1","4,1","1,0","1,0"
"0,0","1,0","2,0","2,1","0,1","0,1","1,0","0,1","1,0","0,0","0,0","0,1","1,0","1,0","0,0","0,0","0,0","1,0","0,0","1,0","0,0","1,0","0,1","0,0","0,0","1,0","0,0","0,0","0,0","1,0","0,0","1,0","0,0","1,0","1,0","0,0","1,0","0,1","1,0","0,1","1,0","0,0","0,1","0,0","2,1","1,0","0,0","2,0","1,0","1,0","0,0","0,0","0,1","0,0","4,1","0,0","1,1","0,0","0,0","1,0","2,0","1,0","1,0","0,0","0,0","0,0","0,1","1,0","1,0","1,0","0,0","0,0","0,0","2,2","0,0","0,0","1,0","1,0","1,0","0,1","1,0","0,0","0,0","1,0","1,0","0,0","0,0","0,0","0,0","1,0","1,0","1,0","0,1","1,0","1,0","0,0","0,0","0,0","1,0","0,1"
"0,1","1,3","0,0","1,0","1,0","1,0","0,0","1,0","1,0","1,0","1,0","10,2","0,0","13,2","0,0","1,0","0,0","0,0","0,1","0,0","0,0","1,0","0,0","1,0","0,1","0,0","1,0","0,1","0,0","1,0","1,0","1,0","1,0","2,1","1,0","0,0","1,0","29,9","1,0","0,0","0,2","0,0","0,0","0,0","0,0","0,0","0,0","0,0","0,1","1,0","0,0","0,0","0,0","6,2","1,0","1,0","6,3","0,0","0,0","1,0","0,0","0,0","1,0","1,0","0,1","0,1","2,0","1,0","1,0","1,0","1,0","3,0","0,0","0,0","1,0","0,0","3,1","0,0","0,0","0,0","0,0","0,1","0,0","1,0","1,0","0,0","6,5","0,1","0,0","1,0","1,0","1,0","4,0","1,0","1,0","1,0","1,0","1,0","0,1","0,1"
"0,0","0,0","1,0","0,1","1,0","1,0","0,0","3,0","1,0","0,1","0,0","20,2","0,0","4,0","0,0","0,1","4,0","0,0","3,1","0,0","2,1","0,0","0,0","1,0","0,0","0,0","0,0","3,1","0,0","0,0","5,0","1,0","0,0","0,0","0,0","0,0","0,0","0,1","3,0","1,0","1,0","3,3","0,0","0,0","0,0","0,1","1,3","1,1","1,0","1,0","1,0","0,0","0,0","0,0","0,1","1,0","0,0","0,0","3,1","0,0","0,0","0,1","0,0","0,0","1,0","0,0","2,0","0,0","0,1","0,0","0,0","4,0","1,0","0,0","14,2","0,0","3,1","0,0","1,0","1,0","0,0","2,0","0,0","0,0","0,0","0,1","0,0","0,1","1,0","1,0","0,0","1,0","0,0","1,0","0,1","0,0","1,0","0,0","0,1","0,0"
"13,3","0,0","0,0","1,0","0,1","1,0","1,1","0,0","1,0","0,0","5,0","0,0","1,0","0,0","0,0","0,0","1,0","0,0","0,0","0,0","2,1","0,0","0,0","0,0","0,0","0,0","1,0","0,0","1,0","3,0","0,0","20,7","0,0","0,1","4,0","3,0","0,0","3,0","4,0","1,0","1,0","1,0","0,0","0,0","0,0","1,0","1,0","1,0","0,0","0,0","0,0","0,0","0,0","1,0","8,0","0,0","0,0","1,0","0,1","2,0","0,0","0,0","1,0","0,1","11,6","0,1","1,0","4,0","0,0","0,0","5,1","0,1","1,0","1,0","0,0","0,0","1,0","0,0","0,1","0,0","0,0","1,0","0,0","0,1","0,0","4,0","0,0","5,0","1,0","0,0","1,0","1,0","0,0","1,0","1,0","1,0","4,2","2,0","2,0","1,0"
"0,0","0,0","0,1","0,0","0,1","0,0","0,0","1,0","0,1","0,0","9,8","0,0","0,0","1,0","0,0","0,0","1,0","0,1","0,0","0,0","2,0","1,0","0,0","0,0","0,0","0,0","0,0","1,0","0,0","0,0","0,0","1,0","11,6","0,0","1,0","1,0","0,0","2,1","2,1","1,1","1,0","1,0","1,0","0,0","1,1","3,2","0,0","0,0","1,1","1,0","1,0","0,1","1,0","1,0","1,0","0,0","1,0","1,0","1,0","1,0","0,0","5,2","0,0","2,1","0,1","0,0","1,0","0,0","1,0","1,0","1,0","0,0","0,0","0,0","0,0","1,1","1,0","0,1","0,0","1,0","1,0","0,1","3,1","11,4","0,1","0,0","0,0","0,0","0,0","0,0","1,0","1,0","0,0","1,0","0,0","0,0","1,0","0,1","0,0","1,0"
"0,1","0,1","1,0","1,0","1,0","0,0","0,0","0,0","0,1","1,0","0,0","4,0","1,0","1,0","0,0","0,0","5,3","1,0","0,0","1,0","0,0","0,0","6,1","0,0","2,0","0,0","0,0","0,0","5,0","1,0","0,0","1,0","4,1","0,1","0,0","0,0","0,0","1,0","0,1","0,0","6,1","0,0","0,0","1,0","0,0","0,0","2,0","1,0","0,1","1,0","0,0","0,0","1,0","0,1","0,0","1,0","1,0","1,0","0,0","0,0","1,0","0,0","1,0","0,0","1,0","3,0","0,0","1,0","1,0","0,0","1,0","1,0","1,0","0,0","0,0","1,0","1,0","0,1","0,1","1,0","1,2","0,0","1,0","1,0","1,0","0,0","1,0","1,0","0,0","0,0","0,0","6,3","1,0","1,0","1,0","1,0","0,0","0,1","0,0","0,0"
"0,1","0,0","0,0","0,0","0,1","1,0","1,0","0,0","0,0","0,0","1,0","1,0","0,0","1,0","0,0","1,0","0,1","1,0","4,0","0,0","0,0","0,0","1,0","1,0","0,0","2,0","0,0","0,0","1,0","0,1","0,0","0,1","0,0","0,0","7,2","9,0","0,0","0,0","1,0","3,1","0,0","1,0","0,1","1,0","0,0","0,0","1,0","0,0","1,0","0,0","0,0","0,1","0,0","1,0","0,0","0,1","1,0","1,0","0,1","0,0","0,0","0,0","1,0","1,0","0,1","1,0","0,0","0,0","1,0","0,0","3,0","0,0","0,0","0,0","1,0","0,0","1,0","0,1","3,0","3,1","1,0","3,1","0,0","0,0","0,0","3,2","0,0","0,0","1,0","1,0","0,0","1,0","0,1","0,0","2,0","0,0","8,0","0,0","1,1","1,0"
"0,0","0,2","1,0","0,0","0,0","12,3","0,1","0,2","1,0","1,0","1,1","0,0","0,0","0,1","0,0","3,1","0,0","0,0","0,0","0,0","2,1","0,0","1,0","1,0","0,0","1,0","0,0","0,1","1,0","0,0","0,0","0,0","0,0","0,0","1,0","1,0","1,0","0,0","0,0","1,0","0,0","1,0","0,0","2,0","0,0","0,0","1,0","1,0","0,0","0,0","0,0","0,0","0,0","1,1","1,0","0,0","6,3","0,0","1,0","6,1","1,0","0,0","0,0","0,0","0,0","0,0","0,1","0,0","1,0","1,0","0,0","1,0","0,1","1,0","1,0","0,0","1,0","1,0","0,0","0,0","0,0","1,0","1,0","0,0","0,0","0,0","1,0","0,0","0,1","5,2","0,1","1,0","0,1","0,0","2,1","3,2","0,0","0,0","0,0","0,0"
"2,2","0,0","0,0","1,0","0,0","1,0","2,0","0,0","1,0","1,0","0,0","1,0","1,0","0,0","1,0","0,0","0,0","0,0","0,0","0,0","0,0","4,2","0,0","0,0","2,0","1,0","1,0","0,0","0,0","0,1","1,0","1,0","0,0","1,0","4,1","0,0","1,0","0,0","1,0","0,0","1,0","1,0","0,0","0,0","1,0","0,0","1,1","1,0","1,0","0,1","1,0","1,0","1,0","0,0","0,0","0,1","0,0","0,0","0,0","1,0","1,0","0,0","0,0","1,3","0,0","1,0","1,0","1,0","1,0","4,0","12,4","1,0","0,0","1,1","1,0","1,0","0,0","0,0","1,0","0,0","0,0","1,0","0,0","0,0","0,0","0,0","0,0","1,0","1,0","0,1","1,0","1,0","1,0","1,0","1,0","0,0","1,0","1,0","0,0","0,1"
"0,0","0,0","1,0","1,0","0,0","0,0","0,0","0,0","0,0","1,0","0,0","0,0","0,0","0,0","0,0","1,0","1,0","0,0","1,0","2,1","0,0","1,0","0,0","1,0","0,0","1,0","1,0","0,0","0,1","5,2","1,0","1,0","1,0","1,0","0,0","0,0","1,0","0,0","1,0","1,0","1,0","0,0","0,0","1,0","0,0","0,0","0,0","1,0","1,0","0,0","1,0","0,0","1,0","0,0","0,0","0,0","1,0","0,0","0,0","0,0","0,0","2,0","1,0","1,0","0,1","1,0","0,0","2,1","1,0","0,0","0,0","0,0","0,0","0,0","1,0","0,0","0,0","1,0","1,0","6,0","0,0","0,0","1,0","0,0","3,1","0,0","0,0","1,0","1,0","0,0","1,0","0,0","1,0","1,1","0,1","1,0","0,0","0,1","5,1","1,0"
"4,1","0,0","0,1","0,0","0,0","0,0","1,0","0,0","0,0","1,0","1,0","0,0","0,0","1,0","0,0","0,0","1,0","0,0","0,0","0,0","1,0","0,0","3,0","3,0","0,0","0,0","0,0","1,0","1,0","0,0","0,0","0,1","1,0","0,0","0,0","0,0","1,0","0,1","0,1","1,0","0,0","1,0","0,0","1,0","0,1","0,0","0,0","0,1","0,0","1,0","1,0","0,0","2,0","1,0","4,0","1,0","0,0","9,1","1,1","0,0","1,0","1,0","1,0","0,0","5,3","1,0","0,0","0,0","0,0","1,0","3,0","1,1","0,0","0,0","0,0","1,0","0,0","0,0","3,0","1,0","0,0","1,0","0,0","1,0","1,0","0,0","0,0","0,0","0,0","1,0","0,0","0,0","1,0","2,2","1,0","1,0","1,0","2,0","1,0","1,0"
"1,0","1,0","1,3","1,0","0,1","1,0","0,0","8,0","0,0","0,0","2,3","1,0","1,0","1,0","0,0","0,1","1,0","0,0","2,0","1,0","0,0","1,0","1,0","1,0","1,0","1,0","0,1","0,0","1,0","1,0","1,0","0,1","1,0","0,0","1,0","1,0","0,0","1,0","0,0","1,0","0,0","1,0","0,0","1,0","0,0","1,0","0,0","1,1","1,0","0,0","0,1","0,0","0,0","0,0","1,1","1,0","1,0","0,0","1,0","7,1","0,0","0,0","1,0","1,0","0,1","0,1","1,0","2,1","0,1","0,0","4,1","1,0","1,0","0,0","0,0","0,0","1,0","1,0","0,0","0,0","1,0","0,0","1,0","0,0","0,0","1,0","0,0","0,0","1,0","0,0","0,0","1,0","0,1","0,0","1,0","0,0","1,0","1,0","0,0","1,1"
"1,0","1,0","1,0","0,0","0,0","1,0","1,0","1,0","0,1","1,0","1,0","0,1","1,0","1,0","1,0","0,0","1,0","0,0","0,1","1,0","0,0","0,0","1,0","0,0","0,0","1,0","0,0","0,0","7,2","0,0","0,0","0,0","1,0","1,0","1,0","0,0","1,0","2,0","1,0","0,0","1,0","1,0","1,3","0,0","1,0","0,0","0,0","0,0","1,0","4,1","0,0","2,1","2,0","4,1","0,0","0,0","0,0","1,0","1,0","0,0","0,0","0,0","0,0","0,0","0,0","1,0","0,0","0,0","0,0","1,0","1,0","2,1","0,0","1,0","0,0","1,0","0,1","0,0","0,0","0,0","19,6","0,0","0,0","2,0","0,0","0,0","0,0","0,0","0,0","15,3","1,0","1,0","1,0","0,0","1,0","2,2","0,0","0,1","6,1","0,0"
"0,0","1,0","1,0","1,0","0,0","1,0","0,1","6,2","1,0","0,0","2,1","1,0","0,0","1,0","0,1","0,0","0,0","1,0","0,0","2,0","0,0","1,0","1,0","0,0","0,1","0,1","15,2","2,2","0,0","1,0","0,0","1,0","0,0","0,0","0,0","0,0","0,0","0,0","1,0","0,0","1,0","2,0","2,0","0,0","1,0","0,1","4,2","13,1","0,0","0,0","2,0","0,0","0,0","1,0","5,0","0,0","0,0","0,0","0,0","1,1","1,0","0,0","0,0","0,0","0,0","0,0","0,0","0,0","0,0","0,1","0,0","0,0","0,0","1,0","1,0","0,0","0,0","1,0","1,0","1,0","1,0","0,0","0,0","0,0","0,0","4,1","0,0","1,0","1,0","1,0","0,0","0,0","0,0","1,0","0,0","0,0","0,0","3,0","0,0","0,0"
"0,0","1,0","1,0","1,0","1,0","1,0","0,0","1,0","1,0","0,0","1,0","1,0","0,0","0,1","0,0","0,0","0,0","0,0","4,2","5,2","0,0","2,0","1,0","0,0","0,1","1,0","1,0","0,1","1,0","0,0","17,5","1,0","1,0","0,0","0,0","1,0","0,0","2,1","0,0","0,0","1,0","3,0","1,0","0,0","1,0","0,0","0,0","2,0","0,0","0,0","0,0","3,0","1,0","1,2","1,0","0,0","0,0","1,0","2,1","0,0","0,1","0,0","1,0","4,2","0,0","1,0","1,0","0,0","0,0","0,0","1,0","1,0","1,0","0,0","0,0","0,0","1,0","1,0","0,0","1,0","0,0","0,0","1,0","0,0","0,0","0,0","0,0","0,0","0,2","1,0","1,0","0,0","0,0","0,0","0,0","1,0","1,0","0,0","0,0","1,0"
"1,0","10,3","1,0","0,0","13,5","0,0","1,0","0,0","0,0","0,0","1,0","0,0","0,0","0,0","0,0","0,0","0,0","1,0","0,0","1,0","0,0","3,0","0,0","0,0","1,0","1,0","1,0","0,0","1,0","0,0","6,5","1,1","0,0","1,0","1,0","1,0","0,0","8,1","0,0","0,0","0,1","1,0","1,0","0,0","0,0","8,3","0,0","0,0","0,0","1,0","0,0","1,0","3,0","1,0","1,0","0,0","1,0","1,1","1,0","0,1","1,0","0,1","0,0","1,0","1,0","1,0","0,0","1,0","1,0","1,0","0,0","0,0","6,5","0,0","0,0","1,0","1,0","1,0","1,0","14,5","1,0","0,0","21,8","0,0","0,0","0,0","0,0","0,0","1,0","0,1","0,0","0,0","0,0","0,1","0,1","0,0","1,0","0,0","0,0","1,0"
"0,0","0,0","0,0","1,0","0,0","1,0","1,0","1,0","1,0","1,0","0,0","1,0","1,0","1,0","0,1","1,0","0,0","1,0","1,0","1,0","0,0","0,0","10,5","0,0","1,0","0,0","0,0","0,0","0,0","0,0","0,0","1,0","1,0","0,0","1,0","0,0","1,0","0,0","1,0","1,0","1,0","14,6","0,0","1,0","1,0","1,0","0,1","0,0","0,0","0,1","0,0","1,0","1,0","0,1","0,0","0,0","1,0","0,0","0,1","1,0","1,0","0,0","0,1","0,0","1,0","0,0","1,0","1,0","0,1","0,1","0,0","1,0","0,0","0,1","0,0","2,0","0,0","1,0","0,0","1,0","1,0","5,0","1,0","0,0","0,1","1,0","0,0","10,2","1,0","0,0","1,0","0,1","1,0","0,0","0,0","2,0","0,0","0,0","0,0","0,1"
"1,0","0,0","6,2","0,0","1,0","0,0","2,0","0,0","0,0","0,0","0,0","1,0","1,0","1,1","0,0","1,0","0,1","0,0","0,0","2,0","0,0","0,0","1,0","0,0","0,0","1,0","0,0","0,0","0,0","0,0","1,0","1,0","0,0","0,0","0,1","0,1","0,0","0,1","2,0","1,0","1,0","1,0","0,0","0,1","1,0","1,0","0,1","1,0","1,0","1,0","0,0","1,0","1,0","6,2","0,0","0,0","1,0","0,0","18,11","0,0","0,0","1,0","0,0","0,0","1,0","0,0","0,0","1,0","0,1","1,0","0,1","1,0","3,0","0,1","1,0","1,0","1,0","1,0","1,0","0,0","1,0","1,0","1,0","8,2","1,1","0,0","0,0","1,0","0,0","0,0","0,0","1,0","1,0","5,4","0,0","0,1","0,0","1,0","1,1","0,1"
"0,1","0,0","0,0","0,1","0,0","1,0","0,0","0,0","1,0","9,0","1,0","0,0","0,1","1,0","0,0","1,0","1,0","0,1","0,0","0,0","0,0","0,0","0,0","1,0","1,0","4,3","0,0","0,0","1,0","1,0","0,0","0,1","1,0","4,0","1,0","1,0","1,0","0,1","1,0","1,0","3,0","0,0","0,0","3,1","0,0","1,0","1,0","0,0","1,0","0,0","1,0","1,0","3,1","1,0","0,0","1,0","0,0","0,0","1,0","0,0","0,0","5,1","0,0","0,0","0,0","0,0","0,0","1,0","1,0","1,0","0,0","1,0","0,1","0,0","0,0","0,0","0,0","1,0","0,0","1,0","1,0","1,0","1,0","1,1","0,0","0,0","0,1","0,0","1,0","0,0","1,0","6,1","0,0","0,0","0,0","0,0","0,0","3,3","0,0","1,0"
"0,1","1,0","0,1","0,0","9,4","0,1","0,0","1,0","0,1","0,0","0,0","1,0","0,0","3,1","1,0","0,0","1,0","0,1","0,0","0,0","0,0","0,0","0,0","6,1","0,0","0,0","0,1","0,0","0,1","1,0","1,0","0,0","13,6","3,1","1,0","2,0","0,1","0,0","5,1","0,0","0,0","0,0","1,0","1,0","4,1","1,0","0,1","0,0","0,0","1,0","0,0","0,0","0,0","0,0","3,0","0,0","0,0","0,0","1,0","0,0","1,0","0,1","1,0","2,0","0,0","0,1","1,0","0,0","0,0","2,0","1,0","1,0","1,0","1,0","1,0","1,0","0,0","0,0","4,3","1,0","1,0","0,0","0,1","0,0","1,0","1,0","0,0","1,0","0,0","1,0","0,0","1,0","1,0","0,0","1,0","0,0","0,0","4,2","0,0","7,2"
"0,0","1,0","0,1","0,0","0,0","0,0","3,1","1,0","0,0","0,1","0,0","0,1","1,0","1,0","1,0","4,1","1,0","9,3","1,0","1,0","1,0","2,2","7,4","0,0","1,0","1,0","0,0","0,0","0,1","1,0","0,0","1,0","0,0","2,1","1,0","0,0","0,0","0,0","0,1","1,0","2,0","1,0","1,0","1,1","14,6","0,0","0,0","0,0","1,0","0,0","0,0","1,0","1,0","15,5","2,0","4,4","1,0","0,0","6,2","5,0","0,0","0,1","1,0","0,1","1,0","1,0","0,0","0,1","0,0","1,0","0,0","0,0","0,0","1,0","0,1","0,1","0,0","0,0","0,0","0,0","1,0","1,0","0,0","2,1","0,1","0,0","0,1","0,0","0,1","1,0","0,1","7,4","0,0","10,2","1,0","0,0","1,0","0,1","1,0","0,0"
"0,0","0,0","1,0","2,0","2,0","1,0","1,0","1,0","0,0","5,2","1,0","0,0","0,0","1,0","0,0","0,1","1,0","2,1","0,1","0,0","0,0","1,0","1,0","0,0","0,0","0,0","0,0","0,1","1,0","1,0","1,0","0,0","1,0","1,0","1,0","2,0","0,0","1,0","0,0","1,0","0,0","0,0","0,0","0,0","0,0","0,0","0,0","0,0","1,0","0,0","6,1","2,0","0,0","1,0","0,0","1,0","0,0","1,0","0,0","1,1","2,0","0,0","0,0","0,0","0,0","1,0","1,0","0,0","0,0","1,0","1,0","0,1","1,0","0,1","0,0","0,1","0,0","1,0","3,3","2,0","1,0","1,0","1,0","0,0","1,0","0,0","0,0","0,0","0,0","1,0","0,0","1,0","0,0","0,0","2,1","1,0","1,0","0,0","0,0","0,2"
"1,0","0,0","1,1","0,0","2,0","1,0","2,0","0,0","0,0","0,0","3,0","0,0","16,10","0,0","3,1","1,0","1,0","0,0","1,0","0,0","0,0","0,0","0,0","1,0","0,0","1,0","0,0","0,0","0,0","0,0","1,0","1,0","0,0","0,0","1,0","0,0","1,0","0,0","0,0","1,0","1,0","0,0","1,3","1,0","1,0","1,0","1,0","0,0","2,0","1,0","1,0","16,5","0,0","0,0","1,0","0,1","1,0","1,0","1,0","1,0","0,0","0,0","0,0","1,0","0,1","1,0","1,0","1,0","0,0","0,1","0,0","1,0","12,3","1,0","8,1","1,0","3,4","0,0","1,1","1,0","1,0","1,0","0,1","0,0","1,0","0,0","2,0","3,0","0,0","8,2","0,0","1,0","1,0","1,0","1,0","1,0","0,0","0,0","0,0","4,0"
"0,1","0,0","0,0","0,1","1,0","0,0","0,1","0,0","1,0","0,0","1,0","2,2","0,0","0,0","1,0","2,0","1,0","1,0","1,0","1,0","1,0","1,0","0,0","1,0","0,0","0,0","1,0","0,0","0,1","0,0","1,0","1,0","0,0","0,0","0,0","1,0","0,0","0,0","1,1","0,0","1,0","0,0","0,0","1,0","0,0","0,1","1,1","1,0","1,0","2,0","1,0","0,1","0,0","1,0","0,0","1,0","1,0","0,1","0,0","1,0","0,1","1,0","0,0","1,1","0,0","1,0","1,0","0,0","1,0","1,0","0,0","0,0","0,0","0,0","1,0","0,0","0,0","0,0","0,1","1,0","0,0","2,0","1,0","1,0","0,0","1,0","0,0","1,0","1,0","1,0","0,0","2,1","0,0","2,1","1,1","1,0","1,0","0,1","1,0","0,0"
"5,0","0,0","15,5","2,1","0,0","0,0","1,0","1,0","3,0","1,1","0,0","0,0","1,0","1,0","0,1","0,0","0,0","1,0","0,0","0,1","1,0","0,0","0,0","0,0","0,0","1,0","0,0","0,0","1,0","1,0","4,1","1,0","1,0","0,1","0,0","0,1","1,0","1,0","0,0","0,0","1,0","1,0","0,0","1,0","1,0","0,1","0,0","4,1","0,0","1,0","1,0","1,0","0,0","0,0","1,0","1,0","1,0","1,0","0,0","7,2","1,0","0,0","1,0","0,0","0,0","0,0","0,0","0,0","1,0","1,0","7,2","1,0","3,1","0,0","0,0","0,1","1,0","0,0","0,0","0,0","0,0","1,0","0,0","0,0","10,0","1,0","1,0","0,0","0,0","0,0","1,0","0,1","0,0","1,0","0,0","1,0","2,0","1,0","0,0","1,0"
"0,0","1,0","0,1","1,0","0,0","0,0","12,4","5,3","0,0","1,0","0,0","1,1","0,1","1,0","0,0","0,0","0,0","1,0","1,0","0,0","1,0","2,0","0,1","8,6","1,0","0,0","0,0","0,0","0,0","1,0","0,0","0,1","0,0","4,1","4,2","0,1","0,0","0,0","0,0","0,0","1,0","0,1","1,0","1,0","0,0","1,1","0,0","1,0","0,0","0,0","1,0","0,0","1,0","0,0","0,0","1,0","1,0","2,0","0,0","0,0","1,1","0,0","0,0","1,0","1,0","1,0","1,0","1,0","1,0","1,0","1,0","1,0","3,5","1,0","1,0","0,0","0,0","0,0","0,0","1,0","0,0","0,0","3,0","1,2","2,0","2,1","1,0","1,0","5,0","0,0","0,0","1,1","0,0","0,0","0,0","0,0","0,0","9,1","1,0","1,0"
"0,0","0,0","1,0","1,0","3,2","1,0","0,1","4,2","1,0","0,0","0,0","0,0","0,0","0,0","1,1","1,0","0,0","1,0","1,0","1,0","0,0","0,0","1,0","1,0","0,0","0,0","0,1","0,0","1,0","0,0","0,0","0,0","1,1","1,0","0,0","1,0","1,0","0,0","0,0","0,0","0,0","1,0","0,0","0,0","1,0","1,0","1,0","0,0","0,0","1,1","1,0","0,0","0,0","1,0","1,0","0,0","1,0","0,0","0,0","0,0","1,0","0,0","0,0","1,0","0,0","0,0","1,0","0,0","1,0","0,0","0,0","1,0","1,0","0,0","4,0","2,0","1,0","0,0","1,0","1,0","0,0","0,0","0,0","5,2","1,0","0,1","0,0","2,1","0,0","0,0","0,0","0,0","1,0","0,0","0,0","0,0","0,1","4,1","1,0","1,0"
"1,0","0,0","1,0","0,1","1,0","0,0","0,0","0,0","1,0","1,0","0,1","1,0","4,1","0,0","0,0","0,0","2,1","7,2","0,0","0,0","0,0","0,0","0,0","1,0","1,1","0,0","0,1","1,0","0,0","1,0","1,0","0,0","1,0","1,0","1,0","0,0","0,0","2,0","1,0","0,1","1,0","1,0","1,0","0,1","0,0","1,0","0,0","1,0","0,0","0,0","1,0","1,0","0,0","1,0","0,1","0,0","0,0","0,0","0,0","0,0","0,0","0,0","1,0","1,0","1,0","1,0","0,1","4,1","1,0","0,0","1,0","1,0","0,0","1,0","0,0","1,0","8,3","1,0","1,0","0,0","0,0","0,0","0,0","1,0","1,0","0,0","0,0","0,0","1,0","1,0","1,0","0,0","0,1","0,0","0,1","1,0","0,0","1,0","1,0","0,0"
"0,0","0,0","5,1","0,1","1,0","0,0","1,0","0,0","1,0","0,0","1,0","0,0","0,0","1,0","0,0","1,0","0,1","0,0","10,5","11,1","1,0","0,0","1,0","1,0","0,1","1,0","0,0","1,0","0,0","1,0","0,1","3,0","0,0","1,0","0,1","1,0","0,0","1,0","0,1","0,1","0,0","1,0","0,0","0,1","1,0","0,1","0,1","1,0","1,0","1,0","1,0","0,0","1,0","1,0","1,0","0,0","13,5","0,1","0,0","5,1","0,0","1,0","0,0","1,0","1,0","1,0","1,0","0,0","1,0","0,1","0,0","0,1","0,0","0,0","1,0","0,0","0,0","1,0","0,0","1,0","1,0","2,0","1,0","1,0","0,0","0,0","1,0","1,0","1,0","0,0","0,1","0,0","1,0","1,0","0,0","0,0","0,0","0,0","0,0","0,0"
"1,0","1,0","0,0","1,0","0,1","0,1","1,0","2,0","1,0","1,0","1,0","0,0","1,1","0,0","0,0","1,0","1,0","0,0","0,0","1,0","4,0","0,0","0,0","0,0","1,3","0,0","1,0","0,0","3,1","4,1","0,0","1,1","0,1","0,1","0,0","1,0","0,0","0,1","0,0","0,1","1,0","1,0","1,0","0,0","1,0","0,0","1,0","1,0","0,0","0,0","1,4","0,0","0,1","0,0","0,0","0,0","0,0","1,0","1,0","2,1","0,0","1,0","1,0","1,0","0,1","0,0","11,2","0,1","0,0","6,2","1,0","0,0","6,4","1,0","1,0","0,0","2,0","0,0","0,1","0,0","0,0","1,0","0,1","1,0","1,0","0,0","0,0","0,0","0,0","0,0","1,0","0,0","1,0","1,0","1,0","0,0","0,0","0,0","2,0","1,0"
"20,11","2,0","0,1","0,0","1,0","0,0","1,1","1,0","1,0","0,0","1,0","1,0","1,0","0,0","0,0","1,0","1,0","1,0","0,0","1,0","2,1","0,0","0,1","1,2","0,0","0,0","0,0","1,0","0,0","0,0","0,1","0,0","1,0","0,0","2,0","0,0","0,0","0,0","0,0","0,1","1,0","0,0","1,0","0,0","15,5","0,0","1,0","0,0","1,0","0,1","0,1","0,0","0,0","0,0","1,0","1,0","1,0","0,0","1,0","0,0","0,0","1,0","1,0","0,0","0,0","0,0","0,0","1,0","0,0","0,0","0,0","0,0","1,0","0,1","1,0","0,0","11,1","1,0","1,0","0,0","1,0","0,0","0,1","0,1","1,0","1,0","1,0","0,0","1,0","0,0","0,0","1,0","1,0","1,0","1,0","1,0","0,0","0,0","0,0","0,0"
"1,0","1,0","1,0","0,0","1,0","0,0","0,0","7,2","0,0","1,0","1,0","1,0","1,0","2,0","0,0","0,0","1,0","1,0","4,1","0,1","0,0","0,1","0,0","0,0","1,0","0,0","0,0","1,0","0,0","0,0","1,0","0,0","1,0","0,0","1,4","1,0","1,0","0,0","1,1","0,1","0,1","6,1","0,0","0,0","1,0","1,0","2,0","0,0","2,1","0,0","0,0","14,9","1,0","1,0","0,0","1,0","1,0","1,0","1,0","0,0","3,1","5,2","1,0","0,0","0,1","5,0","0,0","0,1","1,0","1,0","0,0","1,1","0,0","1,0","0,0","0,1","0,1","1,0","0,0","1,1","1,0","0,0","0,1","1,0","0,1","0,0","0,1","0,0","0,0","1,0","1,0","1,0","1,0","1,0","0,0","0,0","0,0","0,0","0,0","1,0"
"1,0","1,0","0,0","1,0","1,0","0,0","0,0","0,0","1,0","0,1","0,1","0,1","0,0","0,0","1,0","0,0","0,0","0,1","0,0","5,0","1,0","1,0","0,1","5,0","0,0","0,0","0,0","0,0","0,0","0,1","0,1","0,0","1,0","7,4","0,0","1,0","0,1","1,0","0,0","0,1","0,0","0,1","0,0","1,0","1,0","1,0","4,2","0,0","0,0","0,1","1,0","0,0","0,0","0,0","0,0","13,4","0,0","0,0","0,0","1,0","0,0","1,0","0,1","0,0","1,1","1,0","1,0","0,0","1,0","1,0","0,0","0,0","0,0","5,4","1,0","0,0","0,0","0,0","0,0","0,0","0,0","0,0","0,0","1,0","0,0","0,1","0,0","1,0","0,0","1,0","1,0","1,0","1,0","0,0","2,0","0,0","0,0","1,0","0,0","0,0"
"1,0","0,0","0,0","17,3","0,0","1,0","0,0","1,0","1,0","1,0","0,1","1,0","0,0","1,0","0,0","0,0","1,0","0,0","0,0","1,0","0,0","1,0","1,0","1,0","1,0","1,0","0,0","0,0","1,0","0,0","0,0","0,0","0,0","0,0","0,0","1,0","1,0","2,1","0,0","0,0","0,0","1,0","1,1","1,0","0,0","0,0","1,0","0,1","2,0","6,2","0,0","0,0","0,1","1,0","0,0","0,0","0,0","0,0","0,0","1,0","1,1","2,0","1,0","1,0","0,0","0,0","0,0","1,0","22,9","0,1","1,0","0,0","1,0","1,0","1,0","0,0","0,0","0,0","0,1","1,0","0,0","0,0","1,0","0,0","0,0","1,0","1,0","1,0","0,0","0,0","1,0","0,0","1,0","0,0","0,0","0,0","1,0","0,0","0,1","0,1"
"0,0","1,0","0,0","5,0","0,0","0,0","0,0","0,0","1,0","0,0","1,0","1,0","0,1","0,0","0,0","0,0","1,0","1,0","1,0","0,1","12,1","1,0","0,1","0,0","1,0","1,0","0,1","0,0","1,0","1,0","1,0","0,0","0,0","0,0","0,0","0,0","0,1","1,0","1,0","0,0","0,0","7,0","0,0","1,0","1,0","1,0","1,0","1,0","0,0","0,0","0,0","0,0","0,0","0,0","0,0","0,0","1,0","3,0","3,1","0,0","0,0","1,0","1,0","1,0","0,0","7,3","12,4","0,0","1,0","1,0","0,0","1,0","1,0","0,1","0,0","1,0","1,0","1,0","0,1","0,0","2,1","1,0","1,0","0,0","0,1","1,0","5,2","1,0","0,0","0,0","0,0","6,2","1,0","1,0","1,0","1,0","0,0","1,0","2,0","1,0"
"0,0","0,0","0,0","0,0","0,0","0,0","0,0","7,0","7,0","1,0","1,0","0,0","1,0","1,0","1,0","0,0","0,0","0,0","3,2","1,0","1,0","0,1","1,1","1,0","1,0","1,0","1,0","1,0","0,0","0,0","1,0","1,0","2,1","1,0","0,0","1,0","0,0","0,0","1,0","1,0","0,0","1,0","0,0","0,0","1,0","1,2","0,0","0,1","0,0","1,0","0,0","0,1","0,0","0,0","0,0","0,0","0,1","1,0","2,1","0,1","0,0","0,1","1,0","3,3","0,0","1,0","0,1","1,0","0,0","1,0","4,1","1,0","1,0","1,0","1,0","1,0","0,1","0,0","0,0","1,1","1,0","1,0","1,0","0,0","1,0","1,0","0,0","0,0","1,0","0,2","0,0","0,0","0,3","0,0","0,0","1,0","5,3","0,0","1,0","1,0"
"2,0","4,0","0,0","0,0","1,0","0,0","0,0","1,0","1,0","4,0","1,0","1,0","0,0","2,1","0,1","0,0","1,0","0,1","0,0","0,0","1,0","1,0","1,0","0,0","2,0","0,0","4,0","3,0","0,0","1,0","0,0","0,0","2,0","2,1","1,0","0,0","1,0","0,0","1,0","0,0","0,0","1,0","2,0","1,0","0,0","0,0","0,0","1,0","1,0","0,0","0,1","0,0","0,0","1,0","4,0","2,0","1,0","1,0","0,0","1,0","0,0","1,0","0,1","0,1","0,0","1,0","0,0","3,1","1,0","0,0","1,0","0,0","1,0","0,0","1,0","0,0","0,0","1,0","1,0","0,1","1,0","0,1","0,0","0,0","0,0","0,0","0,1","0,0","0,0","1,0","0,0","1,0","0,1","0,1","0,1","0,0","0,0","0,0","0,0","0,0"
"0,0","0,1","1,0","0,0","1,0","1,0","0,1","0,0","0,0","0,0","0,0","0,1","1,0","0,0","1,0","0,0","11,5","1,0","8,4","1,0","0,0","1,0","0,0","0,0","0,1","2,1","1,0","0,0","0,0","0,0","1,0","1,0","3,0","1,0","0,0","2,1","0,0","0,1","0,0","1,0","0,0","0,0","1,0","0,0","0,0","1,0","0,0","0,0","0,0","0,0","4,1","1,0","1,0","0,0","0,0","2,0","4,2","0,0","0,0","0,0","1,0","0,0","0,0","1,0","0,1","3,0","0,0","0,0","5,0","0,0","0,0","0,0","0,0","0,0","0,1","0,0","0,0","1,0","10,3","0,0","0,0","0,1","1,0","0,0","1,0","1,0","0,1","1,0","1,0","1,0","1,0","1,0","3,0","1,0","1,0","0,0","0,0","0,1","0,0","0,0"
"3,1","0,0","0,0","1,0","1,0","1,0","1,0","0,0","1,0","0,1","0,1","0,0","1,0","0,0","1,0","0,1","0,0","0,0","0,0","0,0","1,0","2,2","0,0","0,1","0,0","0,0","1,0","0,0","1,0","1,0","1,0","1,0","2,0","10,1","0,0","1,0","0,0","1,0","0,0","0,0","4,0","0,0","0,0","0,0","0,0","0,0","1,0","1,0","1,0","0,0","1,0","1,0","0,0","1,0","0,0","0,0","1,0","0,0","4,0","0,0","2,0","1,0","1,0","1,0","1,0","0,0","3,0","0,0","0,0","0,0","2,0","0,0","0,0","0,0","0,0","0,0","1,0","1,3","0,0","1,0","0,0","2,0","1,0","0,0","2,2","1,0","1,0","1,0","1,0","1,0","1,0","1,0","0,0","1,0","1,0","0,0","0,0","1,0","1,0","1,0"
"1,0","0,0","1,0","0,0","0,0","0,1","0,0","1,0","9,0","0,0","0,0","0,0","0,0","0,0","0,0","1,0","0,0","1,0","0,0","0,0","1,0","1,0","0,1","0,0","0,0","1,0","5,0","1,0","1,0","0,0","8,2","0,0","5,0","1,0","1,0","1,0","0,0","0,0","0,1","1,1","0,0","1,1","1,0","1,0","0,0","0,0","0,0","0,0","0,0","0,1","0,0","1,0","0,0","0,0","0,0","0,0","3,0","0,0","1,0","6,8","0,0","0,0","0,0","0,0","1,0","8,3","0,0","0,0","0,0","0,0","1,0","0,0","1,0","2,0","4,1","0,2","0,0","0,0","0,0","1,0","0,0","0,0","0,0","0,0","1,2","0,0","0,0","0,0","0,0","1,0","1,0","0,0","1,0","0,1","1,0","3,0","1,0","0,0","0,0","0,0"
"0,0","1,0","0,0","0,0","0,0","0,0","1,0","0,0","0,0","0,0","1,0","0,0","0,0","1,0","0,0","0,0","0,0","1,0","0,0","1,0","0,0","0,0","0,0","0,0","1,0","0,0","0,1","0,1","0,0","0,0","0,1","1,0","1,0","0,0","0,1","0,1","0,0","0,0","2,0","1,0","10,1","1,0","1,0","1,0","1,0","0,0","0,0","0,1","0,0","0,0","0,1","0,0","13,4","1,0","0,1","0,0","1,0","0,0","1,0","0,0","0,0","1,0","1,0","0,0","0,0","1,0","0,0","0,0","1,0","0,0","1,0","1,0","1,0","1,0","1,0","1,0","0,0","0,0","0,1","0,0","1,0","1,0","0,0","0,0","1,0","1,0","1,0","1,0","0,0","1,0","1,0","1,1","0,1","1,0","1,0","1,0","0,0","0,0","0,0","6,4"
"2,0","1,0","0,0","0,0","0,0","4,3","1,0","0,0","0,0","0,0","0,0","1,0","1,0","0,0","0,0","0,0","0,1","7,0","1,0","1,0","0,0","0,0","1,0","0,0","1,0","1,0","1,0","7,1","11,6","1,0","1,0","1,0","0,1","1,0","0,0","0,1","1,0","0,0","1,0","1,0","1,0","0,0","0,0","0,1","0,0","1,0","0,0","0,0","0,1","0,0","12,8","0,0","0,0","0,0","1,0","0,0","0,0","0,0","0,0","0,0","1,0","1,1","1,0","5,1","0,0","1,0","1,0","1,0","1,0","3,1","1,0","6,0","0,1","2,1","1,0","0,0","1,0","0,0","0,0","0,0","4,1","0,0","0,0","0,0","1,0","0,0","0,0","1,0","0,0","16,11","0,1","1,0","0,0","1,0","0,0","0,1","0,0","0,0","0,0","0,0"
"0,0","4,3","1,0","1,0","1,0","0,0","5,0","1,0","0,0","1,0","0,1","1,0","1,2","1,0","0,0","1,0","0,0","0,0","0,0","1,0","1,0","0,0","1,0","0,0","0,0","1,0","1,0","1,0","0,0","1,0","0,0","1,0","2,1","0,0","1,0","0,0","0,0","0,0","0,0","1,0","1,0","0,0","1,0","1,0","0,0","1,0","0,1","0,0","0,0","1,0","1,0","0,0","0,0","1,0","0,0","0,0","0,1","0,0","7,0","1,1","1,0","0,1","1,0","0,0","0,0","1,0","0,0","1,0","3,1","0,1","0,0","0,0","1,0","0,0","1,0","0,1","0,0","1,0","1,0","1,2","1,0","0,0","1,1","0,0","0,0","1,0","1,0","1,0","7,2","0,0","1,0","0,0","0,0","1,0","1,0","0,0","1,0","0,0","0,0","0,0"
"1,0","0,1","1,0","1,0","0,0","1,0","1,0","0,0","0,0","0,1","8,1","0,0","1,0","0,0","1,0","1,0","1,0","0,0","0,0","1,0","0,0","1,0","0,0","1,0","0,0","0,0","1,0","0,0","0,0","0,0","1,0","0,0","1,0","0,0","1,0","1,0","1,0","1,0","1,0","1,0","0,1","0,0","1,0","1,0","1,0","0,0","0,0","1,0","0,0","1,1","0,0","1,0","0,0","0,0","1,0","1,0","0,0","1,0","0,0","1,0","6,0","0,1","0,0","1,0","0,0","0,0","0,0","0,0","1,0","0,0","0,0","17,10","6,3","0,0","0,0","1,0","1,0","1,0","1,0","1,0","2,0","1,0","0,0","0,0","0,0","0,0","0,0","0,0","0,0","0,0","1,0","1,0","2,0","0,0","1,0","1,0","1,0","3,0","0,0","0,1"
"1,0","0,0","0,0","0,0","1,0","0,0","1,0","0,0","0,0","0,0","0,0","1,0","1,0","0,0","0,0","1,0","2,0","1,0","2,0","0,0","0,0","1,0","0,0","2,0","0,0","0,1","0,0","0,0","0,0","0,0","1,0","0,0","2,0","0,0","1,0","0,0","3,0","0,0","0,0","0,0","1,0","0,1","0,1","0,1","6,2","2,1","0,0","0,0","0,0","0,1","0,0","1,0","0,0","1,0","0,0","4,0","1,0","4,1","0,0","0,0","0,0","1,0","0,0","0,1","0,0","0,1","0,0","1,3","1,0","0,1","0,0","0,0","7,1","1,0","0,0","1,0","1,0","0,0","0,1","1,0","0,0","1,0","0,0","2,0","1,0","0,1","0,0","0,0","1,0","0,0","1,0","0,0","1,0","0,0","0,0","5,5","0,0","2,2","2,0","0,0"
"1,0","1,0","1,0","0,0","1,0","1,0","1,0","15,3","0,0","0,0","0,0","0,1","3,2","0,0","1,0","0,0","1,0","1,0","0,1","0,1","1,0","0,0","1,0","0,0","0,0","0,0","0,0","0,0","0,0","1,0","1,0","0,0","0,1","0,0","0,0","1,0","0,1","0,1","1,0","0,0","1,0","1,0","0,0","0,0","1,0","0,1","1,0","0,0","1,1","0,0","1,0","1,1","8,2","0,0","0,0","0,0","1,0","1,0","0,0","0,0","1,0","0,1","1,0","0,0","0,0","1,0","0,0","1,0","0,0","1,0","1,0","1,0","1,0","0,0","1,0","1,0","0,0","0,1","1,0","1,0","0,1","1,0","0,0","0,0","1,0","0,0","1,0","0,0","0,0","0,0","2,1","0,1","0,0","14,4","1,0","0,0","1,0","0,0","2,4","0,0"
"0,0","1,0","0,0","1,0","1,0","0,0","1,0","0,0","1,0","0,0","0,0","0,0","0,0","1,0","0,0","1,0","0,0","1,0","6,2","0,1","1,0","0,0","1,0","0,0","1,1","1,0","0,0","1,0","0,0","1,0","0,0","0,0","0,0","0,0","1,0","0,0","5,1","1,0","0,0","18,7","0,0","1,0","0,0","1,0","1,0","1,0","0,0","0,0","6,0","2,0","0,1","0,0","16,3","1,0","0,0","1,0","1,0","2,0","0,0","0,0","0,0","0,0","0,0","0,0","0,0","0,0","0,0","1,0","1,0","0,0","4,0","0,0","2,0","3,1","1,0","1,0","1,0","10,3","1,0","1,0","1,0","0,1","0,0","1,0","0,0","2,0","1,0","1,0","1,0","2,0","2,0","0,0","6,2","1,0","1,0","1,0","0,0","0,0","0,0","1,0"
"1,0","1,0","0,0","3,1","0,0","4,2","1,0","3,1","1,0","0,0","1,0","0,0","0,0","0,0","5,2","0,0","1,0","0,0","1,0","1,0","0,1","0,0","1,0","0,0","1,0","6,5","0,0","1,0","0,0","1,0","1,0","0,1","0,0","1,0","0,0","1,0","0,0","1,0","1,0","3,1","0,0","4,1","1,0","0,1","0,0","0,0","1,0","0,1","0,0","1,0","1,0","1,0","0,0","1,0","0,0","1,0","1,0","1,0","1,0","1,0","1,0","2,0","0,0","1,0","0,0","0,1","0,0","1,0","1,0","0,0","0,0","0,2","0,0","0,0","1,0","1,0","0,0","0,0","0,0","1,0","0,1","0,0","1,0","0,0","0,0","1,0","1,0","0,0","0,0","0,0","1,0","1,0","0,1","1,0","0,0","1,0","1,0","0,0","0,0","0,0"
"1,0","1,1","2,0","1,1","0,1","10,6","0,1","1,0","2,0","0,0","0,0","1,0","0,1","1,0","0,0","1,0","0,0","0,0","0,1","1,0","1,0","0,0","0,0","0,0","0,0","1,0","0,0","1,0","0,0","0,1","0,0","7,4","0,0","0,0","0,0","0,0","1,0","1,0","0,0","0,0","0,1","0,0","0,1","0,0","1,0","0,0","1,0","7,1","0,0","0,0","1,1","1,0","1,1","1,0","0,1","0,0","0,0","0,0","1,0","0,0","0,0","0,1","1,0","0,0","1,0","0,0","1,0","1,1","1,0","0,0","3,0","1,0","0,0","1,0","1,0","0,1","0,0","1,0","0,1","1,0","0,0","0,0","4,1","1,0","1,0","1,0","1,0","0,0","1,0","0,0","0,0","1,0","1,0","0,0","1,0","1,0","0,0","0,0","0,1","1,0"
"4,3","0,0","0,0","1,0","1,0","1,0","1,0","0,0","0,0","7,0","2,1","0,0","1,0","0,1","1,0","3,1","2,0","0,0","0,0","1,0","0,0","2,0","1,0","0,1","1,0","2,0","0,0","3,2","0,1","1,0","1,0","0,0","1,0","1,0","0,0","2,0","3,1","0,0","1,0","0,1","1,0","0,0","0,0","0,0","0,0","0,1","0,0","0,0","0,0","0,0","1,0","1,0","0,1","1,0","1,1","1,0","0,0","0,0","0,0","1,0","0,0","1,0","1,0","0,0","0,1","1,0","1,0","1,0","3,0","1,0","0,1","0,0","0,1","0,1","0,0","0,0","0,1","0,0","0,0","0,0","0,0","0,0","0,0","0,0","0,0","0,1","0,0","1,0","0,0","0,0","0,0","0,0","0,0","0,0","1,0","1,0","1,0","0,0","2,1","0,0"
"2,0","0,0","1,0","1,0","0,1","1,0","0,0","0,1","1,0","0,0","1,0","1,0","0,1","1,0","6,2","4,0","0,0","1,0","1,1","1,0","0,0","1,0","1,0","1,0","4,1","0,0","1,0","0,0","0,1","0,0","1,1","1,0","0,0","0,0","5,4","0,0","1,0","0,0","1,0","0,0","3,2","0,0","0,0","0,0","0,0","0,0","1,1","3,2","0,0","1,0","1,0","0,1","0,0","0,0","0,0","1,0","1,0","1,0","0,0","5,3","0,0","0,0","1,0","0,0","1,0","6,1","0,0","1,0","1,0","0,0","0,0","1,0","0,0","0,0","1,0","0,0","1,1","0,0","0,0","0,0","1,0","0,2","0,0","0,0","0,0","0,0","0,0","0,0","0,0","0,0","1,0","1,0","2,0","0,1","1,0","0,0","0,0","0,0","0,0","2,0"
"1,0","0,0","1,0","0,0","0,0","0,1","0,0","1,0","0,0","0,0","0,0","0,0","0,1","1,0","1,0","0,0","0,2","5,0","1,0","1,0","0,1","0,1","0,0","0,0","0,0","1,0","0,0","0,0","0,0","1,0","0,0","1,0","1,0","0,0","0,1","2,0","0,0","1,0","1,0","1,0","0,0","0,0","1,0","0,0","0,1","0,0","0,0","0,0","1,0","1,0","1,0","1,0","0,0","0,0","1,0","1,0","0,0","1,0","0,1","2,0","0,0","0,0","1,0","0,0","1,0","1,0","1,0","0,0","0,1","0,0","1,0","0,0","2,1","0,0","0,0","0,0","1,0","1,0","1,0","0,1","0,1","0,1","1,0","1,0","0,1","1,0","0,0","0,0","1,0","1,0","1,0","0,0","2,1","6,2","0,0","0,1","1,0","0,0","0,0","0,0"
"0,0","12,5","1,0","1,0","0,0","0,0","1,0","1,0","1,0","0,0","1,0","1,0","1,0","0,0","0,0","0,1","0,0","1,0","0,0","0,0","2,0","1,0","0,0","1,0","0,0","0,0","1,0","1,0","0,0","0,1","0,1","1,0","3,1","1,0","0,0","1,0","1,0","0,0","1,0","0,0","0,0","0,0","0,0","0,0","0,0","1,0","0,1","0,1","1,0","0,1","1,0","0,0","1,0","1,0","1,0","0,0","1,0","0,1","0,0","7,2","1,0","1,0","1,1","0,0","0,0","0,0","0,1","1,0","0,0","0,0","1,0","0,1","0,0","0,0","1,0","0,0","0,0","1,0","1,0","0,0","1,0","0,0","0,0","0,0","0,0","1,0","1,0","0,0","1,0","0,0","1,0","1,0","1,0","1,0","1,0","0,0","1,0","0,0","0,0","0,0"
"1,0","1,0","0,0","0,0","0,0","0,0","2,0","2,1","1,0","0,1","0,0","1,0","0,0","0,0","0,0","0,0","0,0","0,0","1,0","0,0","0,0","1,0","0,0","1,0","0,0","0,0","1,2","1,0","0,0","0,0","0,0","1,0","0,0","0,0","7,2","1,0","1,0","3,0","0,0","1,0","1,0","14,3","0,0","1,0","1,0","0,0","1,0","1,1","0,0","0,0","0,1","1,0","0,0","1,0","0,0","1,0","1,0","0,1","0,1","0,0","1,0","1,0","1,0","0,0","0,1","0,0","0,0","1,0","0,0","1,0","1,0","0,0","1,0","0,0","1,1","11,6","1,0","2,0","1,0","0,0","1,0","0,1","1,0","0,0","0,0","1,0","0,0","1,0","0,0","1,0","0,1","1,0","14,1","0,0","0,0","1,0","2,0","0,0","0,0","1,0"
"1,0","0,1","1,0","0,1","0,0","2,1","0,0","1,0","0,0","0,0","0,0","2,0","1,0","0,0","0,1","1,0","0,0","0,1","0,0","0,0","0,1","0,0","1,0","0,0","1,0","1,0","1,0","0,0","0,1","0,0","0,1","0,0","0,1","1,0","1,0","1,0","0,0","0,0","1,0","1,0","0,0","1,0","1,0","0,0","6,0","1,0","1,0","0,0","0,0","1,0","1,0","0,0","1,0","0,0","0,1","0,0","18,8","0,1","0,0","0,0","1,0","1,0","0,0","0,0","0,0","1,0","0,0","0,0","1,0","1,0","1,0","1,0","0,0","0,0","1,0","1,0","1,0","2,0","0,0","1,0","1,0","0,0","2,0","1,0","0,0","1,0","0,0","0,0","1,1","1,0","1,1","1,0","1,0","0,0","0,0","0,0","2,0","0,0","3,0","2,0"
"0,0","1,0","0,0","1,0","0,1","1,0","0,0","0,0","1,0","0,0","1,0","0,0","1,0","0,0","1,0","0,0","0,0","1,0","1,0","1,0","0,0","0,0","0,0","1,1","0,1","1,0","0,0","1,0","0,0","1,0","0,0","1,0","0,0","0,0","5,1","0,1","0,0","1,0","1,0","2,0","0,0","6,1","0,0","0,0","1,0","1,0","1,0","1,0","0,0","1,1","0,0","1,0","0,0","1,0","0,0","0,1","0,0","0,0","1,0","10,3","0,1","0,0","1,0","0,0","1,0","1,0","6,1","0,0","1,0","3,0","0,0","0,0","0,0","0,0","0,0","1,0","1,0","13,6","0,0","1,0","0,0","1,0","1,0","4,1","1,0","1,0","5,1","0,0","0,0","1,0","0,1","0,0","0,0","1,0","3,1","0,0","1,0","0,0","1,0","0,0"
"0,1","1,0","1,0","0,0","0,1","0,0","1,0","0,1","1,2","0,0","1,0","0,0","1,0","1,0","0,1","1,0","0,1","0,0","0,0","0,0","4,2","1,0","1,0","1,0","0,1","14,4","2,0","0,0","4,2","0,0","0,0","0,0","0,0","1,0","1,0","1,0","0,0","1,0","0,0","1,0","1,0","0,0","0,0","0,0","1,0","1,0","0,0","0,0","0,0","0,0","1,0","0,0","1,0","1,0","0,0","0,0","3,1","3,0","0,0","2,0","1,0","1,0","1,0","1,0","1,0","1,0","0,0","0,0","1,0","0,0","1,0","0,0","0,0","0,0","1,0","0,0","0,0","1,0","0,0","1,0","0,1","0,0","0,0","0,0","0,0","1,0","0,0","1,0","1,0","0,0","1,0","0,0","0,0","0,0","0,1","4,0","1,0","1,0","0,0","1,0"
"2,0","0,1","2,0","0,0","0,0","1,0","0,0","1,0","2,2","0,0","0,0","0,1","1,0","1,0","0,0","0,0","0,0","1,0","1,0","1,0","2,0","0,0","1,0","0,0","0,0","1,0","0,0","0,2","1,0","0,0","1,0","0,0","0,0","0,0","0,0","0,0","0,0","1,0","0,0","0,0","13,6","1,0","4,0","1,0","0,0","0,0","3,1","1,0","0,0","1,0","1,0","1,0","1,0","1,0","4,2","0,0","0,0","1,0","2,1","1,0","1,0","1,0","1,0","1,0","0,0","1,0","0,0","0,0","0,0","1,0","1,0","1,0","0,0","1,0","0,0","0,1","0,0","1,0","1,0","0,0","1,0","1,0","0,1","0,0","1,0","0,0","1,0","1,1","0,0","1,0","0,0","1,0","0,0","0,0","0,0","0,2","0,1","0,0","0,0","1,0"
"0,0","0,0","1,0","0,0","1,0","0,1","1,0","0,0","0,0","0,0","1,0","0,0","1,0","0,1","1,0","1,0","1,0","1,0","1,0","1,0","0,0","1,0","2,0","0,0","0,0","1,0","1,0","1,0","0,0","0,0","1,0","1,0","0,1","2,1","1,0","0,1","0,0","1,0","0,0","0,0","1,0","1,0","0,0","0,0","1,0","1,0","1,0","0,0","1,0","1,0","0,0","0,0","0,1","1,0","1,0","0,0","0,0","1,0","0,0","1,0","1,0","0,0","1,0","0,0","0,0","1,0","1,0","0,0","1,0","3,4","1,0","0,0","0,0","2,0","1,1","0,0","0,0","0,1","1,0","0,0","0,0","5,1","0,0","0,0","0,0","0,0","0,0","1,0","1,0","0,0","1,0","0,0","1,0","0,0","0,0","0,0","0,0","1,0","1,0","1,0"
"0,0","0,0","0,1","4,1","0,0","1,0","8,1","0,0","0,0","0,0","0,0","0,0","1,0","6,1","1,0","0,0","1,0","0,0","1,0","0,0","0,0","1,0","1,0","0,0","17,6","0,0","0,1","0,0","0,0","0,1","1,0","3,3","1,0","2,0","1,1","0,0","1,0","0,0","0,1","1,0","0,0","0,0","1,0","0,0","1,0","0,0","0,0","1,0","1,0","1,0","0,1","0,0","1,0","3,1","1,0","0,0","1,0","1,0","0,0","0,0","0,0","0,0","1,0","0,0","0,1","0,0","1,0","1,0","1,0","0,0","0,0","0,0","1,0","0,0","0,0","0,1","0,0","0,1","0,0","1,0","1,0","0,0","0,0","1,0","1,0","0,0","0,0","0,0","1,0","2,0","1,0","0,1","0,1","1,0","0,0","13,4","1,0","10,3","1,0","0,0"
"1,0","1,0","0,0","0,0","0,0","2,1","1,0","0,1","1,0","2,3","4,1","1,0","0,1","0,1","0,1","0,0","4,2","1,0","0,0","0,0","0,0","7,0","1,0","0,1","1,0","1,0","0,0","0,0","1,0","0,1","0,0","0,0","1,0","1,0","0,1","0,0","0,0","0,0","1,0","0,1","0,0","1,0","0,0","1,0","1,0","1,0","0,0","0,0","1,0","0,0","1,0","0,0","1,1","0,0","4,1","1,0","16,2","0,0","1,0","0,0","0,0","0,0","0,0","1,0","0,1","1,0","1,0","6,3","0,0","0,0","0,0","0,0","0,0","0,0","0,0","0,0","1,0","1,0","1,0","1,0","0,0","1,1","1,2","0,0","0,0","1,0","1,0","1,0","0,1","0,0","1,0","0,0","0,0","0,0","1,0","0,0","1,0","0,0","1,0","0,1"
"0,0","0,0","0,0","0,0","0,0","1,0","0,0","0,0","13,4","0,0","1,0","1,0","0,0","0,0","0,0","0,0","0,0","1,0","0,0","0,0","1,0","0,0","0,0","1,0","0,1","3,0","0,0","1,0","1,0","0,1","1,1","0,0","0,0","1,0","0,0","0,0","0,1","0,0","1,0","0,0","0,0","2,2","1,0","10,2","2,1","0,0","0,0","1,0","0,0","6,0","1,0","1,0","0,0","1,0","1,0","0,0","0,1","2,1","0,0","1,0","0,0","1,0","0,1","0,0","1,0","0,0","1,0","0,0","0,0","0,0","3,1","0,0","0,0","3,0","1,0","0,0","0,0","0,0","1,0","1,0","0,0","0,0","0,1","2,0","3,2","0,0","0,1","0,0","1,0","0,0","0,0","1,0","0,0","0,0","1,0","1,0","0,0","1,0","0,0","0,0"
"0,0","0,0","0,0","0,0","1,0","1,0","0,0","1,0","0,0","2,0","0,0","1,0","1,0","1,0","1,0","0,0","1,0","0,0","0,0","1,0","0,0","0,0","0,0","1,0","0,0","0,0","1,0","0,0","2,1","0,1","1,0","0,0","2,0","1,0","0,0","1,0","1,0","0,0","0,0","1,0","0,0","1,0","0,3","1,0","0,0","1,0","0,0","0,0","0,1","0,0","18,6","0,0","0,0","1,1","0,0","0,0","0,0","0,0","1,0","1,0","1,0","0,0","1,0","1,0","1,0","1,0","0,0","1,0","0,0","0,0","1,0","0,0","1,0","2,0","4,3","4,3","0,0","0,0","0,0","0,0","1,0","0,0","1,0","1,0","1,0","0,1","0,0","1,0","1,0","0,0","1,0","0,0","1,0","0,0","1,0","0,0","0,0","0,0","0,0","0,0"
"1,0","7,2","1,0","0,1","1,0","0,0","0,1","8,0","0,0","0,0","0,0","0,0","1,0","1,0","0,0","1,0","0,0","0,0","0,0","0,1","0,0","0,0","0,0","0,0","1,0","1,0","0,1","0,0","1,0","0,1","16,5","0,0","0,0","0,0","1,0","1,0","0,1","7,1","1,0","1,2","1,0","1,0","0,0","1,0","8,3","3,3","1,0","0,0","1,0","0,0","0,0","1,0","0,0","1,0","1,0","1,0","0,0","0,0","0,0","1,0","1,0","1,0","1,0","1,0","0,0","0,1","1,0","0,0","0,0","1,0","0,0","0,1","1,0","0,1","0,0","0,0","0,0","0,0","0,0","2,0","0,0","1,0","0,0","0,0","0,0","0,0","0,1","0,0","0,0","1,0","1,0","0,0","0,0","0,0","1,0","1,0","0,0","0,0","0,0","4,0"
"0,0","0,0","0,0","0,0","1,0","0,0","0,0","0,0","1,0","1,0","1,0","0,0","0,0","1,0","0,0","0,1","4,2","3,2","0,0","0,0","0,0","0,0","1,0","0,0","0,0","0,0","0,0","1,0","1,0","0,0","1,0","1,0","1,0","0,0","0,0","0,0","2,0","1,0","1,0","0,1","0,0","1,0","1,0","0,1","2,0","3,0","0,0","0,0","0,0","0,0","0,0","0,0","9,1","1,0","1,0","1,0","1,0","0,0","4,1","1,0","13,5","1,0","0,0","1,0","0,0","1,0","2,0","1,0","1,1","0,0","1,0","0,0","1,0","0,0","1,0","1,0","0,0","1,0","1,0","1,0","0,0","0,0","2,0","0,0","1,0","0,0","2,1","0,0","0,0","0,0","1,0","1,0","1,0","4,1","0,1","5,1","0,0","0,0","1,0","1,0"
"0,0","2,0","0,1","1,0","0,0","1,0","0,0","0,0","1,0","0,0","0,1","1,0","0,0","0,0","1,0","1,0","1,0","0,1","0,0","1,0","1,0","1,0","0,0","0,0","0,1","11,4","0,0","1,0","0,1","0,0","0,1","8,3","0,0","0,0","0,0","1,0","1,0","1,0","0,0","1,0","1,0","0,0","1,0","1,0","0,0","1,0","1,0","1,0","0,1","0,0","0,0","0,0","0,1","2,1","2,0","0,0","0,0","0,0","1,0","0,0","0,0","0,0","0,1","0,1","1,0","0,0","1,0","0,0","13,4","0,0","3,0","0,0","0,1","1,0","0,0","1,0","1,0","0,0","1,0","0,0","0,0","1,0","1,0","0,1","4,2","1,0","0,0","1,0","1,0","0,1","1,0","0,0","0,1","0,0","0,0","0,0","0,0","6,1","1,0","0,0"
"1,0","1,0","10,4","0,1","0,0","1,0","1,0","7,2","0,1","1,0","0,0","1,0","1,0","0,0","1,0","0,0","0,0","0,0","1,0","1,0","1,0","0,1","20,5","1,0","0,0","1,0","2,2","1,0","0,0","0,1","1,0","0,0","1,0","1,0","0,1","0,1","0,0","0,0","1,0","0,0","0,0","1,0","0,0","0,0","10,3","1,0","1,0","1,0","0,0","0,0","1,0","2,0","0,0","1,0","0,1","6,0","0,0","8,6","0,0","1,0","0,0","0,0","0,0","1,0","0,0","1,0","2,1","0,0","0,0","1,0","5,0","1,0","3,0","9,1","0,1","1,1","1,0","0,0","1,0","0,0","0,1","0,0","0,0","0,0","0,0","0,1","0,0","1,0","1,0","0,0","1,0","0,0","1,0","0,0","1,0","1,0","0,0","0,0","0,1","2,1"
"1,0","1,1","0,0","1,0","0,0","0,1","0,0","2,1","1,0","0,0","0,0","1,0","0,0","3,1","0,0","0,0","0,0","1,0","0,1","0,0","1,0","1,0","1,1","1,1","1,0","0,0","0,0","1,0","0,0","1,0","0,0","1,0","2,1","0,1","1,0","1,0","1,0","0,1","0,0","1,0","1,0","1,0","0,0","0,1","0,0","1,0","0,0","0,0","0,0","0,0","0,0","0,0","0,1","0,1","0,0","1,0","0,0","1,0","1,0","1,2","0,0","2,0","7,3","0,0","0,0","0,0","0,0","1,0","5,1","3,1","1,0","0,0","0,0","0,0","0,0","1,0","6,2","1,0","0,1","1,0","0,0","11,4","0,0","0,0","2,0","2,1","1,0","0,0","0,0","1,0","1,0","0,0","1,0","0,0","0,0","0,0","0,0","0,0","1,0","0,0"
"1,0","1,0","0,0","1,0","0,0","0,0","4,0","2,3","0,0","0,0","0,1","1,0","3,2","1,0","1,0","1,0","0,1","0,0","0,0","1,0","0,0","0,0","0,0","1,0","0,0","10,3","0,1","0,1","0,0","0,0","2,2","1,0","2,0","1,0","0,0","1,0","1,0","1,0","1,0","1,0","0,0","4,0","1,0","4,5","0,0","1,0","1,0","0,0","0,0","1,0","0,0","1,0","1,0","1,0","0,0","0,0","0,0","0,0","0,0","0,0","1,0","0,0","1,0","1,0","0,0","0,0","0,1","0,1","1,1","1,0","1,0","1,2","0,0","2,0","0,0","0,0","1,0","0,0","1,0","1,0","1,0","1,0","1,0","0,0","1,0","0,1","0,0","0,1","1,0","0,0","1,0","2,0","0,0","0,0","2,0","1,0","1,0","1,0","1,0","5,2"
"1,1","1,0","1,0","3,0","1,0","0,2","7,0","1,0","0,0","1,0","2,0","0,1","1,0","19,6","0,0","1,0","1,0","1,0","2,0","0,0","1,0","1,0","1,0","0,0","0,1","0,0","1,0","3,1","1,0","0,0","2,0","0,0","1,0","1,0","3,0","2,0","1,0","1,3","1,0","3,4","0,1","0,0","0,0","0,0","1,0","1,0","1,0","1,0","6,1","0,1","1,0","0,0","1,0","0,0","6,1","0,0","2,0","1,0","0,0","0,0","1,0","0,0","0,0","0,0","0,1","0,0","1,0","1,0","0,0","1,0","0,0","1,1","0,0","0,0","0,0","0,0","1,0","1,0","1,0","0,0","0,0","0,0","0,0","1,0","0,0","0,0","0,0","1,0","1,0","0,0","0,0","1,0","1,0","0,0","1,0","0,0","1,0","0,1","1,0","1,0"
"0,1","1,0","0,0","1,0","1,0","1,0","0,0","0,0","0,0","0,0","0,0","0,1","1,0","0,0","0,0","1,0","0,0","1,0","1,0","0,0","0,0","1,0","0,0","1,0","0,0","0,0","1,0","0,0","0,1","0,1","1,0","0,0","0,0","1,0","7,2","0,0","1,0","0,0","0,0","0,0","0,0","1,0","1,0","1,0","1,0","1,0","0,0","1,0","1,0","2,0","0,1","1,0","1,0","0,0","2,0","0,0","1,0","1,0","0,1","1,0","1,0","1,0","1,0","1,0","0,0","0,1","0,0","1,0","0,0","0,0","0,0","0,0","0,0","0,0","6,1","0,0","0,0","1,1","1,0","1,0","1,0","0,0","0,0","1,0","1,0","0,0","0,0","1,0","0,1","1,0","1,1","0,0","0,0","1,0","7,0","0,0","1,0","0,0","0,1","0,0"
"0,1","0,0","1,0","0,0","0,0","0,1","0,0","0,1","1,0","0,0","1,0","0,0","1,0","1,0","1,0","4,0","5,1","2,0","0,1","1,0","0,0","0,0","1,0","1,0","1,0","15,8","0,0","1,0","0,0","0,0","0,0","0,0","1,0","0,0","0,0","1,0","0,1","0,0","2,0","0,0","0,0","0,0","1,1","1,0","0,0","0,0","1,0","1,0","0,0","0,0","1,0","2,1","0,0","2,0","1,0","3,0","0,1","0,0","0,0","0,0","1,0","1,0","1,0","0,1","1,0","3,2","0,0","0,0","0,1","1,0","0,0","1,0","0,1","0,1","0,0","0,0","1,0","1,0","1,0","0,1","1,0","0,1","1,0","1,0","0,0","0,0","0,1","1,0","0,0","0,0","1,0","0,1","1,0","4,3","0,0","0,0","0,1","1,0","0,0","0,0"
"1,0","0,0","0,1","0,0","0,0","1,0","1,0","0,0","1,0","12,2","0,1","0,0","0,0","1,0","1,0","0,0","0,0","2,0","0,0","0,0","7,1","0,0","1,0","0,1","0,1","1,0","7,1","0,0","1,2","1,0","1,0","1,0","5,0","0,0","0,0","2,0","1,0","1,0","2,0","1,0","1,0","0,0","0,0","0,1","1,0","0,0","0,0","1,0","1,0","0,1","1,0","2,0","0,1","1,0","0,0","1,0","1,0","6,0","1,0","0,0","0,0","1,0","1,0","1,0","4,0","0,0","1,0","1,0","1,0","0,0","1,0","1,0","2,0","0,0","1,0","0,0","1,0","0,0","1,0","6,3","1,0","1,0","1,1","0,0","0,0","1,0","0,0","0,0","0,0","1,0","1,0","1,0","0,0","0,1","0,0","1,1","1,0","1,0","1,0","0,0"
"0,0","0,1","1,0","1,0","1,0","1,0","0,0","0,0","0,1","0,0","1,0","0,1","7,2","0,0","16,8","3,3","1,0","8,7","0,0","0,0","1,0","0,1","0,0","0,1","7,1","0,0","0,1","0,0","0,0","0,0","0,0","0,0","0,0","0,1","10,3","1,0","1,0","0,1","0,0","1,0","1,0","1,0","0,0","1,0","0,0","1,0","2,0","0,0","1,0","0,0","0,1","0,0","1,1","0,0","0,0","0,1","0,1","0,0","0,0","0,0","0,1","1,0","0,0","0,0","1,0","1,0","0,0","0,0","0,1","0,1","1,0","3,0","0,0","1,0","1,0","1,0","0,1","1,1","1,0","0,0","0,1","1,0","0,0","0,0","1,0","1,0","0,0","1,0","1,0","1,0","1,1","0,0","0,0","1,0","0,0","0,0","1,0","0,0","0,1","11,2"
"0,0","7,4","7,2","0,0","8,6","0,0","0,0","0,0","0,0","1,0","1,0","1,0","0,0","0,0","0,0","0,0","1,0","1,0","5,1","0,0","0,0","0,0","1,0","1,0","0,0","0,0","0,1","1,0","0,0","0,0","2,0","1,0","0,0","0,0","1,0","1,0","0,0","0,0","0,1","1,0","0,0","0,0","1,0","1,0","1,0","1,0","0,0","1,0","0,0","1,0","4,0","0,0","1,0","0,0","0,0","0,0","1,0","1,0","0,0","2,1","0,0","2,0","0,0","0,0","1,0","0,1","2,0","0,0","3,1","0,1","1,0","7,2","0,0","0,0","0,0","0,0","0,0","0,0","1,0","1,0","1,0","0,0","0,0","2,0","0,0","0,0","0,0","0,1","1,0","1,0","7,1","1,0","0,1","0,0","1,0","0,0","1,0","0,0","0,0","1,0"
"1,0","1,0","0,0","1,0","3,0","1,0","1,1","1,0","1,0","0,0","0,0","0,0","0,0","0,0","0,0","0,1","0,0","1,2","1,0","1,0","1,0","2,0","0,0","1,0","0,0","0,0","0,0","1,0","0,0","1,0","1,0","0,0","0,1","0,0","1,0","0,0","1,0","0,0","1,0","1,0","0,0","1,0","3,1","0,0","0,0","1,0","0,0","0,0","1,0","1,0","0,1","1,0","0,0","0,0","5,4","0,1","0,0","1,0","4,0","2,1","0,0","1,0","0,0","2,0","1,0","2,0","0,0","0,1","0,0","0,0","1,0","0,1","1,0","1,0","2,1","0,0","0,0","0,0","0,0","1,0","0,0","0,0","0,0","0,0","0,0","1,0","1,0","0,0","0,0","1,0","1,0","1,0","0,0","1,0","0,0","1,0","1,0","1,0","0,0","0,0"
"1,0","0,0","0,1","8,1","0,0","9,3","1,0","0,1","0,0","0,1","0,0","7,5","1,0","0,1","1,0","1,0","1,0","0,0","1,0","0,0","0,0","1,0","0,0","0,1","1,0","0,0","0,1","0,0","0,0","1,0","1,0","1,0","1,0","1,0","0,0","1,0","0,0","1,0","0,0","0,2","1,0","0,0","1,0","1,0","0,1","1,0","0,0","1,0","0,0","1,0","0,0","0,0","1,0","11,1","1,0","1,0","3,1","1,0","2,0","1,0","1,0","1,0","1,0","3,1","2,0","0,0","1,0","1,2","10,3","0,0","1,0","0,0","0,0","1,0","1,0","1,0","10,5","0,0","0,0","1,0","0,1","12,6","1,0","0,0","0,0","1,0","0,0","0,0","0,0","0,0","0,0","0,0","1,0","1,0","0,0","0,0","1,0","1,0","1,0","1,2"
"0,0","1,0","0,0","1,0","0,0","1,0","0,0","1,0","2,0","0,0","0,0","3,0","1,0","2,0","1,0","1,0","1,0","1,0","1,0","0,0","0,1","1,0","14,9","0,0","1,0","0,0","0,1","1,1","1,0","1,0","1,0","1,0","1,0","1,0","0,0","0,1","2,2","1,0","0,0","0,0","0,0","1,0","0,0","1,0","1,0","0,0","0,0","0,0","0,0","0,0","1,0","1,0","1,0","0,0","0,0","4,1","0,0","1,1","0,1","1,0","0,0","0,0","0,0","0,0","0,0","0,0","0,0","0,1","0,1","0,0","0,0","1,0","0,0","0,0","1,0","0,0","5,0","0,1","0,0","1,0","1,0","4,3","0,0","0,0","0,0","0,0","0,0","1,0","2,0","0,0","2,0","0,1","0,0","0,0","1,0","4,3","1,0","0,0","1,0","1,0"
"8,0","0,0","0,0","0,0","7,0","6,1","2,0","2,0","1,0","1,0","1,1","0,0","0,0","0,0","2,0","0,0","0,0","1,0","7,1","1,0","1,0","0,0","1,0","0,1","0,1","1,0","1,0","0,1","1,0","1,0","0,0","0,0","1,0","1,0","1,0","0,0","1,0","1,1","0,0","1,0","6,2","0,0","0,1","1,0","3,0","3,1","0,0","1,0","0,1","0,0","0,0","0,0","2,0","0,0","5,3","0,1","1,0","0,0","9,3","0,1","2,2","0,0","1,0","3,0","0,0","0,0","0,0","0,1","0,0","1,0","0,0","0,0","13,5","1,0","0,0","1,0","0,0","1,0","1,0","0,0","1,0","0,0","1,0","1,0","1,0","0,0","0,0","12,0","0,1","0,0","0,1","0,0","0,1","1,0","1,0","0,0","1,0","0,0","0,0","1,0"
"1,0","1,0","0,0","1,0","0,0","0,0","1,0","0,0","3,2","1,0","2,0","0,0","1,0","0,1","0,0","0,1","1,0","2,0","1,0","4,2","1,0","0,0","0,0","1,0","0,1","0,0","14,3","0,1","0,0","1,0","1,0","1,0","1,0","0,0","0,0","0,0","0,0","1,0","1,0","0,0","1,0","0,1","0,0","0,0","0,0","1,0","1,0","0,0","1,1","0,0","0,0","0,0","0,0","0,0","1,0","0,1","2,1","0,1","0,0","0,0","1,0","1,0","9,2","1,0","5,1","1,0","1,0","0,1","0,0","1,0","1,0","0,0","1,0","0,0","1,0","0,2","0,1","1,0","1,0","2,0","0,0","0,1","0,0","0,0","1,0","0,0","0,0","1,1","0,1","0,0","17,9","1,0","0,0","0,1","0,0","0,0","0,0","0,0","0,0","0,0"
"0,0","1,0","2,0","0,0","2,0","0,0","0,0","1,0","1,0","0,0","0,1","0,0","1,0","0,0","2,0","0,0","0,0","0,0","0,0","1,0","0,0","0,0","0,1","0,0","0,0","0,0","4,1","0,0","0,0","0,0","0,0","1,0","1,0","0,1","0,0","2,2","1,0","1,0","1,0","0,1","0,0","1,0","1,1","1,0","2,0","1,0","1,0","1,0","0,0","2,0","1,0","1,0","0,0","0,0","0,0","0,0","0,1","0,0","0,0","0,0","1,0","0,0","0,0","1,0","1,0","0,0","1,0","0,0","2,0","0,0","0,0","0,0","0,0","1,1","1,0","0,0","0,0","3,2","0,0","1,0","0,0","5,2","0,1","0,0","1,0","0,0","0,0","0,0","0,0","0,0","0,0","2,0","0,0","1,0","1,0","1,0","5,0","1,0","1,0","0,0"
"1,0","5,0","0,0","1,0","1,0","1,0","0,0","1,0","0,0","1,0","0,0","1,0","2,1","0,1","0,1","0,0","1,0","0,0","0,0","1,2","0,0","0,0","0,0","1,0","0,0","1,1","1,0","0,0","1,0","15,10","0,0","0,0","0,2","1,0","3,1","0,0","2,1","10,6","0,0","1,0","0,0","3,1","0,0","1,1","1,0","1,0","1,0","4,1","1,0","1,0","1,0","0,0","1,0","0,0","1,0","1,0","0,1","0,0","1,0","0,1","0,0","1,0","8,2","0,0","0,0","1,0","0,0","0,0","2,1","2,1","0,0","1,0","2,2","0,0","0,0","0,1","0,0","0,1","0,0","0,0","1,0","1,0","0,0","0,1","0,2","0,1","0,0","0,1","0,0","0,0","0,1","0,0","0,0","0,1","1,0","2,1","0,0","0,0","0,0","1,0"
"0,0","1,0","1,0","0,0","0,0","0,0","0,0","1,0","1,0","0,1","1,0","1,0","0,0","1,0","0,0","0,0","0,0","1,0","0,0","1,0","0,0","0,0","0,0","0,0","0,0","0,0","0,0","0,0","1,0","3,0","1,0","0,0","0,0","1,0","0,0","2,1","6,0","3,0","0,0","0,1","1,1","17,6","1,2","2,0","1,0","1,0","0,0","0,1","1,0","0,0","2,1","0,0","0,0","1,0","0,0","0,0","0,0","1,0","1,0","1,0","0,0","1,1","1,0","1,0","0,0","0,0","4,0","0,0","0,0","5,1","0,0","0,0","0,0","1,0","0,0","0,0","1,0","1,0","3,3","1,0","1,0","1,0","2,0","3,1","0,0","0,0","0,0","1,0","0,0","1,0","0,0","0,0","0,1","0,0","0,0","0,0","0,0","0,0","1,0","5,2"
"0,0","0,0","1,0","0,0","5,1","0,0","0,0","1,0","3,0","1,0","0,0","0,0","0,0","1,0","0,0","1,0","0,1","0,1","1,0","1,0","1,0","1,0","0,1","1,0","1,0","0,0","0,0","0,1","9,5","0,0","1,0","1,0","0,0","1,0","0,0","0,1","0,0","0,0","1,0","0,0","1,0","0,0","0,0","1,0","0,0","0,0","0,0","0,0","1,0","1,0","1,0","1,0","1,0","0,0","1,0","0,0","0,1","1,0","0,0","0,0","8,2","1,0","1,0","1,0","0,1","0,0","1,0","0,0","0,2","1,0","1,0","0,0","1,0","1,0","1,0","0,0","0,0","1,0","0,0","1,0","0,0","0,0","0,0","16,7","5,1","1,0","1,0","1,0","0,0","0,0","0,0","2,0","1,0","1,0","1,0","0,0","2,0","0,2","1,0","0,0"
"0,0","1,0","1,0","0,0","1,0","1,0","1,0","0,0","0,0","0,0","1,0","1,0","0,0","0,0","1,0","0,1","1,0","2,0","1,0","0,0","0,1","0,0","0,0","1,0","1,0","2,0","1,0","0,1","1,0","1,0","1,0","5,0","0,0","0,1","0,0","0,0","0,0","2,0","1,0","1,0","0,0","0,0","1,0","0,1","0,0","0,0","1,0","0,0","3,1","0,1","0,0","0,0","1,0","1,0","0,1","0,1","5,1","0,0","0,0","1,0","6,2","0,0","1,0","1,0","0,0","0,0","0,1","1,1","1,0","0,1","0,0","0,0","1,0","0,0","0,0","1,1","0,0","1,1","0,0","0,0","0,0","0,0","0,1","1,0","1,0","0,0","1,0","0,0","0,0","0,0","18,7","0,1","1,0","1,0","1,0","3,1","0,0","1,0","1,1","1,0"
"1,0","6,2","0,0","2,1","0,0","0,0","0,0","0,0","2,0","0,1","0,1","1,0","1,0","1,0","1,0","1,0","0,0","0,0","1,0","0,0","1,0","1,0","0,0","0,1","1,0","1,0","1,0","3,2","0,1","0,0","8,8","0,0","1,0","1,0","1,0","0,1","1,0","0,0","1,0","1,0","1,0","1,0","0,1","0,1","1,0","0,0","0,1","0,0","1,0","1,0","0,0","1,0","0,1","0,0","0,0","1,0","1,0","0,0","1,0","1,0","0,1","0,0","1,0","1,0","1,0","1,0","1,1","0,0","0,1","0,0","2,1","1,0","0,0","0,0","1,0","0,0","0,0","0,1","4,0","2,0","0,0","0,0","5,0","1,0","0,0","0,0","2,0","1,0","1,0","1,0","0,0","1,0","1,0","1,0","1,0","0,0","1,0","1,0","1,0","7,2"
"1,0","1,0","0,0","1,0","0,0","0,0","0,0","2,0","0,1","0,0","0,1","1,0","3,0","0,0","0,0","1,0","1,0","1,0","0,0","0,0","3,0","0,0","0,0","3,1","1,0","0,0","0,0","1,0","0,0","0,0","0,0","1,0","0,0","1,0","1,0","0,1","0,0","0,0","2,0","0,0","1,0","0,0","0,0","1,0","0,0","0,0","0,0","0,0","2,0","1,0","0,0","1,0","0,0","0,0","1,0","0,0","0,1","0,0","0,1","0,0","1,0","0,1","1,0","1,0","1,0","0,1","0,1","1,0","2,0","0,0","1,0","1,0","0,0","1,0","3,1","1,0","1,0","0,0","0,1","0,1","0,0","0,0","0,0","0,1","1,0","0,1","0,0","1,0","0,0","1,0","1,0","0,0","0,0","0,0","1,1","0,0","0,0","1,0","0,0","0,1"
"2,0","1,0","1,0","2,0","0,0","0,1","1,0","1,0","1,0","1,0","0,0","0,0","1,0","1,0","0,1","0,0","1,0","0,0","1,0","13,8","0,0","1,0","15,5","1,1","3,2","0,1","1,0","0,0","0,0","0,1","6,2","0,0","0,0","1,0","1,0","1,0","0,0","0,0","1,0","3,1","1,0","9,3","0,2","0,0","0,0","3,0","0,0","0,0","11,3","0,0","1,0","0,0","0,1","3,0","1,0","1,0","0,0","0,0","1,0","0,0","0,0","0,0","0,0","0,1","1,3","1,0","0,0","0,0","0,0","0,0","0,1","0,0","0,0","0,0","0,0","1,0","1,0","1,0","1,0","0,0","3,1","0,0","2,0","0,0","1,0","1,0","0,0","1,0","1,0","0,0","1,0","0,0","0,0","5,1","1,0","0,0","0,0","0,0","1,0","0,0"
"1,0","1,0","1,0","0,1","0,1","6,2","0,0","0,0","0,0","0,1","8,3","0,1","0,1","1,0","0,0","0,0","3,0","0,0","0,0","10,1","1,0","1,0","1,0","0,0","0,0","3,2","0,0","0,0","8,3","4,1","0,0","0,0","1,0","0,1","1,0","0,0","1,0","0,0","1,0","1,0","1,0","0,0","1,0","0,0","1,0","0,2","1,0","1,0","0,0","2,0","0,0","0,0","0,0","1,0","0,0","0,0","0,0","1,0","1,0","1,0","0,0","1,0","1,0","0,0","1,0","0,0","0,0","0,0","1,0","1,0","1,0","1,0","0,0","1,0","0,0","1,0","1,0","1,0","1,0","1,0","0,1","0,0","0,0","0,0","1,0","1,0","0,1","1,0","0,0","0,0","1,0","0,0","0,0","0,0","0,0","0,0","0,0","0,0","1,0","0,0"
"0,1","1,0","1,0","0,1","1,0","1,0","0,0","2,0","1,0","0,0","4,0","1,0","1,0","0,0","0,1","0,0","1,0","2,1","1,0","35,11","0,0","0,0","1,0","1,0","1,0","1,0","1,0","0,0","0,0","1,0","1,0","0,0","0,0","2,0","0,0","0,0","2,1","0,0","1,0","1,0","2,0","0,0","0,0","0,0","1,0","14,6","2,0","0,0","9,5","1,0","0,1","1,0","1,0","0,0","0,0","0,0","0,0","1,0","0,1","1,0","0,1","0,1","0,0","1,0","1,0","0,0","0,0","1,0","1,0","0,0","0,0","0,0","0,0","1,0","0,0","15,8","0,0","0,0","0,0","1,0","0,0","1,0","0,1","0,0","1,0","0,0","0,0","1,0","2,2","1,0","1,0","0,2","0,0","1,0","3,1","0,0","0,0","2,0","1,0","0,0"
"0,2","0,0","1,0","0,0","1,0","1,0","0,0","1,0","1,0","1,0","0,0","0,0","1,0","12,0","1,0","1,0","0,0","0,0","1,0","2,0","1,0","7,2","0,0","0,0","1,0","0,0","1,0","1,0","1,0","1,0","3,2","1,0","0,0","0,0","0,0","0,0","1,0","0,0","0,0","1,0","1,0","1,0","1,0","3,1","14,8","0,1","1,2","0,0","0,0","0,0","0,0","0,0","1,0","1,0","0,0","0,0","1,0","4,0","1,0","1,0","0,0","4,1","1,0","2,1","1,0","0,0","1,0","1,0","0,1","1,0","0,0","0,0","1,0","2,1","0,0","1,0","1,0","0,0","0,0","1,0","0,0","1,0","0,0","1,0","1,0","0,0","4,1","0,0","0,0","0,0","0,0","1,0","1,0","2,0","0,0","0,0","1,0","0,0","0,1","1,0"
"1,0","0,0","1,0","0,0","0,0","1,0","0,0","0,1","0,0","1,0","0,0","0,0","0,0","3,1","0,0","0,0","0,0","1,0","0,0","0,0","0,0","2,2","0,0","0,0","1,0","4,1","0,1","1,0","1,0","1,0","0,0","15,4","0,1","1,0","0,0","0,0","1,0","0,0","0,1","1,0","1,0","1,0","0,0","10,5","0,0","0,0","2,0","0,0","2,0","1,0","0,0","0,0","0,0","2,1","0,0","1,0","0,0","0,0","1,0","1,0","0,0","13,3","0,1","1,0","0,0","2,0","0,0","1,0","1,0","2,1","1,0","0,0","0,0","0,1","0,0","0,0","1,0","0,0","1,0","1,0","1,0","1,0","1,0","0,0","1,0","2,0","1,0","1,0","0,0","0,0","8,5","1,0","0,0","0,0","6,3","0,0","1,0","1,0","1,0","1,0"
"1,0","0,0","0,0","1,0","0,1","0,0","0,0","0,0","1,0","0,1","5,2","1,0","4,0","0,0","2,0","0,0","1,0","2,0","0,1","0,0","0,0","0,0","0,1","1,0","0,0","1,0","1,0","0,0","1,0","2,3","1,0","0,1","0,0","0,1","1,0","1,0","0,0","0,0","1,0","0,0","0,0","3,0","0,0","0,1","1,0","4,0","1,0","0,0","1,0","1,0","0,0","1,0","1,0","0,0","1,0","4,0","0,0","1,0","0,0","1,0","1,0","1,0","0,0","0,0","7,3","1,0","1,0","4,0","0,0","1,0","1,0","0,0","0,0","0,1","0,1","1,0","0,0","0,0","1,0","2,0","0,0","0,0","0,0","0,0","0,0","1,0","1,0","1,0","0,0","1,0","0,0","0,0","0,0","1,0","0,0","0,0","0,0","1,0","0,0","0,0"
"1,0","1,0","0,0","1,0","0,0","1,0","0,0","1,0","8,1","4,3","0,0","0,0","1,0","1,0","0,0","0,0","1,0","0,1","1,0","0,0","0,0","0,0","0,0","1,0","1,0","1,1","0,0","0,0","0,0","0,0","1,0","1,0","1,0","1,0","0,0","0,0","1,0","1,0","0,0","1,0","0,1","0,0","0,0","1,0","1,0","0,0","0,0","0,0","0,0","1,0","1,0","0,1","1,0","0,0","1,0","1,0","0,1","11,8","0,1","1,1","0,1","0,0","1,0","0,0","0,0","0,1","0,0","1,0","0,0","0,0","0,0","1,0","0,0","0,0","0,0","0,0","0,0","0,0","3,2","0,0","1,0","0,0","0,0","2,0","1,0","0,0","1,0","2,0","1,0","1,0","1,0","0,0","0,0","0,0","1,0","0,1","0,1","1,0","0,0","1,0"
"0,0","1,0","0,0","0,1","1,0","1,0","0,1","0,0","1,0","0,1","0,0","1,0","1,0","1,0","0,0","0,0","1,0","0,0","7,1","0,1","2,1","0,0","1,0","1,0","0,0","1,0","5,3","1,0","1,0","1,0","1,0","1,0","0,0","1,0","0,0","0,0","0,0","5,3","4,2","7,2","0,1","1,0","1,0","1,0","0,0","0,0","1,0","0,0","0,0","1,0","0,0","0,0","0,0","0,1","1,0","1,0","12,5","0,0","0,0","0,1","1,0","0,0","0,0","0,1","1,0","1,0","0,0","1,0","0,0","1,0","0,0","0,0","0,0","0,0","0,0","0,0","1,0","0,1","0,0","0,0","1,0","1,0","0,1","1,1","1,0","0,0","0,0","0,0","0,0","0,0","1,0","0,1","1,0","0,0","2,1","1,0","0,0","0,0","0,0","0,1"
"1,0","0,1","17,6","0,0","1,0","1,0","2,0","0,0","0,1","0,0","0,1","0,0","1,0","1,1","0,0","1,0","2,0","0,0","1,0","0,1","2,0","0,0","1,0","0,0","1,0","0,0","1,0","0,0","0,0","1,0","1,0","1,0","1,0","0,0","0,0","0,0","0,1","0,0","0,0","1,0","0,0","1,0","1,0","0,0","1,0","1,0","0,0","1,0","1,0","18,8","0,0","1,0","1,0","1,0","0,1","1,0","0,0","1,0","0,1","7,6","1,0","0,0","0,0","0,0","1,0","0,1","2,1","0,2","1,0","1,0","6,1","0,0","2,0","1,0","0,0","0,0","0,0","1,0","1,0","0,0","1,0","0,0","0,0","6,4","0,0","0,1","0,0","1,0","1,0","0,0","7,0","0,0","0,0","0,1","0,0","1,0","0,0","0,0","1,0","0,0"
"0,0","0,0","0,0","1,0","1,0","1,0","0,0","0,0","0,0","0,0","0,1","0,0","1,0","0,0","5,1","0,0","0,0","1,0","0,0","1,0","1,0","1,0","0,0","1,0","0,1","0,0","1,0","1,0","0,1","1,0","1,0","0,0","5,0","1,0","1,0","0,1","0,0","4,5","0,0","1,0","1,1","1,0","0,1","1,1","0,1","0,0","1,0","1,0","0,0","1,0","1,0","0,0","5,1","0,0","0,0","1,0","0,0","1,0","0,0","0,0","1,0","1,0","0,0","1,0","0,0","1,0","2,0","4,2","1,0","0,0","0,1","0,0","1,0","1,0","0,0","0,0","1,0","3,0","0,0","0,0","1,0","0,1","0,0","0,0","0,0","0,0","0,0","0,1","0,0","1,0","1,1","5,3","1,0","1,0","0,0","1,0","4,0","0,0","0,0","0,0"
