# Arguments: kr_a=0.0525, kd_a=0.21, rep=100, it=100, relocation=0.0525, division=0.21, rows=20, cols=5, status=None, file_ID=9, delta_t=None
"2,999","3,999","0,999","26,1","0,999","1,999","69,999","5,999","33,999","5,999","3,999","8,999","2,999","1,999","1,999","11,999","14,0","2,999","28,999","1,999","23,999","0,999","7,999","5,999","15,999","0,999","31,999","1,999","1,999","0,999","2,999","2,999","0,999","2,999","17,999","0,999","0,999","5,999","2,999","0,999","3,999","2,999","10,999","2,999","7,999","0,999","2,999","3,999","7,999","1,999","0,999","11,999","28,999","58,1","31,999","14,999","0,999","0,999","55,999","0,999","0,999","3,999","0,999","3,999","0,999","2,999","10,999","8,999","25,999","1,999","22,999","29,999","1,999","29,999","4,999","4,1","1,999","0,999","1,999","6,999","3,999","11,999","2,999","0,999","1,999","1,999","19,0","10,999","2,999","124,999","5,999","10,999","0,999","6,999","1,999","36,999","0,999","41,999","49,4","81,3"
"3,999","5,999","54,999","17,999","28,2","0,999","0,999","0,999","1,999","0,999","2,999","1,999","5,999","0,999","0,999","2,999","12,999","2,999","1,999","0,999","3,999","0,999","0,999","33,2","2,999","0,999","0,999","7,999","0,999","6,999","0,999","8,999","2,999","15,999","44,2","23,999","16,4","17,999","6,999","9,999","2,999","3,999","13,999","3,999","1,999","11,999","8,999","14,4","1,999","69,4","0,999","2,999","7,999","6,999","23,999","0,999","4,999","0,999","55,4","0,999","10,3","1,999","0,999","1,999","27,999","53,4","17,999","3,999","3,999","4,999","57,999","26,3","1,999","11,999","19,3","0,999","1,999","19,4","7,999","8,999","0,999","4,999","49,0","16,1","0,999","3,999","48,999","10,999","0,999","62,4","8,999","0,999","48,999","13,999","2,999","4,999","0,999","1,999","0,999","5,999"
"2,999","18,2","18,999","10,999","27,0","5,999","23,999","8,999","1,999","1,999","14,999","8,999","1,999","0,999","0,999","3,999","23,999","2,999","35,0","2,999","1,999","7,999","0,999","14,2","0,999","19,4","0,999","38,1","0,999","1,999","7,999","1,999","27,999","4,999","2,999","5,999","11,999","57,999","19,999","33,2","22,3","2,999","4,999","0,999","13,999","1,999","8,999","0,999","7,3","4,999","19,999","2,999","2,999","2,999","0,999","2,999","13,4","1,999","0,999","0,999","13,999","1,999","43,999","5,999","45,1","55,999","2,999","14,999","2,999","13,999","14,999","6,999","3,999","130,0","16,999","45,999","0,999","23,999","2,999","5,999","3,999","8,3","0,999","2,999","0,999","0,999","6,999","25,1","2,999","12,999","10,2","1,999","39,999","8,999","3,999","9,999","4,999","5,999","0,999","0,999"
"79,3","0,999","2,999","11,999","1,999","81,1","12,999","5,999","0,999","1,999","0,999","0,999","0,999","5,999","10,999","9,999","0,999","52,0","34,999","2,999","1,999","2,999","74,3","51,2","6,999","2,999","25,999","1,999","11,2","60,999","0,999","59,4","4,999","12,1","60,999","36,999","108,999","4,999","2,999","15,999","0,999","1,999","0,999","2,999","2,999","32,0","10,999","39,4","0,999","9,999","66,2","3,999","14,1","40,4","32,3","17,999","4,999","10,999","1,999","24,999","73,999","3,999","19,3","2,999","1,999","8,999","10,999","1,999","59,999","0,999","0,999","28,0","4,999","16,999","64,999","0,999","11,999","61,3","7,999","0,999","16,999","58,4","0,999","2,999","21,999","66,999","1,999","9,999","0,999","3,999","2,999","0,999","7,999","3,999","1,999","14,999","0,999","1,999","2,999","4,999"
"5,999","0,999","2,999","2,999","12,999","4,999","0,999","1,999","13,999","6,999","3,999","19,999","0,999","1,999","19,2","2,999","5,999","1,999","2,999","19,999","3,999","21,999","20,999","0,999","0,999","12,999","99,0","21,999","5,999","25,4","23,999","0,999","1,999","5,999","7,999","1,999","2,999","1,999","4,999","6,999","31,999","4,999","24,999","1,999","42,1","3,999","3,3","1,999","1,999","3,999","19,999","41,0","5,999","8,999","8,999","7,999","3,999","13,999","44,2","9,999","11,999","4,999","37,1","2,999","3,999","1,999","1,999","15,999","1,999","3,999","3,999","27,999","9,999","2,999","1,999","0,999","39,0","60,999","6,999","3,999","4,999","23,999","67,999","3,999","0,999","5,999","2,999","6,999","46,3","30,999","0,999","0,999","1,999","7,999","2,999","2,999","1,999","9,999","4,999","0,999"
"4,999","5,999","6,999","0,999","0,999","10,4","1,999","18,999","4,999","12,999","0,999","4,999","6,999","2,999","12,999","8,999","36,3","10,3","41,999","4,999","17,0","37,1","21,999","18,999","26,0","26,4","0,999","2,999","9,999","15,999","1,999","13,4","3,999","0,999","111,1","21,1","11,999","14,999","0,999","16,0","10,999","1,999","140,999","0,999","3,999","3,999","14,999","1,999","18,999","35,4","2,999","28,4","8,999","0,999","5,999","10,999","10,3","1,999","2,999","5,999","22,0","1,999","8,1","4,999","2,999","0,999","11,999","0,999","1,999","3,999","0,999","17,999","13,999","19,999","1,999","16,999","1,1","2,999","27,999","18,3","0,999","22,999","15,999","56,999","0,999","5,999","28,3","1,999","0,999","28,999","3,999","1,999","3,999","4,999","0,999","4,999","1,999","34,1","0,999","0,999"
"3,999","14,999","9,999","23,999","11,999","19,999","4,999","3,999","13,999","4,999","3,999","0,999","45,999","30,999","1,999","5,999","15,999","5,999","0,999","0,999","38,2","0,999","55,2","23,999","18,999","14,999","1,999","2,999","29,999","19,999","45,4","4,999","2,999","5,999","5,999","0,999","0,999","52,999","2,999","1,999","2,999","49,3","1,999","0,999","0,999","3,999","2,999","11,1","19,999","5,999","47,999","1,999","0,999","5,999","37,999","0,999","0,999","27,0","10,999","9,999","4,999","10,4","11,999","1,999","11,999","31,999","1,999","22,0","0,999","0,999","4,999","0,999","5,999","7,999","0,999","7,999","5,999","1,999","41,2","3,999","36,999","13,999","4,999","3,999","37,999","1,999","3,999","0,999","10,999","46,3","7,999","11,999","4,1","29,999","1,999","2,999","2,999","7,999","1,999","1,999"
"29,999","4,999","38,999","1,999","0,999","16,999","1,999","27,999","0,999","4,999","8,999","0,999","16,999","1,999","10,999","34,999","2,999","15,999","3,999","78,0","31,999","15,999","12,999","17,999","8,999","4,999","11,999","43,999","1,999","37,1","85,3","8,0","6,999","60,999","6,999","18,1","12,999","9,999","1,999","19,1","0,999","3,999","3,999","0,999","38,999","7,999","3,999","49,1","3,999","1,999","96,3","4,999","43,999","1,999","10,999","32,0","7,999","55,1","2,999","24,3","40,999","3,999","39,999","2,999","5,999","32,1","41,4","2,999","11,999","1,999","1,999","27,999","1,999","33,999","16,3","1,999","3,999","10,999","12,3","0,999","1,999","12,999","2,999","6,999","3,999","0,999","17,999","0,999","32,999","21,999","8,999","3,999","9,999","0,999","3,999","3,999","49,999","1,999","2,999","0,999"
"6,999","0,999","26,0","4,999","11,999","1,999","24,0","1,999","36,999","0,999","5,999","4,999","16,999","3,999","3,999","48,4","21,2","2,999","5,999","2,999","5,999","20,999","7,999","1,999","43,1","2,999","0,999","4,999","3,999","0,999","6,999","1,999","11,999","4,999","3,999","5,999","1,999","3,999","0,999","1,999","26,3","8,999","5,999","0,999","3,999","23,999","12,999","22,2","6,999","23,0","1,999","6,999","30,0","1,999","27,999","49,2","0,999","0,999","3,999","5,999","18,999","11,999","33,999","2,999","2,999","0,999","10,999","6,999","2,999","3,999","12,999","7,999","2,999","60,1","12,999","36,999","2,999","26,999","3,999","6,999","1,999","7,999","6,999","24,999","3,999","7,999","6,999","44,999","14,3","1,999","2,999","10,999","51,999","0,999","9,999","5,999","0,999","3,999","41,999","20,999"
"1,999","3,999","0,999","10,999","2,999","0,999","0,999","38,1","43,999","0,999","25,1","10,999","0,999","16,999","3,999","1,999","1,999","2,999","19,4","0,999","0,999","17,999","1,999","1,999","2,999","1,999","1,999","5,999","2,999","4,999","0,999","68,999","0,999","8,999","0,999","0,999","0,999","0,999","8,999","3,999","28,999","0,999","31,3","8,999","3,999","1,999","0,999","11,999","0,999","18,999","4,999","1,999","90,999","41,2","2,999","38,999","0,999","12,999","0,999","11,999","16,999","3,999","5,999","4,999","13,999","7,999","7,999","11,999","18,999","2,999","21,999","2,999","1,999","11,999","3,999","0,999","4,999","19,999","17,999","1,999","2,999","0,999","2,999","0,999","1,999","35,999","72,3","3,999","29,999","6,999","3,999","26,999","2,999","23,999","1,999","7,999","31,999","2,999","1,999","3,999"
"6,999","2,999","24,3","15,0","0,999","3,999","5,999","8,999","201,999","5,999","3,999","0,999","2,999","31,999","46,3","1,999","4,999","0,999","1,999","12,999","65,3","21,999","4,999","10,999","28,999","0,999","39,2","12,999","1,999","3,999","44,2","14,999","9,999","70,999","8,999","7,999","27,2","14,999","10,999","31,999","17,1","5,999","8,999","0,999","6,999","9,999","5,999","6,4","27,3","0,999","51,999","39,999","5,999","4,999","128,999","24,999","37,999","3,999","3,999","4,999","1,999","0,999","0,999","0,999","0,999","1,999","3,999","5,999","10,999","22,999","7,999","7,999","4,999","32,999","23,999","2,999","0,999","4,999","1,999","26,3","3,999","13,999","5,999","11,999","19,999","3,999","2,999","4,999","6,999","8,999","29,0","2,999","2,999","0,999","18,999","15,999","17,1","1,999","9,999","2,999"
"37,999","18,999","37,3","29,999","0,999","157,3","2,999","1,999","14,999","17,999","31,0","45,1","4,999","7,999","0,999","12,999","20,999","2,999","27,0","3,999","0,999","3,999","27,999","5,999","4,999","12,999","1,999","23,0","13,999","0,999","3,999","11,999","0,999","1,999","4,999","0,999","34,999","2,999","9,999","12,999","39,1","38,999","23,999","29,999","14,999","60,999","1,999","2,999","10,999","8,999","11,999","2,999","16,999","3,999","3,999","2,999","1,999","71,4","60,999","17,3","4,999","0,999","1,999","25,999","64,999","12,999","0,999","5,999","1,999","13,999","1,999","26,999","0,999","10,2","2,999","7,999","1,999","9,999","8,999","4,999","23,0","12,999","27,999","17,999","1,999","22,1","2,999","5,999","5,999","31,4","0,999","28,999","3,999","45,4","30,999","4,999","48,2","25,4","0,999","17,999"
"59,2","1,999","6,999","15,999","2,999","3,999","11,999","1,999","1,999","4,999","22,2","4,999","0,999","5,999","0,999","7,999","1,999","2,999","0,999","2,999","13,1","0,999","5,999","0,999","21,0","0,999","8,999","3,999","1,999","0,999","30,3","2,999","5,999","7,999","0,999","11,999","1,999","0,999","1,999","2,999","1,999","32,999","9,999","26,1","28,999","2,999","6,999","0,999","5,999","1,999","12,999","1,999","12,999","2,999","0,999","1,999","22,999","1,999","0,999","0,999","3,999","0,999","6,999","1,999","3,999","3,999","15,4","18,4","0,999","8,999","25,0","0,999","15,999","11,999","6,999","8,999","1,999","0,999","19,999","5,999","5,999","8,999","5,999","2,999","2,999","2,999","43,999","4,999","4,999","5,999","4,999","7,999","9,999","6,999","32,999","8,999","2,999","2,999","0,999","2,999"
"5,999","0,999","14,3","4,999","4,999","63,999","0,999","6,999","54,1","0,999","33,2","25,999","9,999","5,999","12,999","3,999","6,999","18,999","14,999","8,999","22,999","14,999","0,999","7,999","2,999","11,2","0,999","30,999","22,999","0,999","28,999","40,999","1,999","5,999","35,4","0,999","14,999","4,999","79,999","2,999","31,999","8,999","1,999","0,999","13,999","18,999","4,999","40,1","3,999","4,999","4,999","1,999","3,999","1,999","2,999","2,999","1,999","1,999","25,2","60,1","3,999","35,999","0,999","2,999","4,999","0,999","14,999","0,999","0,999","2,999","6,999","84,3","1,999","0,999","35,999","0,999","8,999","52,999","49,999","5,999","13,999","12,999","18,999","5,999","8,999","8,999","19,999","24,4","1,999","3,999","3,999","39,2","49,999","2,999","13,999","5,999","4,999","5,999","0,999","18,999"
"3,999","13,999","37,999","6,999","2,999","15,999","2,999","153,2","4,999","10,999","49,999","9,999","3,999","1,999","4,999","38,999","5,999","6,999","0,999","1,999","19,1","16,999","27,2","2,999","10,999","0,999","0,999","12,999","1,999","72,1","0,999","0,999","5,999","0,999","2,999","1,999","18,999","2,999","7,999","10,999","3,999","3,999","2,999","3,999","7,999","0,999","2,999","1,999","26,3","5,999","7,999","3,999","1,999","0,999","0,999","17,999","161,3","0,999","26,2","6,999","15,2","0,999","0,999","4,999","0,999","0,999","27,4","82,999","18,999","23,999","2,999","25,999","1,999","4,999","3,999","8,999","3,999","1,999","6,999","26,1","29,999","0,999","56,3","20,999","7,999","12,999","48,4","0,999","9,999","101,2","0,999","2,999","11,999","26,999","10,999","85,1","1,999","1,999","1,999","37,1"
"29,4","24,999","0,999","56,3","4,999","3,999","4,999","5,999","5,999","11,999","36,999","0,999","10,999","13,0","83,1","27,999","3,999","4,999","3,999","3,999","2,999","7,999","0,999","40,3","5,999","7,999","5,999","4,999","8,999","1,999","9,999","31,2","1,999","5,999","34,999","4,999","9,999","39,999","10,999","5,999","11,2","4,999","0,999","49,0","13,999","6,999","3,999","22,999","0,999","49,999","6,999","0,999","29,999","2,999","0,999","0,999","15,999","70,0","44,0","22,999","9,999","5,999","5,999","1,999","1,999","64,4","2,999","8,999","1,999","0,999","0,999","101,999","3,999","10,999","3,999","2,999","4,999","28,999","3,999","39,4","8,999","14,999","32,0","2,999","18,999","2,999","0,999","3,999","12,999","7,999","7,999","12,2","1,999","22,3","23,2","2,999","25,999","10,999","3,999","23,999"
"38,999","5,999","37,999","1,999","0,999","0,999","9,999","5,999","11,999","2,999","4,999","12,999","7,999","12,999","82,4","2,999","7,999","1,999","23,999","7,999","23,999","23,2","0,999","3,999","29,999","2,999","0,999","1,999","0,999","16,4","9,999","8,999","0,999","0,999","0,999","0,999","0,999","8,999","1,999","8,999","36,999","12,999","23,2","14,999","0,999","1,999","2,999","5,999","2,999","17,4","11,999","2,999","0,999","4,999","1,999","40,1","0,999","9,999","3,999","6,999","0,999","0,999","8,999","2,999","9,999","10,999","14,999","32,999","53,1","42,1","21,999","43,1","23,999","9,999","45,2","10,999","5,999","6,999","0,999","3,999","29,999","0,999","44,999","0,999","2,999","21,999","3,999","0,999","9,999","1,999","3,999","2,999","8,999","10,999","7,999","1,999","5,999","25,3","27,999","1,999"
"37,0","0,999","1,999","0,999","38,0","2,999","1,999","22,999","1,999","3,999","36,0","9,999","2,999","0,999","10,999","11,999","49,2","53,999","1,999","69,999","11,999","0,999","10,999","0,999","0,999","9,999","5,999","33,2","42,999","42,3","44,0","1,999","2,999","5,999","29,999","4,999","11,999","2,999","7,999","6,999","9,999","17,999","41,0","32,999","4,999","5,999","11,999","6,999","15,999","9,999","5,999","8,999","4,999","23,0","9,999","27,999","0,999","22,999","17,999","20,999","3,999","1,999","1,999","3,999","7,999","10,999","10,999","0,999","0,999","41,999","4,999","21,999","21,999","18,999","25,999","3,999","1,999","6,999","75,999","6,999","22,999","14,999","11,999","4,999","9,999","2,999","5,999","0,999","18,999","50,999","26,3","10,999","0,999","36,999","1,999","3,999","3,999","26,1","3,999","0,999"
"0,999","4,999","34,0","81,999","3,999","9,999","1,999","5,999","3,4","29,999","4,999","11,999","25,999","6,999","6,999","1,999","38,999","4,999","53,999","28,3","10,999","0,999","75,999","28,999","7,999","8,999","2,999","7,999","44,999","14,2","1,999","56,2","4,999","3,999","0,999","36,1","0,999","1,999","67,999","2,999","82,999","2,999","1,999","4,999","0,999","6,999","3,999","2,999","10,3","19,999","0,999","3,999","11,999","0,999","5,999","1,999","5,999","5,999","0,999","1,999","9,999","2,999","24,999","42,999","19,4","3,999","7,999","0,999","0,999","4,999","12,999","21,999","1,999","14,999","0,999","3,999","2,999","1,999","25,1","10,999","12,999","0,999","2,999","1,999","6,999","45,999","27,4","3,999","8,999","5,999","37,999","2,999","1,999","2,999","2,999","18,999","2,999","83,2","33,999","5,999"
"0,999","6,999","1,999","3,999","1,999","4,999","20,999","0,999","37,999","1,999","3,999","6,999","2,999","40,999","8,999","30,1","0,999","16,999","9,999","1,999","1,999","9,999","3,999","0,999","2,999","5,999","13,0","9,999","0,999","0,999","16,999","5,999","5,999","1,999","0,999","2,999","32,999","1,999","17,999","7,999","11,999","12,999","2,999","0,999","6,999","1,999","5,999","4,999","3,999","3,999","2,999","2,999","4,999","19,999","5,999","1,999","3,999","3,999","3,999","4,999","1,999","6,999","0,999","0,999","20,999","31,1","0,999","0,999","57,4","13,4","15,999","25,999","1,999","29,4","1,999","0,999","2,999","6,999","9,999","4,999","6,0","3,999","2,999","1,999","6,999","7,999","61,999","2,999","5,999","30,999","1,999","17,999","10,999","23,999","3,999","1,999","14,999","19,4","2,999","6,999"
"8,999","44,999","12,999","0,999","0,999","1,999","0,999","5,999","0,999","17,999","1,999","6,999","0,999","59,0","6,999","13,999","2,999","65,999","1,999","95,2","48,3","1,999","1,999","0,999","0,999","14,999","1,999","0,999","20,999","86,999","5,999","0,999","0,999","11,999","11,3","0,999","0,999","23,999","0,999","25,1","15,999","38,999","3,999","7,999","60,3","0,999","26,999","4,999","32,3","2,999","6,999","0,999","3,999","32,999","5,999","21,2","0,999","67,3","23,999","33,999","0,999","1,999","4,999","3,999","1,999","7,999","4,999","15,999","6,999","2,999","1,999","9,999","2,999","57,999","2,999","5,999","12,3","0,999","2,999","30,999","1,999","16,999","2,999","5,999","28,999","3,999","12,4","23,1","1,999","4,999","46,999","0,999","19,999","2,999","2,999","10,999","3,999","0,999","57,999","0,999"
"42,999","1,999","25,0","7,999","1,999","15,999","19,999","12,999","0,999","13,999","14,3","8,999","9,999","6,999","0,999","38,999","3,999","10,999","4,999","5,999","1,999","28,999","2,999","6,999","29,999","13,4","3,999","32,1","1,999","4,999","6,999","7,999","2,999","0,999","2,999","4,999","25,999","1,999","25,999","1,999","3,999","1,999","46,999","24,2","16,999","19,1","11,999","12,999","19,999","10,4","3,999","4,999","53,999","95,999","5,999","4,999","0,999","1,999","2,999","0,999","3,999","2,999","8,999","1,999","2,999","2,999","4,999","75,3","3,999","3,999","27,999","10,999","16,1","2,999","2,999","2,999","30,4","19,999","4,999","12,999","2,999","6,999","5,999","4,999","5,999","78,999","0,999","0,999","12,999","9,999","2,999","16,0","1,999","1,999","3,999","8,999","26,999","2,999","3,999","10,999"
"0,999","14,999","9,999","10,999","12,999","0,999","15,2","5,999","1,999","2,999","37,999","7,999","3,999","7,999","2,999","5,999","1,999","0,999","2,999","12,999","0,999","2,999","1,999","7,999","1,999","1,999","1,999","2,999","6,999","0,999","0,999","8,4","56,999","1,999","13,999","4,999","1,999","36,999","58,999","6,999","11,999","15,999","0,999","46,3","36,999","2,999","8,999","0,999","21,999","8,999","8,999","0,999","0,999","0,999","2,999","33,999","23,2","100,3","12,999","29,2","5,999","18,999","37,999","0,999","46,999","8,999","1,999","2,999","1,999","1,999","0,999","5,999","13,999","1,999","17,2","7,999","12,999","4,999","0,999","51,999","3,999","3,999","43,4","5,999","51,3","0,999","37,1","67,3","2,999","8,999","1,999","2,999","63,999","0,999","10,999","15,4","0,999","15,999","2,999","1,999"
"8,999","3,999","10,999","58,999","26,1","16,999","24,999","12,999","1,999","0,999","3,999","20,0","46,999","15,999","2,999","6,999","7,999","2,999","12,999","1,999","0,999","10,0","1,999","34,4","4,999","39,1","1,999","13,999","12,4","3,999","11,999","1,999","3,999","33,999","3,999","1,999","22,3","1,999","27,999","55,999","3,999","1,999","30,3","1,999","19,3","27,999","10,0","1,999","0,999","15,999","12,999","5,999","45,999","8,999","55,0","5,999","0,999","7,999","56,0","11,999","2,999","0,999","0,999","0,999","13,999","0,999","4,999","0,999","17,999","45,4","5,999","63,999","2,999","1,999","18,1","5,999","2,999","39,999","23,999","43,999","0,999","0,999","31,999","5,999","15,999","3,999","1,999","7,999","10,999","0,999","0,999","1,999","21,999","7,999","39,999","2,999","2,999","5,999","29,0","31,0"
"17,999","1,999","3,999","31,999","24,1","21,999","54,999","7,999","40,999","0,999","16,999","27,999","6,999","0,999","13,999","1,999","58,999","63,2","5,999","2,999","11,999","0,999","5,999","0,999","19,4","1,999","1,999","1,999","17,3","3,999","16,3","6,999","33,999","0,999","2,999","10,999","4,999","14,999","5,999","3,999","0,999","5,999","6,999","0,999","3,999","11,999","4,999","25,999","3,999","35,4","0,999","2,999","14,999","7,999","1,999","4,999","0,999","16,3","3,999","79,2","12,999","0,999","0,999","10,999","1,999","1,999","6,999","113,2","1,999","47,999","10,999","9,999","16,999","0,999","24,2","8,999","15,999","0,999","8,999","2,999","1,999","7,999","1,999","2,999","60,999","15,999","24,1","1,999","29,3","7,999","10,999","8,999","33,999","1,999","5,999","0,999","2,999","7,999","2,999","0,999"
"1,999","2,999","66,2","2,999","5,999","21,999","30,0","1,999","72,999","34,2","31,0","4,999","24,999","23,999","7,999","16,3","1,999","5,999","1,999","2,999","8,999","1,999","3,999","5,999","7,999","2,999","11,999","12,999","4,999","0,999","7,999","4,999","1,999","8,999","3,999","1,999","46,2","0,999","2,999","0,999","40,4","5,999","1,999","1,999","3,999","18,999","1,999","31,999","2,999","40,999","35,2","6,999","68,4","3,999","1,999","51,2","5,999","0,999","23,999","0,999","19,0","5,999","0,999","2,999","5,999","9,1","0,999","16,999","44,0","22,999","9,999","9,999","0,999","2,999","1,999","0,999","7,999","6,999","0,999","2,999","36,999","28,1","2,999","9,999","2,999","7,999","0,999","1,999","0,999","8,999","19,999","2,999","2,999","1,999","2,999","1,999","3,999","3,999","2,999","4,999"
"28,1","52,999","1,999","2,999","30,999","99,3","3,999","2,999","2,999","5,999","0,999","5,999","22,1","10,999","1,999","4,999","7,999","1,999","6,999","3,999","16,999","0,999","10,999","22,1","2,999","30,999","54,1","5,999","16,999","20,999","13,999","2,999","0,999","16,999","29,999","11,999","10,999","3,999","4,999","6,999","1,999","2,999","5,999","4,999","16,999","1,999","69,1","0,999","9,999","1,999","19,999","63,999","2,999","8,999","2,999","4,999","0,999","2,999","16,2","24,3","5,999","4,999","2,999","24,999","5,999","1,999","2,999","29,3","33,1","3,999","8,999","70,2","0,999","8,999","0,999","9,999","0,999","5,999","22,999","2,999","6,999","3,999","44,999","9,999","19,999","4,999","0,999","2,999","0,999","44,3","9,999","0,999","4,999","1,999","11,999","7,999","3,999","1,999","74,2","2,999"
"12,999","0,999","6,999","19,999","0,999","5,999","1,999","26,999","4,999","5,999","6,999","66,999","2,999","13,999","1,999","1,999","7,999","24,3","4,999","6,999","65,0","2,999","35,999","6,0","0,999","16,4","31,999","1,999","2,999","12,999","15,999","7,999","0,999","1,999","17,999","18,999","10,999","30,999","4,999","1,999","2,999","0,999","0,999","24,999","23,999","3,999","22,999","0,999","1,999","21,999","30,0","0,999","22,999","2,999","4,999","2,999","28,999","63,0","0,999","22,999","9,999","16,999","4,999","14,999","2,999","0,999","0,999","0,999","10,999","3,999","26,2","2,999","45,2","3,999","1,999","3,999","9,999","26,999","10,999","3,999","1,999","3,999","11,999","0,999","3,999","52,0","33,999","4,999","42,999","29,999","1,999","2,999","1,999","91,3","2,999","0,999","36,999","6,999","15,999","1,999"
"1,999","14,999","1,999","1,999","3,999","13,999","3,999","27,2","13,999","1,999","14,1","1,999","3,999","30,0","66,999","0,999","8,999","2,999","24,999","16,3","5,999","2,999","28,4","3,999","30,999","20,999","0,999","10,999","2,999","44,4","25,999","4,999","12,1","0,999","53,999","0,999","1,999","1,999","5,999","41,999","5,999","0,999","1,999","0,999","6,999","1,999","0,999","8,999","3,999","7,999","0,999","0,999","1,999","33,999","10,999","19,999","30,1","2,999","17,999","28,999","2,999","4,999","18,999","40,999","5,999","1,999","2,999","122,4","1,999","4,999","2,999","24,999","48,0","2,999","6,999","79,1","18,999","3,999","3,999","11,999","10,999","1,999","10,2","3,999","9,999","17,999","139,999","0,999","1,999","2,999","3,999","0,999","0,999","48,999","3,999","13,999","5,999","3,999","5,999","0,999"
"1,999","2,999","13,999","4,999","0,999","5,999","52,999","12,999","4,999","5,999","19,999","74,999","5,999","22,4","7,999","5,999","4,999","6,999","0,999","0,999","3,999","7,999","10,999","12,999","3,999","12,999","7,4","4,999","38,2","0,999","0,999","3,999","61,3","35,999","0,999","0,999","10,999","1,999","7,999","4,999","0,999","0,999","1,999","11,999","36,999","3,999","11,999","2,999","24,1","40,999","2,999","0,999","1,999","13,999","5,999","6,999","1,999","6,999","9,999","14,999","2,999","3,999","22,999","0,999","23,999","12,999","2,999","0,999","4,999","9,999","35,999","4,999","0,999","5,999","5,999","7,999","1,999","6,999","6,999","13,999","1,999","32,999","14,999","0,999","4,999","52,999","30,2","0,999","2,999","0,999","17,999","3,999","16,999","1,999","1,999","2,999","38,999","5,999","9,999","0,999"
"7,999","0,999","0,999","2,999","0,999","8,999","0,999","2,999","0,999","4,999","9,999","3,999","6,999","6,999","17,999","7,999","4,999","0,999","0,999","8,1","33,999","5,999","3,999","8,999","3,999","10,999","14,999","10,999","0,999","21,999","2,999","4,999","3,999","2,999","0,999","0,999","3,999","0,999","9,999","31,1","22,999","2,999","2,999","26,999","43,0","28,999","13,999","2,999","7,999","0,999","2,999","17,999","2,999","6,999","21,0","45,1","34,1","0,999","22,999","25,999","16,999","8,999","4,999","0,999","15,999","26,3","2,999","0,999","3,999","0,999","1,999","8,999","9,999","14,999","0,999","45,999","2,999","42,4","34,1","33,999","2,999","28,999","28,999","18,999","1,999","0,999","3,999","0,999","11,999","0,999","15,999","26,2","25,999","6,999","0,999","1,999","1,999","8,999","20,3","7,999"
"3,999","0,999","38,999","0,999","27,999","16,999","66,2","28,1","35,999","3,999","0,999","46,999","2,999","111,3","0,999","1,999","24,999","2,999","8,999","5,999","22,999","4,999","0,999","1,999","2,999","6,999","27,3","54,4","11,999","6,999","8,999","0,999","0,999","1,999","1,999","29,0","9,999","7,999","0,999","38,3","42,1","0,999","5,999","2,999","3,999","18,2","14,999","9,999","41,3","5,999","3,999","32,999","55,1","4,999","28,999","2,999","8,999","63,1","10,999","0,999","8,999","9,1","3,999","1,999","2,999","38,4","24,999","1,999","41,999","2,999","7,999","10,999","2,999","1,999","31,3","2,999","2,999","2,999","67,2","2,999","41,999","3,999","0,999","15,999","5,999","1,999","13,999","2,999","1,999","8,999","98,999","101,4","13,999","4,999","1,999","3,999","10,999","10,999","9,999","3,999"
"1,999","25,999","11,999","1,999","8,999","0,999","4,999","1,999","4,999","60,0","80,3","3,999","0,999","23,0","0,999","11,999","1,999","6,999","55,999","4,999","6,999","1,999","48,2","28,3","2,999","2,999","2,999","2,999","0,999","0,999","3,999","0,999","3,999","6,999","0,999","5,999","4,999","0,999","5,999","4,999","7,999","6,999","0,999","0,999","9,999","3,999","2,999","0,999","0,999","2,999","14,3","1,999","15,999","5,999","0,999","5,999","13,999","8,999","8,999","0,999","0,999","12,999","16,999","0,999","6,999","0,999","0,999","16,0","4,999","2,999","28,999","3,999","5,999","35,999","17,999","4,999","3,999","3,999","4,999","2,999","35,999","25,999","0,999","17,999","0,999","0,999","9,999","41,2","4,999","11,999","4,999","0,999","1,999","6,999","30,0","46,4","52,2","0,999","29,999","6,999"
"2,999","0,999","1,999","0,999","30,999","2,999","3,999","9,999","26,999","2,999","27,999","1,999","3,999","86,999","32,0","1,999","3,999","19,999","32,1","1,999","1,999","2,999","1,999","28,999","2,999","1,999","1,999","23,999","22,999","2,999","4,999","1,999","3,999","58,3","8,999","1,999","0,999","4,999","1,999","11,999","1,999","19,999","0,999","1,999","20,999","2,999","25,2","17,999","5,999","31,0","0,999","2,999","5,999","12,999","45,1","1,999","3,999","2,999","0,999","0,999","114,999","0,999","49,999","18,999","1,999","1,999","1,999","12,999","29,999","9,999","6,999","0,999","0,999","7,999","3,999","33,999","16,2","0,999","0,999","1,999","20,999","0,999","1,999","7,999","0,999","0,999","4,999","3,999","5,999","9,999","51,1","27,0","55,4","0,999","24,999","6,999","22,2","15,999","10,999","19,999"
"13,999","9,999","19,999","3,999","3,999","0,999","1,999","0,999","0,999","46,999","31,999","2,999","3,999","21,999","5,999","7,999","7,999","16,999","2,999","11,999","1,999","21,1","0,999","0,999","5,999","19,999","8,999","0,999","3,999","8,999","13,999","5,4","5,999","2,999","0,999","12,3","1,999","38,999","7,2","1,999","1,999","2,999","31,999","3,999","1,999","39,999","2,999","5,999","6,999","30,2","13,999","0,999","8,999","0,999","13,999","8,999","86,4","34,999","9,1","7,999","0,999","3,999","0,999","1,999","4,999","2,999","17,999","12,999","0,999","1,999","11,999","0,999","25,999","4,999","14,999","18,3","4,999","0,999","0,999","0,999","91,999","73,999","3,999","0,999","7,999","2,999","5,999","92,999","7,999","55,1","61,999","18,999","0,999","0,999","0,999","12,999","0,999","15,999","11,999","0,999"
"4,999","34,999","5,999","15,999","96,1","3,999","0,999","34,3","42,2","2,999","11,999","2,999","32,1","40,1","1,999","3,999","8,999","0,999","0,999","0,999","5,999","7,999","7,999","2,999","11,999","0,999","105,999","7,999","16,3","3,999","14,3","16,999","9,2","10,999","8,999","6,999","1,999","22,999","4,999","1,999","24,0","8,999","20,3","7,999","38,1","20,999","11,999","0,999","13,999","0,999","0,999","29,4","2,999","0,999","4,999","6,999","41,1","6,999","4,999","0,999","32,3","9,999","0,999","45,999","12,999","1,999","0,999","25,999","1,999","37,999","50,2","12,999","1,999","5,999","2,999","5,999","46,999","0,999","27,3","1,999","0,999","8,999","14,999","4,999","0,999","0,999","22,999","2,999","22,999","0,999","5,999","37,999","4,999","1,999","13,999","16,999","77,999","6,999","41,3","0,999"
"1,999","16,999","65,999","27,999","3,999","4,999","19,2","5,999","3,999","5,999","22,1","4,999","7,999","2,999","7,999","24,999","43,999","50,999","7,999","7,999","0,999","0,999","35,3","1,999","31,999","0,999","56,2","71,2","13,999","0,999","12,999","1,999","1,999","2,999","2,999","19,999","4,999","24,999","12,999","0,999","7,0","7,999","15,999","1,999","29,4","71,999","3,999","1,999","2,999","5,999","1,999","0,999","10,999","1,999","17,999","6,999","3,999","2,999","10,999","13,999","2,999","53,4","6,999","9,999","8,999","3,999","4,999","0,999","2,999","2,999","9,999","56,999","3,999","0,999","0,999","12,999","14,999","82,2","2,999","6,999","0,999","23,999","0,999","0,999","0,999","107,3","0,999","21,4","69,4","0,999","2,999","1,999","4,999","9,999","7,999","22,999","9,999","7,999","7,999","2,999"
"42,999","1,999","3,999","18,999","19,3","3,999","1,999","26,999","3,999","1,999","9,999","0,999","16,999","39,999","4,999","32,0","31,999","14,999","11,999","23,2","14,3","2,999","10,1","11,999","7,999","10,999","6,999","2,999","7,999","4,999","9,999","41,999","23,999","4,999","4,999","59,3","5,999","28,999","20,999","0,999","0,999","0,999","10,1","4,999","6,999","5,999","4,999","4,999","2,999","3,999","21,999","25,999","2,999","3,999","6,999","4,999","1,999","3,999","43,1","7,3","50,0","4,999","5,999","39,999","3,999","2,999","0,999","19,999","6,999","0,999","38,999","0,999","2,999","8,999","1,999","3,999","15,999","0,999","3,999","1,999","8,999","0,999","1,999","7,999","2,999","46,4","13,2","7,999","9,1","12,999","10,999","18,0","5,999","38,0","10,999","11,999","7,999","34,0","8,999","171,3"
"2,999","6,999","4,999","5,999","2,999","1,999","18,999","1,999","0,999","4,999","16,999","4,999","3,999","10,0","0,999","23,999","10,999","10,999","1,999","3,999","0,999","10,999","8,999","7,999","3,999","3,999","7,999","5,999","18,999","6,999","0,999","23,999","26,2","8,999","38,0","4,999","7,999","11,999","86,1","0,999","0,999","1,999","6,999","0,999","2,999","12,0","1,999","37,1","4,999","1,999","5,999","1,999","5,999","15,999","51,999","10,999","2,999","6,999","23,1","42,0","9,999","9,999","19,999","1,999","15,999","51,1","2,999","8,999","12,999","36,999","0,999","21,999","0,999","6,999","23,999","1,999","52,999","8,999","13,1","4,999","27,999","1,999","0,999","27,999","4,999","9,999","54,2","0,999","35,999","29,2","39,999","1,999","36,999","2,999","3,999","7,0","6,999","8,999","1,999","5,999"
"4,999","20,3","18,2","6,999","61,3","2,999","5,999","18,999","8,999","0,999","16,3","0,999","5,999","18,999","2,999","8,999","81,1","3,999","2,999","21,999","2,999","30,4","1,999","4,999","8,999","1,999","5,999","2,999","7,999","33,999","0,999","7,999","15,999","13,999","9,999","1,999","3,999","1,999","7,999","8,999","0,999","3,999","2,999","0,999","85,999","7,999","13,3","10,999","19,999","13,999","92,1","26,999","23,999","1,999","1,999","36,4","29,1","68,999","21,999","5,999","5,999","50,999","12,999","16,999","57,999","5,999","7,999","0,999","3,999","5,999","1,999","1,999","8,999","3,999","1,999","4,999","4,999","6,999","2,999","0,999","4,999","1,999","28,999","3,999","6,0","5,999","23,0","11,999","25,999","21,1","1,999","0,999","1,999","1,999","1,999","63,1","79,3","4,999","1,999","16,999"
"1,999","0,999","56,999","12,2","19,999","29,2","3,999","0,999","5,999","109,999","4,999","1,999","1,999","26,3","160,999","44,999","9,999","4,999","1,999","0,999","9,999","13,0","51,1","3,999","13,2","8,999","1,999","2,999","12,999","5,999","0,999","9,2","0,999","8,999","78,4","8,999","2,999","0,999","0,999","14,2","0,999","22,999","9,999","2,999","20,999","0,999","87,999","6,999","2,999","0,999","0,999","11,999","1,999","1,999","5,999","0,999","0,999","2,999","7,999","16,999","5,999","31,999","25,2","2,999","12,999","38,999","3,999","1,999","6,999","6,999","7,999","2,999","74,999","9,999","1,999","29,1","0,999","1,999","1,999","6,999","10,999","4,999","88,999","1,999","7,999","4,999","22,2","8,999","5,999","30,999","8,999","18,999","1,999","1,999","14,999","0,999","0,999","50,0","15,999","6,999"
"0,999","1,999","3,999","32,999","7,999","13,999","0,999","7,999","1,999","18,999","17,999","7,999","0,999","5,999","7,999","4,999","14,999","1,999","12,999","6,999","35,999","0,999","4,999","4,999","4,999","2,999","3,999","12,999","3,999","13,999","0,999","2,999","18,999","5,999","1,999","1,999","2,999","8,999","45,0","14,999","33,4","33,2","112,0","19,2","15,999","9,999","1,999","0,999","8,999","26,999","10,999","0,999","2,999","4,999","0,999","4,999","7,999","4,999","2,999","38,999","14,999","2,999","1,999","16,999","0,999","36,999","34,999","3,999","98,999","10,999","5,999","18,999","5,999","3,999","4,999","44,999","2,999","0,999","1,999","17,2","13,999","0,999","11,999","8,999","3,999","0,999","9,999","9,999","1,999","1,999","16,1","26,999","17,999","1,999","8,1","5,999","22,999","1,999","0,999","0,999"
"16,1","2,999","6,999","13,999","1,999","1,999","25,999","0,999","5,999","4,999","0,999","53,999","5,999","0,999","74,0","8,999","0,999","11,999","12,999","1,999","6,999","3,999","7,999","4,999","3,999","17,2","7,999","34,999","3,999","24,4","59,999","1,999","1,999","1,999","45,3","1,999","19,2","27,999","19,4","5,999","0,999","3,999","82,999","3,999","27,999","1,999","2,999","54,999","2,999","29,1","18,999","0,999","34,999","0,999","0,999","11,999","17,999","55,999","19,999","124,999","24,999","7,999","3,999","3,999","82,4","1,999","1,999","1,999","0,999","3,999","10,999","3,999","3,999","2,999","49,999","5,999","1,999","3,999","65,999","42,999","5,999","9,999","2,999","8,999","5,999","3,999","6,999","2,999","0,999","10,3","0,999","0,999","68,999","2,999","5,999","27,4","9,999","3,999","4,999","61,999"
"2,999","5,999","20,999","0,999","0,999","9,999","0,999","102,999","9,4","25,4","2,999","18,1","25,999","5,999","25,999","19,999","0,999","7,999","3,999","54,2","41,1","47,1","6,999","10,999","30,999","154,999","5,999","1,999","1,999","3,999","1,999","43,999","16,999","27,1","7,999","4,999","0,999","3,999","31,999","0,999","10,999","48,1","1,999","4,999","2,999","1,999","27,1","2,999","27,2","13,999","13,999","63,999","72,999","0,999","0,999","4,999","0,999","5,999","16,999","21,999","4,999","27,4","21,999","2,999","38,4","57,999","42,999","6,999","25,999","6,999","21,999","2,999","1,999","2,999","3,999","3,999","7,999","66,1","117,999","8,999","31,999","17,999","8,999","7,999","5,999","0,999","1,999","19,999","1,999","31,3","2,999","0,999","0,999","3,999","0,999","0,999","0,999","6,999","6,999","1,999"
"18,999","147,1","22,999","36,2","4,999","3,999","2,999","0,999","9,999","36,999","5,999","0,999","6,999","20,999","6,999","19,2","2,999","1,999","6,999","0,999","5,999","0,999","0,999","6,999","5,999","1,999","0,999","1,999","23,999","16,999","6,999","14,999","1,999","1,999","2,999","7,999","24,999","3,999","12,999","4,999","1,999","32,999","11,999","4,999","6,999","2,999","33,999","1,999","33,0","35,1","56,999","5,999","2,999","18,3","28,0","2,999","0,999","2,999","11,999","2,999","8,999","27,999","5,999","4,999","31,3","2,999","3,999","6,999","1,999","34,999","20,999","18,999","2,999","2,999","4,999","14,999","5,999","2,999","8,999","4,999","10,999","62,999","2,999","5,999","18,3","13,3","13,999","0,999","12,999","5,999","1,999","4,999","14,999","0,999","6,999","21,1","2,999","2,999","7,999","50,999"
"8,999","0,999","1,999","0,999","14,999","14,999","29,3","3,999","3,999","6,999","6,999","0,999","10,999","0,999","21,999","2,999","27,999","2,999","0,999","0,999","25,999","2,999","11,999","22,999","0,999","0,999","30,999","8,999","10,999","32,999","3,999","5,999","10,999","13,999","36,3","0,999","1,999","44,999","2,999","18,999","1,999","5,999","0,999","0,999","4,999","2,999","1,999","6,999","25,4","7,999","10,999","3,999","20,4","11,999","0,999","8,999","0,999","12,999","10,999","1,999","29,3","4,999","6,999","18,999","7,999","6,999","0,999","19,2","28,0","5,999","0,999","0,999","20,2","5,999","0,999","8,999","1,999","0,999","7,999","20,999","5,999","8,999","58,4","36,999","5,999","22,999","30,999","1,999","0,999","5,999","13,999","9,999","3,999","0,999","24,0","0,999","11,999","0,999","1,999","0,999"
"16,2","1,999","0,999","0,999","1,999","18,4","7,999","2,999","1,999","2,999","30,999","39,999","2,999","2,999","1,999","23,999","1,999","8,999","3,999","3,999","0,999","8,999","0,999","22,999","59,999","3,999","11,999","8,999","46,4","0,999","12,999","19,999","0,999","30,999","36,999","46,2","1,999","2,999","1,999","16,999","73,999","1,999","0,999","2,999","20,999","4,999","13,999","0,999","5,999","3,999","26,999","4,999","30,2","1,999","20,999","0,999","2,999","38,3","10,999","1,999","6,999","1,999","1,999","7,999","3,999","2,999","1,999","1,999","0,999","8,999","3,999","30,999","1,999","2,999","3,999","4,999","10,999","9,999","7,999","11,999","0,999","1,999","0,999","15,999","18,999","9,4","2,999","5,999","4,999","7,999","1,999","41,4","0,999","0,999","56,0","0,999","2,999","2,999","5,999","12,999"
"7,999","3,999","7,999","65,0","15,999","0,999","1,999","35,0","4,999","9,999","10,999","1,999","5,999","2,999","3,999","11,999","0,999","1,999","15,999","27,999","0,999","5,999","13,1","9,999","17,999","11,999","5,999","13,4","0,999","3,999","2,999","4,999","7,1","0,999","0,999","48,1","4,999","6,999","8,4","6,999","3,999","17,999","18,999","23,999","26,0","0,999","1,999","17,0","0,999","89,999","6,999","2,999","6,999","9,999","2,999","9,999","3,999","25,999","28,999","4,999","6,999","29,999","19,2","49,999","2,999","1,999","0,999","31,999","8,999","10,999","8,999","8,999","2,999","45,999","17,999","0,999","4,999","2,999","1,999","3,999","14,999","10,999","0,999","23,999","10,999","0,999","2,999","16,4","0,999","56,999","30,1","2,999","1,999","0,999","3,999","15,999","5,999","5,999","11,999","1,999"
"32,2","0,999","4,999","0,999","7,999","3,999","13,999","8,999","0,999","2,999","2,999","39,1","0,999","4,999","59,999","27,999","8,999","1,999","26,999","0,999","2,999","2,999","5,999","1,999","1,999","2,999","60,999","24,999","13,999","4,999","1,999","4,999","43,999","0,999","5,999","5,999","23,999","3,999","6,999","18,999","0,999","4,999","60,3","4,999","23,999","17,999","0,999","0,999","11,999","0,999","0,999","0,999","4,999","9,999","39,0","12,999","2,999","41,1","8,999","5,999","41,999","2,999","12,999","5,999","31,999","11,999","45,0","35,999","87,999","0,999","42,999","10,999","3,999","9,999","0,999","48,999","18,999","5,999","1,999","2,999","1,999","2,999","5,999","3,999","1,999","36,1","29,3","3,999","46,999","57,0","0,999","13,999","6,999","0,999","49,4","0,999","4,999","1,999","0,999","4,999"
"25,999","0,999","25,999","6,999","76,999","26,4","3,999","14,999","1,999","0,999","14,999","61,999","16,2","45,999","7,999","10,999","11,999","29,999","0,999","6,999","35,0","8,999","75,999","6,999","1,999","0,999","20,3","0,999","25,4","2,999","20,999","43,4","67,0","3,999","11,999","6,999","22,999","11,999","5,999","6,999","5,999","4,999","59,999","33,999","4,999","1,999","120,1","6,2","0,999","2,999","0,999","1,999","28,999","6,999","2,999","0,999","1,999","25,2","25,3","44,999","1,999","40,999","3,999","37,999","0,999","13,999","66,999","11,999","6,999","5,999","32,3","3,999","9,999","9,999","2,999","12,999","2,999","2,999","1,999","6,999","0,999","0,999","1,999","6,999","0,999","6,999","7,999","67,0","1,999","142,999","2,999","2,999","19,2","1,999","3,999","26,999","2,999","6,999","40,2","3,999"
"4,999","7,999","21,999","5,999","3,999","17,999","2,999","1,999","0,999","1,999","2,999","1,999","0,999","3,999","3,999","20,999","1,999","2,999","45,3","16,999","4,999","21,4","7,999","8,999","49,999","0,999","21,999","39,4","15,4","8,999","1,999","0,999","1,999","2,999","120,999","0,999","5,999","0,999","5,999","0,999","57,1","13,999","0,999","11,999","4,999","30,999","1,999","55,999","31,999","2,999","3,999","6,999","21,999","13,3","1,999","5,999","0,999","4,999","21,999","0,999","6,999","23,1","12,999","4,999","28,999","2,999","2,999","13,999","8,999","11,999","3,999","31,999","3,999","17,2","0,999","11,999","0,999","13,999","49,0","0,999","12,999","1,999","0,999","4,999","13,999","1,999","5,999","9,999","1,999","41,4","3,999","3,999","4,999","0,999","1,999","15,2","0,999","2,999","7,999","4,999"
"0,999","1,999","8,999","72,999","1,999","30,3","4,999","0,999","4,2","1,999","14,999","0,999","3,999","2,999","11,999","4,999","9,999","14,3","40,999","10,999","3,999","22,0","4,999","1,999","1,999","2,999","8,999","14,999","0,999","5,999","4,999","26,2","24,999","1,999","22,999","5,999","0,999","11,999","50,1","2,999","0,999","0,999","5,999","68,0","0,999","1,999","0,999","2,999","13,999","6,999","21,999","3,999","3,999","30,999","4,999","86,999","24,3","0,999","0,999","2,999","0,999","0,999","55,2","12,999","0,999","3,999","7,999","2,999","37,999","1,999","0,999","59,999","1,999","21,999","2,999","3,999","13,999","99,999","1,999","2,999","24,3","14,999","7,1","11,2","78,2","5,999","1,999","10,999","3,999","0,999","0,999","27,0","2,999","27,999","1,999","28,999","0,999","4,999","27,999","0,999"
"4,999","15,2","4,999","3,999","10,999","12,999","8,999","4,999","17,999","17,999","31,999","0,999","1,999","3,999","18,999","63,999","17,999","112,999","1,999","0,999","5,999","0,999","5,999","3,999","1,999","19,4","0,999","10,1","4,999","3,999","2,999","1,999","24,1","4,999","25,999","2,999","19,999","8,999","1,999","27,1","0,999","2,999","7,999","7,999","17,999","3,999","11,999","2,999","15,999","1,999","4,999","23,999","1,999","1,999","1,999","29,999","1,999","2,999","12,999","6,999","8,999","5,999","6,999","8,999","0,999","3,999","0,999","4,999","6,999","38,999","17,999","103,999","30,999","2,999","2,999","27,999","23,999","1,999","92,999","1,999","10,999","3,999","14,999","13,999","26,999","91,2","0,999","2,999","0,999","1,999","18,999","4,999","4,999","11,999","15,999","17,999","31,0","60,1","8,999","9,999"
"0,999","24,1","0,999","13,999","50,999","0,999","5,999","26,3","3,999","3,999","1,999","4,999","0,999","7,999","34,2","1,999","3,999","0,999","15,2","0,999","51,0","6,999","0,999","2,999","17,4","39,0","2,999","3,999","9,999","32,3","2,999","4,999","16,999","4,999","23,1","18,999","0,999","10,999","10,999","4,999","15,999","2,999","16,999","0,999","48,0","67,999","49,2","2,999","39,999","1,999","9,999","15,2","31,2","0,999","32,999","9,1","0,999","52,999","4,999","52,4","0,999","24,999","42,2","8,999","82,999","26,999","2,999","6,999","6,999","0,999","21,999","13,999","34,999","1,999","0,999","15,999","1,999","1,999","5,999","1,999","9,999","0,999","2,999","13,999","38,2","0,999","4,999","49,4","0,999","13,999","3,999","25,999","1,999","0,999","21,999","6,999","0,999","24,2","0,999","16,999"
"8,999","2,999","0,999","13,999","0,999","9,999","39,2","3,999","0,999","17,999","6,999","2,999","0,999","3,999","1,999","1,999","26,0","17,1","1,999","78,3","1,999","20,999","30,999","2,999","28,999","2,999","2,999","13,999","2,999","75,999","3,999","15,999","4,999","39,999","1,999","16,4","7,999","0,999","1,999","30,999","45,3","5,999","9,999","15,999","36,999","14,999","2,999","48,999","1,999","5,999","0,999","1,999","43,999","8,999","60,999","5,999","0,999","24,2","5,999","4,999","37,2","2,999","8,999","18,999","16,2","15,999","1,999","140,999","19,3","0,999","1,999","42,0","6,999","3,999","1,999","9,999","2,999","25,999","24,999","1,999","18,999","1,999","9,999","34,999","2,999","10,999","12,999","4,999","4,999","39,2","0,999","1,999","9,999","2,999","1,999","10,999","1,999","7,999","46,999","31,999"
"0,999","16,999","9,999","9,999","1,999","3,999","5,999","8,999","4,999","16,999","3,999","25,999","24,999","9,999","53,2","11,999","43,999","1,999","29,999","67,2","5,999","1,999","4,999","1,999","10,999","14,999","1,999","1,999","3,999","67,3","22,2","14,999","28,999","14,999","19,999","2,999","2,999","1,999","1,999","0,999","1,999","8,4","0,999","1,999","0,999","22,999","2,999","45,999","0,999","21,999","20,999","8,999","4,999","13,999","0,999","10,999","22,999","17,999","45,999","33,999","3,999","10,999","48,0","36,2","7,999","4,999","41,999","2,999","28,999","33,999","6,999","0,999","0,999","4,999","31,999","0,999","8,999","2,999","20,3","1,999","4,999","0,999","6,0","5,999","17,999","7,999","54,4","1,999","18,999","0,999","7,999","4,999","18,2","5,999","2,999","5,999","134,4","20,0","32,999","1,999"
"5,999","11,999","11,999","11,3","1,999","12,999","1,999","40,999","40,3","4,999","0,999","3,999","2,999","4,999","0,999","0,999","25,999","22,999","7,999","0,999","7,999","11,2","6,999","21,4","1,999","1,999","0,999","0,999","0,999","16,999","4,999","2,999","21,999","6,999","49,4","0,999","10,999","31,999","8,999","23,999","4,999","17,999","18,999","21,3","6,999","13,999","5,999","14,1","5,999","15,999","0,999","0,999","2,999","3,999","0,999","37,1","0,999","1,999","2,999","10,999","6,999","0,999","6,999","1,999","0,999","36,999","5,999","8,999","1,999","1,999","0,999","32,1","3,999","5,999","1,999","7,999","39,999","0,999","93,4","10,999","2,999","34,3","7,999","17,999","0,999","1,999","17,1","1,999","5,999","4,999","0,999","10,999","74,4","18,999","1,999","1,999","0,999","2,999","4,999","7,999"
"2,999","43,999","6,999","7,999","0,999","6,999","4,999","1,999","2,999","15,999","24,3","40,2","1,999","6,999","4,999","24,999","0,999","2,999","20,999","4,999","29,999","0,999","5,999","2,999","1,999","4,999","8,999","2,999","1,999","19,999","5,1","8,999","23,999","5,999","0,999","0,999","2,999","5,999","2,999","2,999","0,999","36,2","1,999","19,999","16,999","11,999","5,999","11,999","0,999","25,999","0,999","2,999","20,999","0,999","22,3","46,1","13,999","0,999","5,999","0,999","20,999","0,999","0,999","7,999","65,999","9,999","1,999","44,999","10,999","2,999","3,999","11,4","0,999","11,999","5,999","1,999","16,999","3,999","2,999","16,999","4,999","0,999","5,999","54,3","23,3","3,999","4,999","11,999","6,999","56,999","6,999","3,999","0,999","49,999","8,999","5,999","0,999","6,999","43,4","26,999"
"3,999","0,999","0,999","14,999","38,999","0,999","17,999","11,999","7,999","1,999","2,999","11,999","0,999","29,3","27,1","17,999","0,999","28,4","0,999","2,999","4,999","3,999","8,999","6,999","5,999","36,1","39,999","0,999","1,999","5,999","2,999","3,999","13,999","19,999","26,999","4,999","62,999","0,999","3,999","1,999","0,999","2,999","10,999","0,999","0,999","0,999","2,999","4,999","27,999","5,999","2,999","6,999","5,999","0,999","5,999","38,1","1,999","52,1","4,999","7,999","19,999","12,3","1,999","0,999","14,4","0,999","16,999","2,999","19,999","3,999","3,999","12,999","28,999","11,999","1,999","10,999","3,999","88,0","0,999","84,999","7,999","0,999","15,999","14,999","1,999","38,999","2,999","1,999","11,999","28,4","10,999","6,999","0,999","11,999","2,999","20,3","16,999","0,999","0,999","0,999"
"0,999","2,999","1,999","11,999","0,999","9,999","18,999","25,999","2,999","10,999","8,999","42,999","8,999","12,999","0,999","0,999","0,999","5,999","1,999","33,3","13,999","0,999","3,999","2,999","8,999","1,999","0,999","2,999","34,999","2,999","14,999","9,999","1,999","0,999","15,999","2,999","35,999","0,999","0,999","22,3","13,999","0,999","9,999","18,999","0,999","88,3","1,999","51,0","67,2","2,999","3,999","16,1","1,999","0,999","33,3","6,999","1,999","1,999","10,999","74,0","2,999","0,999","3,999","71,0","67,2","0,999","1,999","9,999","3,999","60,999","16,999","0,999","0,999","3,999","61,4","5,999","2,999","4,999","4,999","12,999","4,999","0,999","5,999","2,999","11,4","3,999","2,999","5,999","12,999","5,999","8,999","5,999","5,999","13,999","1,999","7,999","2,999","21,999","4,999","4,999"
"16,0","7,999","16,999","13,999","3,999","6,999","5,999","9,999","1,999","5,999","45,999","1,999","1,999","1,999","2,999","3,999","16,999","32,999","2,999","3,999","51,999","2,999","2,999","0,999","0,999","12,999","0,999","4,999","4,999","1,999","7,999","6,999","23,999","17,999","3,999","5,999","10,999","0,999","1,999","66,999","39,3","0,999","1,999","5,999","0,999","3,999","1,999","2,999","72,999","10,999","4,999","54,999","15,999","0,999","8,999","96,2","4,999","1,999","9,999","44,3","43,999","71,2","0,999","0,999","1,999","38,999","7,999","10,0","11,999","2,999","0,999","1,999","29,999","0,999","2,999","41,999","0,999","23,999","0,999","3,999","13,999","0,999","37,999","18,999","2,999","36,999","6,999","9,999","4,999","35,2","2,999","35,999","2,999","66,1","16,999","5,999","2,999","21,999","5,999","16,999"
"4,999","1,999","7,999","38,0","6,999","1,999","1,999","0,999","10,999","21,1","3,999","57,0","9,999","10,999","33,999","0,999","1,999","20,999","0,999","20,999","23,1","42,999","24,999","24,4","1,999","7,999","51,3","25,999","19,999","7,2","3,999","0,999","3,999","5,999","0,999","0,999","7,999","0,999","3,999","15,999","26,1","0,999","0,999","8,999","10,999","16,2","29,999","26,999","65,999","0,999","1,999","16,3","0,999","26,999","29,999","0,999","48,2","66,3","2,999","3,999","2,999","28,999","0,999","29,999","77,4","2,999","24,999","7,999","8,999","3,999","1,999","4,999","1,999","10,999","4,999","11,999","8,999","66,999","2,999","4,999","3,999","62,4","3,999","23,999","4,999","21,3","2,999","4,999","2,999","29,3","1,999","0,999","6,999","3,999","3,999","3,999","62,3","27,3","14,999","0,999"
"0,999","2,999","0,999","6,999","0,999","0,999","1,999","11,3","3,999","1,999","5,999","0,999","102,999","5,999","4,999","4,999","2,999","3,999","30,2","5,999","4,999","0,999","2,999","1,999","8,999","10,4","16,999","8,999","5,999","0,999","15,999","8,999","1,999","2,999","5,999","5,999","2,999","0,999","1,999","0,999","4,999","5,999","3,999","1,999","12,999","3,999","0,999","2,999","0,999","53,999","57,999","28,1","0,999","8,999","0,999","4,4","1,999","3,999","9,999","0,999","20,999","1,999","9,999","2,999","8,999","20,999","9,999","3,999","8,999","3,999","4,999","17,999","18,999","2,999","0,999","3,999","9,2","4,999","0,999","2,999","24,999","39,999","5,999","0,999","26,3","48,999","5,999","28,999","0,999","2,999","0,999","18,1","0,999","2,999","65,999","6,999","24,999","0,999","2,999","17,2"
"16,999","31,999","1,999","4,999","0,999","2,999","27,0","5,999","26,999","0,999","7,999","10,999","2,999","28,1","3,999","10,999","7,999","16,999","9,999","68,999","4,999","3,999","0,999","30,1","3,999","27,3","29,999","19,999","9,999","18,999","3,999","4,999","1,999","2,999","9,999","4,999","1,999","0,999","1,999","0,999","21,0","9,999","0,999","14,999","3,999","34,999","1,999","11,999","4,999","0,999","2,999","30,999","7,999","16,999","77,999","5,999","9,999","7,999","2,999","4,999","13,999","3,999","6,999","6,999","4,999","0,999","16,999","9,4","7,999","9,999","16,999","0,999","6,999","0,999","8,999","3,0","1,999","37,999","31,999","6,999","9,999","5,999","1,999","0,999","12,999","8,999","1,999","35,2","4,999","4,999","2,999","4,999","18,4","14,999","1,999","47,0","9,999","3,999","96,999","5,999"
"1,999","20,999","0,999","37,0","24,999","0,999","2,999","5,999","3,999","0,999","2,999","56,999","3,999","2,999","0,999","7,999","8,999","11,999","19,999","16,999","0,999","0,999","8,999","1,999","0,999","4,999","10,999","23,999","3,999","0,999","1,999","42,3","12,2","75,1","0,999","92,999","8,999","4,999","3,999","0,999","23,999","4,999","0,999","1,999","0,999","5,999","7,999","6,999","6,999","7,999","23,999","0,999","18,999","0,999","3,999","7,999","25,999","0,999","24,0","1,999","14,4","1,999","9,999","2,999","3,999","1,999","10,999","0,999","4,999","43,999","44,999","1,999","2,999","22,999","0,999","4,999","6,999","7,999","25,999","13,999","2,999","3,999","30,4","28,1","9,999","16,0","4,999","48,4","14,999","18,999","38,999","1,999","5,999","57,999","4,999","0,999","70,999","1,999","25,3","5,999"
"51,4","0,999","5,999","5,999","0,999","0,999","0,999","10,999","1,999","24,999","4,999","0,999","5,999","4,999","15,999","8,999","1,999","1,999","2,999","4,999","6,999","3,999","2,999","8,999","5,999","2,999","19,999","4,999","31,1","0,999","17,4","9,999","33,1","5,2","0,999","72,1","51,2","1,999","0,999","0,999","6,999","10,999","30,2","4,999","2,999","0,999","3,999","9,999","7,4","38,999","3,999","3,999","8,999","25,999","23,999","2,999","30,999","24,999","0,999","10,999","3,999","46,3","23,999","0,999","1,999","0,999","6,999","12,2","3,999","17,999","6,999","0,999","1,999","2,999","7,999","12,999","23,999","2,999","21,999","0,999","0,999","0,999","0,999","96,0","6,999","1,999","1,999","37,999","3,999","1,999","3,999","1,999","1,999","14,999","4,999","7,0","19,999","44,999","0,999","36,3"
"25,999","11,999","4,999","4,999","98,4","5,999","21,999","1,999","0,999","3,999","41,999","9,999","1,999","2,999","18,999","23,999","8,999","0,999","1,999","20,999","14,999","10,999","57,999","13,999","12,999","1,999","4,999","10,999","0,999","49,999","12,999","10,999","24,4","14,999","3,999","1,999","1,999","3,999","5,999","1,999","3,999","19,999","31,999","3,999","52,999","10,999","28,999","11,999","5,999","7,999","36,999","17,999","2,999","3,999","3,999","1,999","5,999","2,999","1,999","47,999","31,2","22,999","15,999","73,1","2,999","55,1","1,999","2,999","5,999","12,999","3,999","0,999","4,999","3,999","0,999","16,0","4,999","4,999","1,999","4,999","34,999","1,999","3,999","3,999","4,999","5,999","7,999","45,999","79,999","13,999","1,999","1,999","1,999","12,999","3,999","18,2","29,2","0,999","20,1","6,999"
"18,2","3,999","30,999","3,999","0,999","0,999","0,999","22,3","23,0","5,999","2,999","2,999","2,999","30,4","1,999","1,999","21,3","1,999","2,999","0,999","1,999","2,999","12,999","10,999","0,999","21,2","2,999","17,999","55,0","6,999","0,999","1,999","5,999","1,999","2,999","1,999","8,999","43,999","47,4","5,999","11,999","0,999","3,999","1,999","3,999","0,999","0,999","17,1","1,999","10,999","9,999","1,999","5,999","3,999","0,999","39,999","17,999","0,999","11,999","12,999","0,999","6,999","58,999","9,999","2,999","4,999","7,999","7,999","10,999","0,999","5,999","21,999","15,999","3,999","0,999","0,999","33,2","10,999","9,999","0,999","0,999","37,999","5,999","7,999","53,999","9,999","83,4","1,999","0,999","13,999","3,999","0,999","7,999","5,999","0,999","15,999","12,999","0,999","0,999","17,999"
"1,999","0,999","1,999","1,999","23,3","0,999","2,999","0,999","6,999","21,0","0,999","24,999","0,999","48,999","0,999","3,999","0,999","27,999","11,0","0,999","0,999","5,999","8,999","1,999","4,999","12,4","41,3","4,999","4,999","1,999","7,999","31,999","0,999","56,999","6,999","13,3","4,999","4,999","60,2","4,999","4,999","6,999","66,2","24,2","3,999","20,999","9,999","39,2","2,999","18,999","6,999","6,999","31,999","21,4","10,1","69,1","0,999","40,1","40,999","1,999","13,999","4,999","10,999","8,999","8,999","0,999","19,999","4,999","8,999","8,999","24,999","0,999","4,999","2,999","11,999","7,999","4,999","0,999","8,999","18,999","9,999","28,999","11,999","1,999","1,999","6,999","6,999","4,999","11,999","3,999","7,999","8,999","8,999","1,999","5,999","2,999","2,999","2,999","8,999","4,999"
"29,999","20,999","13,999","42,999","1,999","0,999","1,999","8,999","2,999","27,999","50,1","1,999","7,999","4,999","3,999","0,999","17,999","3,999","5,999","76,999","9,999","6,999","36,999","2,999","29,999","8,999","5,999","11,4","1,999","1,999","5,999","3,999","24,999","18,1","0,999","5,999","48,999","2,999","33,999","25,2","69,999","16,1","0,999","16,999","7,999","0,999","6,999","0,999","4,999","14,999","1,999","29,2","4,999","10,999","5,999","17,999","1,999","2,999","2,999","1,999","0,999","11,999","2,999","1,999","23,3","2,999","4,999","6,999","1,999","1,999","17,999","4,999","12,999","70,999","15,999","0,999","0,999","4,999","2,999","2,999","3,999","21,999","5,999","2,999","59,3","6,3","3,999","5,999","8,999","18,999","0,999","45,2","9,999","25,999","11,999","11,999","2,999","1,999","2,999","0,999"
"6,999","0,999","15,999","15,999","7,999","15,999","2,999","3,999","1,999","1,999","0,999","4,999","0,999","20,1","97,1","30,999","53,4","1,999","12,999","51,999","5,999","13,999","0,999","15,999","27,4","87,999","2,999","2,999","4,999","7,999","10,999","4,999","1,999","1,999","9,999","5,999","4,999","21,999","39,1","15,999","1,999","6,999","59,0","25,999","8,999","36,999","10,999","23,2","0,999","12,999","2,999","0,999","28,999","21,1","4,999","0,999","3,999","0,999","0,999","4,999","0,999","2,999","0,999","30,999","28,3","15,0","72,999","0,999","1,999","6,999","1,999","1,999","1,999","0,999","1,999","0,999","3,999","32,999","24,999","1,999","0,999","12,999","15,999","11,999","23,0","2,999","7,999","3,999","4,999","0,999","5,999","36,999","1,999","0,999","0,999","2,999","4,999","13,999","3,999","2,999"
"4,999","0,999","2,999","0,999","1,999","5,999","23,0","23,999","8,999","4,999","0,999","12,999","5,999","5,999","2,999","27,999","10,999","2,999","2,999","3,999","43,999","13,999","32,999","10,999","0,999","5,999","10,999","3,999","1,999","52,999","10,999","5,999","8,999","13,999","46,999","0,999","3,999","22,999","3,999","40,999","32,999","4,999","32,3","4,999","1,999","0,999","9,999","24,999","11,999","0,999","102,999","1,999","12,999","24,999","12,999","0,999","2,999","0,999","2,999","66,3","1,999","6,999","2,999","1,999","0,999","0,999","4,999","6,999","0,999","6,999","10,999","5,1","27,999","3,999","10,999","2,999","1,999","1,999","4,999","0,999","14,999","7,999","1,999","1,999","38,4","2,999","2,999","24,4","7,999","1,999","5,999","23,999","4,999","98,999","5,999","3,999","3,999","0,999","9,999","25,999"
"18,999","3,999","0,999","26,3","0,999","2,999","1,999","1,999","1,999","6,999","4,999","16,999","10,999","2,999","32,3","10,999","4,999","1,999","1,999","0,999","14,999","44,3","0,999","0,999","0,999","13,999","10,999","29,4","23,999","64,3","6,999","17,999","1,999","14,999","5,999","2,999","3,999","6,999","0,999","18,999","5,999","8,999","19,999","59,999","2,999","0,999","3,999","2,999","0,999","1,999","3,999","5,999","23,999","4,999","1,999","26,999","40,999","6,999","3,999","45,2","1,999","0,999","85,0","2,999","0,999","7,999","3,999","4,999","0,999","15,999","2,999","0,999","0,999","0,999","3,999","3,999","1,999","4,999","0,999","25,999","0,999","15,999","18,999","0,999","4,999","13,999","4,999","13,999","50,4","0,999","2,999","6,999","9,0","17,3","5,999","39,999","7,999","0,999","7,999","1,999"
"34,0","9,999","4,999","3,999","23,3","1,999","2,999","11,999","12,999","37,999","0,999","17,2","46,2","5,999","0,999","7,999","5,999","3,999","14,999","4,999","2,999","4,999","2,999","33,999","12,999","46,999","0,999","22,999","10,999","11,999","1,999","14,999","2,999","0,999","12,999","3,999","1,999","0,999","15,1","11,999","21,999","4,999","0,999","36,999","6,999","18,999","7,999","8,999","13,999","3,999","6,999","5,999","13,999","2,999","0,999","5,999","45,4","2,999","3,999","0,999","40,999","2,999","12,999","22,999","30,2","2,999","98,4","8,999","1,999","1,999","2,999","4,999","42,999","45,2","3,999","0,999","2,999","8,999","7,999","8,999","7,999","1,999","3,999","26,1","43,999","14,0","0,999","1,999","11,999","1,999","117,4","8,999","2,999","16,999","2,999","18,999","1,999","0,999","2,999","3,999"
"31,4","12,999","8,999","3,999","131,0","0,999","1,999","0,999","23,999","3,999","10,999","6,999","1,999","3,999","10,4","30,0","140,4","47,2","0,999","0,999","1,999","1,999","5,999","9,999","18,999","7,999","15,999","3,999","1,999","1,999","5,999","3,999","2,999","0,999","14,999","26,999","1,999","4,999","17,999","10,999","33,999","2,999","12,999","0,999","0,999","2,999","0,999","0,999","1,999","0,999","8,999","7,999","0,999","17,0","23,999","2,999","2,999","1,999","10,999","3,999","7,999","4,999","2,999","3,999","0,999","3,999","12,999","22,999","2,999","0,999","5,999","2,999","4,999","1,999","30,999","37,2","25,4","1,999","0,999","14,999","56,0","18,999","35,999","43,4","10,999","12,999","7,999","5,999","5,999","0,999","5,999","49,1","7,999","12,999","2,999","77,999","0,999","63,999","6,999","1,999"
"5,999","4,999","1,999","1,999","22,999","0,999","21,999","31,1","1,999","3,999","6,999","7,999","28,999","6,999","0,999","0,999","1,999","1,999","122,3","0,999","36,999","5,999","17,999","0,999","14,999","3,999","0,999","13,999","7,999","1,999","1,999","4,999","23,999","28,3","0,999","0,999","51,999","24,999","8,999","4,999","2,999","2,999","34,999","21,999","15,999","6,999","0,999","67,999","0,999","64,2","40,999","4,999","19,999","10,999","1,999","2,999","7,999","0,999","16,999","21,999","2,999","22,999","2,999","0,999","43,999","64,0","68,999","1,999","39,2","32,999","1,999","14,999","20,999","3,999","12,999","11,999","3,999","25,4","32,999","58,4","2,999","81,4","0,999","2,999","0,999","44,999","4,999","0,999","3,999","4,999","23,999","8,999","2,999","21,999","2,999","14,999","17,3","16,999","28,999","21,999"
"34,999","3,999","1,999","0,999","4,999","8,999","3,999","2,999","7,999","2,999","84,999","7,999","2,999","26,999","3,999","8,999","4,999","2,999","5,999","1,999","22,999","16,1","13,999","2,999","0,999","50,4","13,999","7,999","38,2","1,999","50,999","59,1","49,4","1,999","2,999","14,2","1,999","27,999","0,999","5,999","12,1","10,3","11,999","1,999","0,999","1,999","32,3","28,999","0,999","12,999","0,999","4,999","16,999","1,999","2,999","10,999","4,999","4,999","45,1","10,999","13,999","1,999","9,999","3,999","44,3","0,999","11,999","45,999","1,999","5,999","9,999","4,999","0,999","13,999","1,999","0,999","0,999","2,999","2,999","46,3","0,999","8,999","2,999","1,999","6,999","3,999","0,999","0,999","17,3","0,999","29,2","0,999","3,999","8,999","29,3","9,999","16,999","1,999","32,4","5,999"
"6,999","23,999","2,999","79,1","6,999","3,999","52,999","11,999","13,999","1,999","4,999","8,2","18,999","2,999","3,999","15,999","0,999","22,2","0,999","44,0","1,999","26,0","1,999","50,999","2,999","8,999","30,999","0,999","2,999","1,999","1,999","11,999","10,999","2,999","1,999","12,999","13,3","0,999","9,999","1,999","7,999","21,999","1,999","0,999","97,999","3,999","10,999","2,999","8,999","29,999","4,999","20,999","25,3","14,999","6,999","2,999","0,999","2,999","1,999","29,999","7,999","54,999","6,999","0,999","17,999","21,999","12,999","29,0","16,999","5,999","41,999","12,999","22,999","1,999","0,999","0,999","4,999","1,999","21,999","23,999","5,999","3,999","29,999","4,999","2,999","1,999","0,999","3,999","11,999","3,999","1,999","3,999","3,999","8,999","1,999","2,999","0,999","26,999","6,999","8,4"
"1,999","63,4","0,999","0,999","9,999","1,999","3,999","52,999","12,999","2,999","0,999","13,999","1,999","8,999","22,999","2,999","2,999","0,999","0,999","5,999","15,999","7,999","1,999","54,1","27,999","1,999","20,2","5,999","8,999","6,999","7,999","26,999","34,999","21,999","1,999","18,999","0,999","20,999","0,999","5,999","54,3","1,999","3,999","4,999","0,999","0,999","2,999","0,999","8,999","5,999","5,999","8,4","17,999","27,3","2,999","4,999","13,999","42,2","2,999","2,999","4,999","0,999","3,999","111,999","7,999","9,999","5,999","0,999","2,999","0,999","9,999","2,999","36,2","41,999","8,999","0,999","14,999","1,999","22,0","15,999","2,999","21,999","66,4","1,999","6,999","2,999","9,999","67,3","35,4","24,999","4,999","27,999","3,999","0,999","2,999","1,999","1,999","11,999","13,999","16,999"
"72,1","1,999","2,999","13,999","0,999","3,999","6,999","2,999","0,999","21,999","19,999","11,999","11,999","25,999","23,4","0,999","0,999","3,999","19,999","16,999","1,999","7,999","2,999","3,999","4,999","11,999","10,999","27,2","3,999","62,3","107,2","0,999","17,999","60,999","16,999","3,999","0,999","37,999","77,999","4,999","12,999","15,999","19,999","28,999","9,999","89,0","1,999","10,3","0,999","47,999","19,2","3,999","8,999","4,999","58,0","7,999","2,999","0,999","1,999","0,999","35,999","0,999","0,999","10,999","2,999","2,999","2,999","2,999","2,999","4,999","39,0","3,999","12,999","9,999","6,999","95,0","21,999","9,999","0,999","1,999","7,999","47,999","1,999","2,999","1,999","13,999","11,999","1,999","1,999","30,999","2,999","15,999","60,4","1,999","12,999","2,999","1,999","48,999","65,3","3,999"
"26,999","0,999","15,999","3,999","35,3","2,999","47,999","1,999","0,999","47,999","7,999","6,999","11,999","20,999","0,999","4,999","7,999","3,999","0,999","1,999","11,999","29,999","4,999","39,2","13,999","1,999","13,999","6,999","0,999","6,999","6,999","3,999","7,999","2,999","11,999","7,999","12,999","2,999","2,999","2,999","29,999","0,999","67,999","1,999","6,999","38,999","20,999","36,0","8,999","1,999","10,4","0,999","7,999","2,999","1,999","40,2","16,3","4,999","2,999","12,999","7,999","5,999","4,999","21,999","5,999","5,999","0,999","0,999","5,999","13,3","104,4","2,999","35,999","4,999","2,999","0,999","7,999","2,999","4,999","0,999","8,999","26,999","20,999","6,999","4,999","0,999","0,999","1,999","2,999","3,999","4,999","5,999","1,999","3,999","1,999","0,999","3,999","3,999","31,999","10,999"
"0,999","3,999","0,999","18,999","4,999","12,999","2,999","12,4","26,0","0,999","9,999","24,999","54,999","8,999","2,999","1,999","1,999","0,999","4,999","1,999","47,2","12,999","7,999","2,999","0,999","5,999","30,999","13,999","56,3","8,999","6,999","81,999","4,999","17,999","24,999","0,999","2,999","2,999","24,999","1,999","15,999","9,999","5,999","2,999","2,999","17,999","3,999","31,999","11,4","3,999","14,999","1,999","5,999","17,0","13,999","0,999","2,999","18,4","1,999","11,1","2,999","26,999","3,999","3,999","4,999","1,999","13,3","20,999","0,999","1,999","15,4","9,999","2,999","1,999","1,999","1,999","5,999","13,999","20,0","0,999","0,999","10,999","0,999","6,999","22,999","0,999","47,999","40,3","54,3","2,999","2,999","5,999","0,999","0,999","28,999","0,999","1,999","1,999","6,999","18,3"
"7,999","9,999","0,999","1,999","11,999","4,999","7,999","2,999","3,999","2,999","3,999","74,1","12,999","2,999","5,999","4,999","5,999","0,999","20,999","1,999","7,999","12,999","2,999","13,999","118,999","0,999","11,999","0,999","3,999","0,999","2,999","14,0","8,999","4,999","5,999","4,999","4,999","5,999","4,999","21,999","25,999","0,999","2,999","6,999","5,999","2,999","6,999","38,999","16,4","1,999","2,999","8,999","11,999","0,999","0,999","6,999","2,999","2,999","2,999","23,999","14,999","24,999","7,999","1,999","6,999","4,2","10,999","2,999","0,999","1,999","91,999","6,999","8,999","2,999","13,999","1,999","7,999","2,999","16,999","10,999","8,999","5,2","8,999","3,999","6,999","11,999","1,999","5,999","15,999","0,999","3,999","7,999","0,999","2,999","1,999","6,999","7,999","1,999","1,999","7,999"
"38,999","28,999","11,999","9,999","20,999","42,999","5,999","6,999","1,999","1,999","1,999","15,999","1,999","0,999","11,999","1,999","0,999","15,999","0,999","8,999","70,0","0,999","2,999","17,999","4,999","43,999","21,999","0,999","0,999","1,999","0,999","9,999","3,999","0,999","10,999","1,999","12,999","5,999","1,999","0,999","9,999","2,999","0,999","30,1","16,999","0,999","1,999","6,999","7,999","50,0","6,999","3,999","0,999","3,999","2,999","10,999","57,999","2,999","68,2","34,4","1,999","1,999","0,999","5,999","5,999","5,999","1,999","26,4","2,999","17,999","10,999","43,2","19,999","11,999","1,999","3,999","1,999","0,999","5,999","60,0","5,999","63,999","3,999","4,999","2,999","20,999","1,999","1,999","6,2","21,999","3,999","8,999","16,999","1,999","3,999","5,999","8,999","3,999","0,999","28,2"
"6,999","0,999","1,999","17,999","2,999","0,999","2,999","8,999","0,999","7,999","107,1","0,999","1,999","15,999","37,999","2,999","3,999","1,999","0,999","3,999","6,999","6,999","14,999","5,999","45,999","58,0","3,999","21,999","25,999","33,999","8,999","20,999","21,999","5,999","59,1","0,999","5,999","7,999","0,999","45,0","19,999","3,999","0,999","13,999","5,999","4,999","4,999","55,999","63,2","5,999","18,999","0,999","5,999","16,4","58,999","2,999","20,3","5,999","8,999","6,999","8,999","11,999","0,999","3,999","12,999","9,999","1,999","5,999","71,0","14,999","6,999","10,999","23,999","7,999","12,999","15,999","2,999","1,999","20,4","7,999","6,999","51,999","1,999","17,999","2,999","22,999","2,999","4,999","2,999","6,999","44,0","1,999","1,999","12,999","13,999","3,999","51,0","7,999","3,999","9,999"
"1,999","6,999","54,999","18,999","2,999","41,2","9,999","3,999","2,999","8,999","20,0","7,999","0,999","6,999","27,999","55,2","19,999","7,999","38,999","9,999","13,999","12,999","2,999","0,999","2,999","3,999","15,999","1,999","10,999","1,999","82,0","5,999","53,3","5,999","1,999","0,999","3,999","10,999","56,4","1,999","2,999","10,999","26,2","2,999","34,999","22,4","1,999","6,999","13,999","31,999","30,3","0,999","1,999","0,999","49,999","3,999","7,999","2,999","4,999","1,999","9,999","11,999","0,999","9,999","70,999","4,999","75,1","2,999","1,999","1,999","4,999","8,999","54,999","0,999","26,4","81,999","13,999","0,999","4,999","8,999","5,999","6,999","21,999","0,999","19,2","3,999","5,999","11,999","0,999","43,999","8,999","1,999","7,999","62,999","0,999","56,3","13,999","2,999","4,999","32,999"
"1,999","4,999","2,999","8,999","0,999","5,999","1,999","5,999","0,999","4,999","27,999","0,999","3,999","0,999","1,999","4,999","39,2","5,999","9,999","3,999","19,999","27,2","8,999","0,999","7,999","4,999","30,999","0,999","6,999","58,999","0,999","0,999","33,0","1,999","0,999","2,999","4,999","3,999","0,999","11,999","11,999","20,999","18,999","0,999","3,999","4,999","22,999","38,999","58,2","0,999","1,999","4,999","2,999","0,999","1,999","18,999","7,999","1,999","11,999","3,999","22,999","33,2","4,999","16,999","5,999","4,999","0,999","37,999","21,999","52,1","18,999","4,999","0,999","4,999","24,999","12,999","1,999","4,999","14,999","1,999","33,999","0,999","12,999","0,999","1,999","44,0","4,4","33,1","7,999","4,999","16,999","0,999","46,2","2,999","5,999","2,999","1,999","4,999","9,999","46,4"
"55,999","5,999","3,999","1,999","11,999","7,999","0,999","6,999","27,1","5,999","5,999","8,999","5,999","3,999","12,999","2,999","2,999","17,999","43,0","1,999","16,999","9,999","3,999","10,999","1,999","10,1","1,999","0,999","2,999","9,4","0,999","23,999","1,999","3,999","0,999","26,999","52,2","5,999","11,999","48,3","12,999","1,999","0,999","24,3","8,999","19,999","30,3","25,999","61,999","1,999","0,999","6,999","0,999","0,999","29,2","3,999","2,999","7,999","44,4","9,999","1,999","13,999","5,999","6,999","27,999","0,999","9,999","4,999","3,999","12,999","20,0","2,999","20,999","6,999","13,999","20,1","30,999","43,999","38,3","31,999","0,999","2,999","7,999","6,999","22,999","17,999","5,999","18,999","0,999","2,999","1,999","42,3","4,999","1,999","3,999","2,999","9,999","3,999","2,999","3,999"
"20,999","12,999","70,1","21,999","1,999","12,2","3,999","5,999","7,999","2,999","4,999","1,999","5,999","2,999","3,999","24,4","14,999","3,999","7,999","3,999","45,999","10,999","2,999","2,999","0,999","4,999","63,2","1,999","27,999","29,999","54,4","0,999","0,999","12,999","0,999","3,999","7,999","5,999","4,999","12,999","0,999","32,999","3,999","15,999","2,999","0,999","1,999","1,999","5,999","54,999","10,999","18,999","33,999","1,999","6,999","1,999","28,999","14,999","3,999","9,999","14,999","12,999","6,999","7,999","11,999","0,999","2,999","3,999","0,999","34,999","1,999","0,999","4,999","5,999","8,999","59,999","34,999","4,999","3,999","14,999","1,999","1,999","0,999","2,999","17,999","0,999","1,999","3,999","16,999","37,999","6,999","2,999","1,999","11,2","14,999","60,999","1,999","6,999","37,999","7,999"
"0,999","75,999","27,1","10,999","16,3","26,1","1,999","31,999","1,999","24,999","5,999","88,0","4,999","19,999","11,999","0,999","7,999","11,999","39,999","2,999","2,999","28,1","0,999","23,999","9,999","25,2","1,999","6,999","3,999","15,2","5,999","0,999","0,999","9,999","18,1","1,999","12,1","0,999","51,999","1,999","0,999","2,999","0,999","0,999","0,999","3,999","32,2","146,4","4,999","3,999","1,999","3,999","17,999","21,999","4,999","3,999","0,999","1,999","6,999","4,999","1,999","2,999","3,999","10,2","16,1","0,999","6,999","18,0","8,999","3,999","3,999","2,999","18,999","20,999","7,999","52,999","39,4","13,999","27,3","8,999","2,999","2,999","1,999","21,999","41,999","22,999","37,999","2,999","7,999","104,999","1,999","11,999","0,999","11,999","54,999","0,999","0,999","5,999","2,999","20,3"
"33,4","21,999","23,3","2,999","6,999","1,999","3,4","0,999","0,999","0,999","47,999","19,999","3,999","37,999","2,999","1,999","9,999","15,999","2,999","13,999","30,999","33,999","1,999","0,999","1,999","27,999","12,999","3,999","0,999","2,999","3,999","43,3","0,999","1,999","30,999","0,999","2,999","18,999","35,3","1,999","1,999","27,999","12,999","6,999","0,999","35,3","54,0","2,999","48,999","4,999","8,999","44,999","38,1","0,999","23,999","2,999","0,999","2,999","0,999","28,3","1,999","0,999","0,999","0,999","1,999","23,999","31,999","29,999","30,999","14,0","0,999","10,999","48,3","0,999","55,2","13,999","27,999","7,999","24,1","24,999","1,999","9,3","3,999","69,1","3,999","19,999","27,999","6,999","2,999","4,999","1,999","1,999","44,3","36,1","3,999","2,999","3,999","9,999","16,999","0,999"
"1,999","0,999","10,999","15,999","3,999","18,999","4,999","2,999","0,999","8,999","0,999","3,999","0,999","38,999","2,999","2,999","0,999","0,999","35,999","2,999","0,999","2,999","24,4","0,999","6,999","32,999","22,999","0,999","11,999","56,999","38,0","0,999","3,999","3,999","5,999","45,1","3,999","6,999","2,999","1,999","0,999","29,1","3,999","1,999","12,4","2,999","2,999","10,999","2,999","11,999","37,999","9,999","1,999","7,999","120,999","67,999","1,999","0,999","7,999","3,999","14,999","57,999","0,999","2,999","9,999","0,999","2,999","2,999","0,999","5,999","7,999","2,999","5,999","5,999","0,999","11,999","52,2","15,4","83,999","2,999","86,999","2,999","4,999","4,999","0,999","33,999","5,999","0,999","0,999","2,999","32,999","6,999","0,999","30,999","5,999","12,999","3,999","3,999","59,999","5,999"
"51,999","4,999","1,999","34,999","0,999","2,999","20,3","6,999","10,999","6,999","17,999","54,999","2,999","26,999","6,999","3,999","32,999","31,999","6,999","13,999","0,999","0,999","1,999","53,999","18,999","2,999","1,999","4,999","2,999","2,999","13,999","0,999","0,999","0,999","26,2","11,999","3,999","21,999","9,0","5,999","3,999","3,999","33,999","4,999","2,999","0,999","1,999","1,999","14,999","3,999","21,999","0,999","1,999","1,999","37,2","11,999","32,1","2,999","0,999","16,0","5,999","21,2","45,4","4,999","10,4","53,999","39,999","1,999","4,999","3,999","11,999","4,999","6,999","5,999","0,999","3,999","1,999","39,4","9,999","0,999","0,999","3,999","15,999","54,2","3,999","25,999","2,999","0,999","5,999","2,999","8,999","18,999","2,999","2,999","12,999","78,0","12,999","0,999","41,999","21,0"
"35,999","4,999","16,999","54,2","5,999","31,999","25,999","4,999","17,999","2,999","16,3","2,999","1,999","2,999","11,999","51,999","0,999","5,999","20,999","23,999","0,999","2,999","20,4","5,999","1,999","34,999","2,999","2,999","0,999","2,999","7,999","3,999","1,999","53,999","2,999","0,999","25,4","0,999","3,999","0,999","53,2","4,999","9,0","19,999","0,999","6,999","11,999","5,999","3,999","12,0","7,999","23,3","9,999","0,999","0,999","1,999","32,1","61,999","0,999","3,999","23,999","0,999","2,999","4,999","4,999","2,999","2,999","0,999","1,999","1,999","0,999","13,999","34,999","45,2","2,999","3,999","10,999","16,999","44,999","25,999","2,999","4,999","3,999","4,999","3,999","25,4","2,999","0,999","0,999","10,999","0,999","3,999","0,999","3,999","0,999","15,999","10,999","33,4","5,999","13,999"
"0,999","10,999","21,999","0,999","1,999","3,999","4,999","6,999","5,999","1,999","0,999","64,0","0,999","22,999","0,999","2,999","10,999","7,999","3,999","1,999","1,999","3,999","15,999","3,999","2,999","14,999","10,999","0,999","54,1","1,999","3,999","33,999","4,999","5,999","0,999","7,999","21,2","4,999","2,999","30,999","5,999","1,999","56,3","19,999","34,1","1,999","0,999","7,999","0,999","17,999","0,999","5,999","9,999","4,999","27,999","10,999","1,999","11,0","17,999","1,999","15,999","1,999","6,999","42,4","28,999","14,999","1,999","1,999","1,999","5,999","28,0","8,999","5,999","4,999","6,999","10,999","5,999","5,999","6,999","0,999","0,999","0,999","35,0","1,999","3,999","7,999","4,999","10,999","45,999","2,999","0,999","4,999","24,999","0,999","2,999","4,999","6,999","0,999","28,999","9,999"
"0,999","6,1","2,999","19,999","1,999","2,999","0,999","70,3","0,999","1,999","21,999","23,999","1,999","0,999","1,999","14,999","19,999","1,999","8,999","0,999","0,999","85,4","0,999","0,999","7,999","1,999","27,2","4,999","1,999","1,999","12,999","14,999","6,999","60,999","0,999","13,999","13,1","18,0","0,999","5,999","2,999","2,999","17,0","11,999","5,999","4,999","14,999","10,999","1,999","34,0","62,0","1,999","7,999","4,999","10,999","6,999","1,999","2,999","15,999","11,999","22,999","8,999","2,999","73,3","9,999","1,999","6,999","6,999","6,999","26,999","3,999","6,999","3,999","11,999","5,999","11,999","2,999","0,999","10,999","2,999","0,999","25,999","2,999","2,999","11,999","1,999","5,999","5,999","1,999","0,999","51,999","1,999","5,999","31,1","4,999","0,999","7,999","52,999","31,999","5,999"
"22,2","0,999","1,999","5,999","5,999","5,999","49,999","20,999","6,1","0,999","23,999","1,999","9,999","6,999","1,999","19,999","3,999","1,999","0,999","2,999","1,999","6,999","0,999","4,999","8,999","7,999","35,999","4,999","6,999","18,999","0,999","3,999","3,999","35,0","0,999","0,999","11,999","19,999","10,999","0,999","9,999","45,4","2,999","33,0","21,999","18,999","1,999","2,999","2,999","2,999","4,999","8,999","70,1","2,999","3,999","0,999","48,999","2,999","1,999","3,999","5,999","45,4","12,1","1,999","3,999","10,999","41,1","1,999","7,999","22,999","5,999","0,999","1,999","34,3","6,999","5,999","3,999","43,0","3,999","50,999","7,0","23,1","28,999","1,999","11,999","77,3","2,999","6,999","1,999","34,999","0,999","19,999","8,999","0,999","7,999","6,999","17,999","13,0","14,4","0,999"
"2,999","12,999","4,999","0,999","3,999","8,999","22,999","8,2","0,999","0,999","0,999","22,999","1,999","2,999","41,999","0,999","0,999","44,999","11,999","1,999","2,999","5,999","45,999","15,999","29,999","17,999","13,999","4,999","17,3","7,999","0,999","0,999","0,999","5,999","15,999","15,999","19,999","9,999","3,999","7,999","21,999","35,2","3,999","56,999","0,999","35,1","20,999","0,999","9,999","16,999","35,999","5,999","12,999","5,999","0,999","1,999","11,999","14,999","26,999","21,999","4,999","0,999","1,999","0,999","2,999","13,999","9,999","7,999","9,999","2,999","0,999","5,999","44,0","58,3","2,999","1,999","0,999","30,999","0,999","11,3","0,999","35,999","6,999","3,999","31,999","2,999","0,999","1,999","44,999","4,999","11,999","1,999","3,999","15,999","7,999","72,2","22,999","8,999","36,999","28,999"
"0,999","7,999","3,999","3,999","38,3","0,999","13,999","14,999","8,3","11,999","14,999","0,999","32,0","1,999","11,999","1,999","0,999","3,999","20,1","13,999","59,1","3,999","17,999","6,999","14,999","3,999","22,999","15,999","31,2","2,999","5,999","50,999","11,999","42,999","20,3","39,999","61,4","13,999","29,4","47,999","13,999","21,999","0,999","11,999","9,3","10,999","5,999","11,999","10,999","4,999","7,999","1,999","22,999","1,999","2,999","1,999","115,0","1,999","12,999","62,999","6,999","18,999","4,999","13,999","10,999","0,999","34,1","2,999","0,999","45,999","0,999","0,999","2,999","9,999","8,999","0,999","37,1","49,999","2,999","48,3","3,999","12,999","11,999","20,2","6,999","135,999","26,999","11,999","2,999","0,999","9,999","1,999","1,999","36,999","5,999","26,999","24,999","14,999","0,999","13,3"
"2,999","22,2","31,999","0,999","1,999","12,999","2,999","1,999","0,999","0,999","29,999","16,999","1,999","3,999","12,999","17,999","12,999","0,999","10,1","0,999","50,1","0,999","17,999","13,999","0,999","0,999","7,999","1,999","0,999","16,999","4,999","6,999","27,3","12,999","16,3","1,999","9,999","1,999","4,999","14,999","0,999","9,999","0,999","34,0","2,999","15,999","2,999","8,999","1,999","12,999","21,0","13,999","9,4","13,999","6,999","1,999","1,999","8,999","5,999","5,999","7,999","2,999","0,999","4,999","35,999","4,999","1,999","21,999","97,999","0,999","1,999","16,999","36,999","26,999","27,999","43,0","11,999","10,999","3,999","4,999","56,999","3,999","5,999","12,999","11,999","0,999","57,999","0,999","1,999","5,999","17,999","7,999","0,999","3,999","13,999","0,999","7,999","1,999","3,999","0,999"
