# Arguments: kr_a=0.0625, kd_a=0.25, rep=100, it=100, relocation=0.0625, division=0.67, rows=20, cols=5, status=None, file_ID=9, delta_t=None, min_replacements=None
"0,0","1,0","0,1","1,0","1,0","16,2","0,0","0,0","1,0","0,0","0,0","0,0","0,0","0,0","4,1","1,0","0,0","0,0","1,0","0,1","0,1","3,0","0,0","0,0","3,0","1,0","0,0","0,1","4,2","1,0","1,0","1,0","1,0","0,0","0,0","1,0","0,0","1,0","1,0","0,0","0,1","2,0","1,0","0,0","1,0","0,0","0,0","3,1","0,0","0,0","0,1","0,0","1,1","1,1","0,0","0,0","1,0","0,0","1,0","0,1","1,0","0,1","0,0","0,1","0,0","1,0","1,0","0,0","2,1","1,0","0,0","0,0","1,1","1,0","0,0","0,0","1,0","0,1","1,0","0,0","0,1","0,0","1,0","0,0","1,0","1,0","0,0","0,0","0,0","0,0","0,0","0,0","1,0","1,0","1,0","1,0","1,0","1,0","0,0","1,0"
"1,0","0,0","0,0","1,0","0,0","1,0","0,0","0,0","0,0","1,0","0,0","1,0","6,3","0,1","1,0","0,0","0,0","0,0","1,0","1,0","1,0","0,0","1,0","1,0","0,0","0,0","0,0","10,11","0,0","0,0","1,1","0,0","0,0","1,0","0,1","1,0","3,1","4,2","1,0","3,1","1,0","0,0","0,0","0,0","0,0","0,0","0,1","1,0","0,0","0,0","0,1","1,0","3,1","0,1","0,0","0,0","1,0","1,0","0,0","0,0","9,1","0,0","0,0","0,0","1,0","0,1","1,0","1,0","1,0","1,0","1,0","5,1","0,0","0,0","1,0","1,0","1,0","0,0","1,0","0,0","1,0","0,1","1,0","0,0","1,0","1,0","1,0","6,4","0,1","0,0","0,1","0,0","0,1","0,0","0,1","1,0","0,0","0,0","1,0","1,0"
"1,0","1,0","0,0","1,0","0,0","0,0","1,0","2,0","1,0","0,0","0,0","2,0","0,0","0,0","5,1","1,1","0,1","0,1","0,0","1,0","2,2","1,0","0,1","0,0","0,0","1,0","0,0","0,0","0,0","0,0","0,0","0,0","0,2","1,0","0,0","0,0","0,0","0,0","1,0","0,0","2,1","0,0","0,1","0,0","0,0","0,0","0,0","0,0","0,0","0,0","1,0","0,0","0,0","1,0","1,0","0,1","0,0","0,0","0,0","0,0","0,0","0,0","0,0","0,0","1,0","0,0","0,1","2,0","0,0","0,0","0,1","0,1","0,0","0,0","0,1","0,0","0,1","0,1","0,2","0,0","0,0","2,0","1,0","0,0","0,0","0,0","0,0","0,0","1,0","0,1","7,1","0,1","0,1","0,0","1,0","1,0","1,0","3,4","1,0","1,0"
"1,0","0,0","0,0","0,1","1,0","0,0","0,0","5,0","1,0","0,1","1,0","1,0","0,0","1,0","0,1","1,0","1,0","1,1","0,0","0,0","2,1","1,0","0,0","1,0","0,0","1,0","0,1","1,0","1,0","1,0","7,2","1,0","0,1","0,0","2,1","0,0","9,5","0,0","0,0","0,0","0,0","1,0","1,0","1,0","1,0","1,0","6,4","0,0","1,0","0,0","0,0","2,1","0,0","0,1","0,0","0,0","1,0","0,0","0,0","0,1","0,0","0,0","4,1","0,0","1,0","0,0","1,0","0,0","3,3","0,0","0,0","0,0","0,0","2,2","0,1","0,0","0,1","0,0","0,0","0,0","0,0","0,1","0,0","0,0","0,1","1,0","0,0","1,0","1,0","1,0","4,0","1,0","0,1","1,0","4,1","1,0","0,0","0,0","0,1","0,0"
"1,0","0,1","0,0","1,0","1,0","0,0","1,0","1,0","0,1","2,0","1,0","0,0","1,1","0,0","0,0","0,1","0,0","1,0","0,0","1,0","0,0","1,0","1,0","6,2","2,0","1,0","0,0","0,0","0,0","1,0","0,0","0,1","1,0","0,0","0,0","0,0","1,0","0,0","0,0","0,0","0,0","0,0","0,0","6,0","1,0","0,0","0,1","0,0","0,1","11,4","0,0","0,1","0,1","0,0","0,0","0,0","0,0","0,0","0,0","1,1","1,0","0,0","1,0","0,1","1,0","0,0","1,0","0,0","2,0","0,0","0,1","0,0","1,0","2,2","0,0","0,0","0,0","0,0","1,0","0,0","1,0","0,1","0,0","8,5","0,2","1,0","0,0","1,0","20,7","1,0","0,0","0,0","0,0","1,0","1,0","1,0","1,0","1,0","0,0","0,0"
"0,2","1,0","1,0","1,0","9,6","0,0","0,0","0,0","1,0","0,0","0,0","0,0","0,1","0,0","0,1","0,0","0,0","2,0","0,0","8,3","0,1","12,10","0,1","1,1","0,0","0,1","0,0","1,0","0,0","2,0","0,0","0,1","0,1","0,0","0,0","1,0","0,0","0,0","0,0","0,1","0,0","4,0","1,0","0,0","0,0","0,0","1,0","1,0","1,0","0,0","0,0","1,0","0,0","0,0","1,0","0,1","1,0","1,0","0,0","0,0","1,0","6,0","1,0","1,0","0,0","0,1","1,0","0,0","0,0","1,0","0,0","0,0","0,0","1,0","1,0","1,0","1,0","5,0","2,0","0,1","0,0","1,0","0,0","1,0","1,0","1,0","1,0","1,0","0,0","0,1","0,0","1,0","1,0","1,0","1,0","0,0","0,0","1,0","0,0","0,0"
"0,0","1,0","1,1","18,8","0,0","0,0","1,0","0,0","0,1","1,0","2,0","1,0","0,0","1,0","0,0","0,0","1,0","0,0","1,0","0,0","0,0","9,1","0,1","0,0","0,0","0,0","0,0","15,5","1,0","0,0","1,0","0,0","0,0","0,0","1,0","0,0","0,0","0,0","0,1","1,0","0,1","0,0","1,0","1,0","0,0","0,0","0,1","0,0","0,0","1,0","0,0","1,0","1,0","0,0","0,1","0,0","0,0","1,0","0,0","0,2","0,0","0,0","0,1","0,0","0,1","0,0","0,0","2,1","1,0","1,0","1,0","0,1","1,0","0,0","1,0","0,0","0,0","1,0","2,0","2,0","0,0","0,0","0,0","0,0","0,0","2,1","2,1","1,0","2,0","0,0","0,0","0,0","1,0","1,0","1,0","0,0","0,0","0,1","4,2","1,0"
"1,0","0,0","0,0","0,0","0,0","1,0","0,0","0,0","1,0","0,1","0,0","1,0","1,0","1,0","1,0","1,0","0,0","1,0","1,2","3,2","1,0","0,0","1,0","15,6","1,0","1,0","1,0","0,0","0,0","0,0","1,0","1,0","1,0","0,0","1,0","0,0","1,0","1,0","1,0","0,1","3,1","1,0","1,0","0,0","1,0","1,0","1,0","0,1","8,3","0,0","1,0","0,0","1,0","0,1","0,0","0,0","0,1","1,0","1,0","1,0","15,3","0,0","1,0","1,0","0,0","1,0","1,0","0,0","0,0","1,0","0,0","0,1","1,0","0,1","0,0","1,0","0,0","1,0","0,0","0,0","1,0","1,1","0,0","1,0","0,0","0,0","0,0","0,0","1,0","0,0","1,0","0,2","1,0","0,0","0,0","0,0","0,0","0,0","0,0","0,0"
"0,0","0,0","0,1","1,0","0,0","0,1","0,0","0,0","1,0","0,1","0,0","1,0","0,1","0,0","0,0","0,0","0,0","0,0","0,0","0,0","1,0","0,0","0,0","1,2","0,0","0,0","0,0","0,0","0,1","1,0","0,0","4,0","0,0","1,0","6,1","1,0","2,0","0,0","4,0","0,0","3,2","0,0","1,0","0,0","1,0","1,0","0,0","1,0","1,1","0,0","1,0","0,1","0,0","0,1","0,0","10,5","0,0","0,0","0,0","1,0","0,0","2,0","1,0","0,0","1,0","0,0","1,0","1,0","0,1","0,0","0,0","1,0","0,0","0,0","0,1","0,0","6,1","0,0","0,1","0,0","1,0","0,0","0,1","1,0","0,0","2,1","1,0","1,0","1,1","1,0","0,0","1,0","0,0","0,1","0,1","1,0","1,0","0,0","0,0","1,0"
"1,1","0,0","0,0","0,0","0,0","0,0","0,0","0,0","0,0","0,0","1,0","1,0","0,0","1,0","1,0","1,0","0,0","2,0","1,0","0,0","0,1","0,1","4,1","0,0","0,0","3,1","0,0","1,0","2,0","0,0","1,0","0,0","1,1","1,0","1,0","0,0","1,0","1,0","1,0","4,2","0,0","0,0","0,1","1,0","3,0","0,0","1,0","1,0","0,0","3,0","0,0","0,0","1,0","0,0","1,0","0,0","0,0","0,1","0,0","1,0","0,0","0,0","0,0","1,0","1,0","3,2","1,0","1,0","0,0","0,0","0,0","2,0","0,0","0,1","0,0","1,0","1,0","1,0","0,0","1,0","5,0","0,0","1,0","0,0","1,0","1,0","0,0","0,1","6,1","0,1","0,0","0,0","0,0","0,0","0,1","0,0","0,0","0,0","0,0","0,1"
"0,0","1,0","0,0","1,0","1,0","8,0","0,0","0,0","1,0","0,0","0,0","0,0","0,0","0,0","0,0","0,0","0,0","0,0","0,0","1,0","0,0","1,0","2,0","0,0","0,0","4,2","0,0","1,0","1,0","0,0","1,0","0,0","0,0","1,0","2,0","1,0","0,0","1,0","1,0","0,1","1,0","1,0","0,0","0,1","0,1","5,1","1,0","1,0","0,0","0,0","1,0","2,0","0,0","1,0","1,0","1,0","0,0","1,0","1,0","1,0","0,1","1,0","0,0","0,0","1,0","1,0","1,0","0,1","0,1","1,0","0,0","1,0","0,0","1,0","1,0","0,1","2,1","0,0","1,0","1,0","1,0","4,0","1,0","0,0","0,0","0,0","0,1","0,0","1,1","0,0","4,1","1,0","4,2","1,1","0,0","1,0","0,1","0,0","0,0","0,0"
"0,1","0,1","1,0","0,0","1,0","1,0","0,0","2,1","0,0","0,0","2,2","0,1","1,0","0,1","0,0","0,0","0,1","3,0","1,0","0,0","1,0","0,1","0,0","0,0","0,0","1,0","1,0","1,0","1,0","0,0","1,0","0,0","2,0","0,0","0,0","0,0","1,0","2,0","0,0","0,0","1,0","0,0","0,0","0,0","2,1","0,0","1,0","1,0","1,0","1,0","1,0","1,0","0,1","0,0","0,0","1,0","0,0","10,6","0,0","0,0","0,0","0,0","0,0","1,0","0,0","0,0","0,0","0,0","0,0","0,0","1,0","1,0","1,0","0,0","1,1","1,0","4,0","1,0","0,0","1,0","1,3","0,0","1,0","0,0","0,0","1,0","0,0","0,0","1,0","0,0","1,0","1,0","0,0","1,0","0,0","1,0","0,0","0,0","0,1","0,0"
"1,0","0,1","1,0","0,1","1,0","0,0","0,0","0,0","0,0","1,0","0,0","0,0","0,1","1,0","0,0","0,0","0,0","0,0","1,3","0,0","1,0","0,1","0,1","0,0","1,0","1,0","0,0","1,0","0,1","1,0","0,0","0,0","0,0","1,0","0,0","0,0","1,0","0,0","0,0","0,0","0,0","0,0","2,0","1,0","0,0","0,0","0,0","6,2","0,0","1,0","0,0","1,0","0,1","5,0","1,0","0,0","0,1","1,0","0,0","1,0","1,0","1,1","0,0","2,0","1,0","0,0","1,0","1,0","0,0","0,2","0,0","0,0","0,0","0,0","1,0","0,0","0,0","0,0","0,0","0,0","2,1","5,3","0,0","0,1","0,0","0,0","0,0","1,0","1,0","1,0","0,0","0,0","0,0","0,0","0,1","0,1","1,0","0,0","0,0","0,0"
"0,0","1,0","0,0","0,0","0,0","1,0","0,0","0,1","0,0","1,0","0,0","0,0","0,0","1,0","1,0","0,0","1,0","1,0","0,0","0,0","15,6","0,0","1,0","1,0","0,0","1,0","1,0","0,1","5,1","1,0","0,0","0,0","0,0","0,0","1,0","1,1","1,0","0,1","0,0","0,0","0,0","1,0","0,0","0,0","0,0","0,0","1,0","1,0","1,0","0,0","1,0","0,0","1,0","0,0","0,0","0,0","1,0","0,0","0,1","0,0","6,1","0,0","8,4","0,0","0,0","2,1","0,2","0,0","0,0","0,0","0,0","0,0","0,0","0,0","0,0","0,1","0,0","0,1","0,0","3,1","1,0","1,0","0,1","1,0","0,1","0,0","0,0","0,0","0,0","1,0","0,0","0,0","1,0","1,0","0,0","0,0","0,0","0,0","1,0","0,0"
"1,0","3,0","0,1","3,1","1,0","1,0","0,0","0,1","0,1","0,0","0,0","0,1","1,0","0,0","2,0","3,0","0,1","0,0","0,1","0,0","0,0","0,0","1,0","0,0","1,0","0,1","3,1","0,0","1,0","2,0","1,0","0,0","0,1","0,0","0,0","0,0","1,0","0,0","0,1","0,0","0,1","0,0","1,0","0,1","1,0","0,1","1,0","0,0","0,0","0,0","0,0","0,0","1,0","2,2","1,0","0,1","1,0","0,0","1,0","1,0","1,0","1,0","0,0","0,0","0,0","1,0","0,1","0,0","0,1","1,0","0,0","0,1","1,0","0,0","0,0","1,0","0,0","1,0","0,0","0,0","0,1","1,0","0,1","1,0","0,0","1,0","0,1","0,0","1,0","1,0","1,0","1,0","1,0","0,0","1,0","0,0","0,0","0,0","0,1","0,1"
"1,0","1,0","0,0","0,0","0,1","0,0","1,0","0,0","0,0","2,2","1,0","0,0","1,0","0,1","0,0","0,0","0,0","1,0","0,1","0,0","8,3","1,0","0,0","0,0","0,1","1,0","1,0","0,0","1,0","0,0","1,1","0,0","0,0","9,5","0,0","0,0","0,1","1,0","1,0","0,0","1,0","3,0","1,0","3,5","1,0","3,0","0,0","0,1","0,0","1,0","0,0","1,0","0,0","1,0","0,0","0,0","0,0","0,0","0,1","6,2","1,0","2,1","0,0","0,0","1,0","0,0","1,1","1,0","0,0","0,1","1,0","0,0","0,0","0,1","0,0","0,0","0,0","0,0","1,0","0,0","0,0","0,0","0,0","1,0","1,0","1,0","0,0","0,1","0,1","0,0","0,0","1,1","0,1","0,0","1,0","0,1","0,0","0,0","0,0","1,0"
"0,0","0,0","0,1","1,0","0,0","0,0","5,7","1,0","0,0","0,0","1,0","1,0","1,0","0,0","1,0","1,0","1,0","0,1","9,2","1,0","1,0","0,0","0,0","1,0","1,0","1,0","6,3","3,1","1,0","0,0","1,0","0,1","0,0","1,0","0,0","2,0","1,0","0,0","1,0","2,3","1,0","0,0","1,0","0,0","0,0","0,0","0,0","1,0","1,0","1,0","0,1","0,1","0,0","0,0","0,0","0,0","0,0","1,0","1,0","0,0","1,0","11,2","1,0","3,3","1,0","1,0","0,0","0,0","0,0","0,1","0,0","0,0","0,0","1,0","0,0","0,0","0,0","0,0","1,0","1,0","0,0","1,0","0,0","0,0","0,1","0,0","0,0","1,0","0,0","1,0","0,0","1,0","1,0","0,1","0,0","1,0","0,0","0,0","0,0","0,1"
"1,0","0,1","0,0","1,0","1,0","1,0","0,0","0,0","0,0","0,0","1,0","1,0","0,0","0,0","1,0","0,1","1,0","1,0","0,0","0,0","0,0","0,1","0,0","0,0","2,2","0,1","1,0","0,1","1,0","2,0","1,0","9,1","0,0","8,0","1,0","0,0","2,4","0,0","0,1","1,0","0,0","4,1","0,0","0,0","1,0","0,1","0,0","1,1","0,0","0,0","0,1","0,0","1,0","0,0","0,1","0,0","0,0","0,1","0,1","0,0","1,0","0,1","1,0","1,0","0,0","0,0","0,0","0,0","1,0","1,1","1,0","1,0","0,1","5,5","1,0","0,0","3,0","0,0","0,1","0,0","0,0","0,0","0,1","0,0","0,0","0,1","1,0","1,0","0,0","3,0","1,0","0,1","0,0","1,0","1,1","0,1","2,0","0,1","0,1","0,0"
"0,1","1,0","1,0","0,0","0,1","1,0","0,0","0,0","0,0","1,0","0,0","0,0","0,0","1,0","0,0","1,0","1,0","0,0","0,1","0,0","0,0","1,0","0,0","1,0","0,0","0,1","1,0","0,0","2,0","3,0","4,4","0,0","0,0","1,0","1,0","1,0","0,0","0,1","1,0","0,0","0,0","10,1","0,0","2,2","1,0","0,1","3,0","0,0","1,0","1,0","0,0","1,0","1,0","1,2","0,0","0,0","0,0","0,0","1,0","0,0","0,1","1,0","0,0","1,0","1,0","1,0","0,1","0,0","0,0","0,0","0,0","1,0","0,1","0,0","0,3","0,0","0,0","18,9","1,0","2,1","0,0","1,0","0,0","1,0","0,0","1,0","1,0","0,1","2,0","1,0","1,1","0,0","0,0","0,0","0,1","1,0","0,0","1,0","0,0","0,0"
"0,0","0,0","0,0","2,0","0,0","0,0","19,10","0,0","0,1","0,0","1,0","1,0","1,0","0,1","2,0","4,1","20,13","7,6","0,0","1,0","1,0","1,0","8,6","0,0","0,1","0,0","0,1","0,1","0,0","0,0","3,0","6,2","1,0","3,1","0,0","0,0","1,0","0,0","1,0","3,2","0,0","4,0","5,1","1,0","1,0","0,0","0,0","1,0","0,0","2,1","0,0","0,0","1,0","0,1","2,0","1,0","0,0","0,0","0,0","0,0","0,0","1,0","0,0","1,0","0,0","0,0","1,0","0,0","0,0","1,0","1,0","0,1","0,0","0,0","0,0","1,0","0,0","1,0","1,0","0,0","2,0","0,0","0,0","0,0","3,0","0,0","0,0","0,0","0,0","0,0","0,0","0,0","0,0","0,0","1,0","0,0","0,0","0,0","0,1","0,1"
"0,0","0,0","0,0","1,0","0,0","1,0","0,1","1,0","0,0","0,0","2,0","0,0","0,0","4,1","1,0","0,0","0,0","1,0","0,0","0,0","0,1","0,0","0,0","1,0","1,0","0,1","2,0","0,0","0,0","1,0","0,0","0,0","0,0","0,0","0,0","0,0","0,0","0,0","1,0","0,0","0,0","1,0","4,2","0,0","0,0","0,0","1,0","1,0","0,1","3,0","0,1","3,1","1,0","1,0","0,0","1,1","1,0","1,0","0,0","20,7","0,0","1,0","0,0","0,0","0,0","0,1","1,0","0,0","0,0","1,0","0,1","0,0","1,0","1,0","1,0","0,0","0,0","1,0","0,0","0,0","1,0","0,0","1,0","1,0","0,0","1,0","0,0","1,0","0,0","0,0","1,0","0,0","0,0","0,0","1,0","1,0","0,0","1,0","0,0","1,0"
"0,0","1,0","0,0","1,0","2,1","1,0","1,0","1,0","2,1","0,1","0,1","0,0","1,0","0,0","0,0","1,0","7,2","1,0","0,1","0,0","1,0","0,1","3,0","1,0","5,2","1,0","0,0","1,0","0,0","0,1","1,0","0,0","0,0","1,0","0,0","0,0","1,0","0,1","1,0","1,0","3,0","0,1","1,0","1,0","0,0","0,0","0,0","1,0","0,0","1,0","0,1","3,1","0,0","0,0","2,1","0,0","1,0","0,0","1,0","0,0","0,0","0,0","1,0","0,3","0,0","1,0","3,0","23,5","0,0","0,0","0,1","1,0","1,0","0,0","1,0","2,0","0,0","0,0","0,0","0,0","0,0","1,1","1,0","13,6","1,0","0,0","0,0","1,0","1,0","0,0","0,0","0,0","1,0","0,0","15,6","0,0","0,1","0,0","0,0","0,0"
"1,0","1,0","3,2","0,0","0,0","0,0","1,0","0,1","0,1","0,0","0,1","2,0","0,0","0,0","0,0","1,0","0,1","0,0","2,0","1,0","1,0","0,0","2,1","0,0","1,0","0,0","0,0","1,0","1,0","0,1","0,0","0,0","1,0","1,0","0,0","1,0","0,0","0,0","1,0","0,0","0,0","1,0","1,0","2,3","0,1","0,0","0,0","0,0","0,0","0,1","0,0","0,0","0,0","0,0","0,0","0,0","0,0","0,0","0,0","1,0","0,1","0,0","1,0","1,0","1,0","1,0","0,0","1,0","1,0","0,0","0,0","0,1","0,0","0,0","0,0","0,0","0,0","0,1","0,1","1,0","0,0","0,0","0,0","0,0","1,0","1,0","0,0","0,1","1,0","1,0","0,0","0,0","0,0","0,0","1,0","1,0","0,1","0,0","0,0","0,0"
"0,0","0,1","0,0","1,0","1,0","0,1","1,0","1,0","0,0","0,0","0,0","1,0","1,0","0,0","0,0","1,0","1,0","1,0","0,0","0,1","1,0","0,0","0,0","0,0","0,0","1,0","12,4","1,0","0,0","0,0","0,1","0,0","0,0","0,0","0,0","0,0","0,0","2,2","1,0","0,0","0,0","1,0","1,0","0,0","1,0","0,0","1,1","0,0","0,0","0,0","1,0","0,1","1,0","1,0","1,0","0,2","0,0","0,0","1,0","0,0","0,1","0,0","1,1","0,0","0,1","0,0","0,0","0,1","0,0","1,0","1,0","6,1","1,0","1,0","8,6","0,0","0,0","0,0","0,0","0,1","0,0","1,0","0,0","1,0","0,1","0,0","1,0","0,0","2,0","0,0","0,0","1,0","0,0","0,0","0,0","0,0","0,0","0,0","1,0","7,2"
"1,0","0,0","0,0","1,0","2,0","0,0","1,0","0,0","0,0","0,0","0,0","0,0","1,1","3,1","1,0","0,1","1,0","0,1","0,0","0,0","0,0","1,0","0,0","1,0","1,0","0,0","0,0","2,1","0,1","0,0","7,3","0,0","0,0","0,1","1,0","1,0","0,1","0,1","0,0","1,0","0,0","1,0","0,0","0,0","0,0","0,0","0,0","1,0","0,0","0,0","4,1","1,1","1,0","0,0","0,1","0,1","0,0","1,0","0,0","1,0","1,0","0,1","0,0","0,1","0,1","1,0","0,0","1,0","4,0","1,0","0,0","0,0","0,0","1,0","0,0","0,0","0,0","1,0","0,0","0,0","0,0","1,0","0,0","0,1","0,0","0,0","0,0","1,0","1,0","0,1","1,0","0,0","0,0","0,0","1,0","0,0","0,1","1,0","3,0","0,0"
"1,0","1,0","0,1","0,0","1,0","0,0","0,0","0,0","4,0","0,0","0,0","0,0","11,1","0,0","0,0","1,0","0,0","0,0","4,1","1,0","0,0","0,0","0,0","1,0","1,0","4,2","2,0","0,0","1,0","1,0","0,0","1,0","1,1","0,0","1,0","0,1","0,0","0,0","1,0","1,0","0,0","0,0","0,0","0,1","0,0","0,0","0,0","0,0","0,1","0,1","1,0","1,0","0,0","3,3","0,0","1,0","1,0","1,0","1,0","3,0","0,0","0,0","0,0","1,0","0,0","0,1","0,0","0,1","0,0","0,0","0,0","0,0","0,0","0,0","1,0","0,0","0,0","0,0","0,0","1,0","0,0","0,0","0,1","0,0","1,0","0,0","0,0","1,0","1,0","1,0","1,0","8,4","1,0","1,1","0,0","1,0","0,0","2,0","0,0","1,0"
"1,0","0,0","0,1","0,0","0,0","1,0","0,0","0,1","1,0","0,0","0,0","0,0","0,0","1,0","0,1","2,0","0,0","1,0","5,3","1,0","0,1","1,0","0,1","1,0","1,0","1,0","1,2","1,0","0,1","1,0","2,1","0,0","1,0","0,0","0,0","0,1","0,0","1,0","1,0","1,0","1,0","0,0","0,0","1,0","0,0","1,0","1,0","0,0","0,0","0,0","0,0","0,0","4,0","0,0","0,0","0,0","6,1","0,1","1,0","0,0","1,0","0,0","0,0","0,0","0,0","1,0","2,2","2,0","10,4","0,1","0,0","0,0","0,0","0,0","0,0","0,0","2,1","0,0","0,0","1,0","0,1","1,0","1,0","1,0","0,0","0,0","0,0","4,1","0,0","0,1","36,11","0,0","0,0","0,1","1,0","0,0","5,4","0,0","1,0","0,0"
"0,0","1,0","0,0","0,1","0,0","1,0","0,0","0,0","0,0","0,1","2,0","0,0","0,0","0,0","4,3","1,0","0,0","0,0","0,0","0,0","0,0","0,0","0,1","0,0","0,0","1,0","0,0","0,0","0,0","0,0","1,0","1,0","0,0","1,0","0,0","0,0","0,0","0,0","0,0","0,0","3,0","1,0","0,0","0,0","0,0","0,0","0,0","1,0","0,0","1,0","0,0","1,0","0,0","2,0","1,1","1,0","0,0","1,0","0,0","0,0","0,0","3,2","2,0","1,0","0,0","0,0","0,0","1,0","0,0","0,0","0,0","1,0","0,0","0,1","0,0","1,0","0,0","0,1","0,0","1,0","0,0","2,1","1,0","0,0","0,0","10,5","4,1","1,0","0,0","1,0","0,0","1,0","0,1","0,1","1,0","6,4","0,0","1,0","0,0","0,0"
"0,0","1,0","1,1","2,2","1,0","1,0","1,0","0,0","0,0","0,0","1,0","0,1","13,4","0,0","0,0","0,0","1,0","0,1","0,0","0,0","1,0","0,0","0,0","0,1","0,0","1,0","0,0","0,0","0,0","1,0","1,0","1,0","0,0","6,1","0,1","3,1","1,0","0,0","0,1","0,0","0,0","0,0","1,0","0,1","1,0","0,1","0,0","0,0","1,0","1,0","6,1","0,0","0,0","0,0","0,2","0,0","0,0","1,0","0,0","0,0","1,0","0,0","0,0","0,1","1,2","0,0","0,0","1,0","0,0","0,0","0,0","0,1","0,0","0,0","1,0","0,0","1,0","2,0","0,0","1,0","0,0","0,0","0,0","1,0","0,0","0,0","0,1","0,1","2,1","1,0","1,0","0,0","2,1","1,0","0,0","0,0","0,0","0,0","0,1","0,0"
"0,0","0,0","1,0","1,0","1,0","1,0","1,0","0,0","0,0","1,0","2,0","1,0","0,0","1,0","0,0","0,0","1,0","1,0","0,0","0,0","2,0","1,0","1,0","0,0","0,0","1,0","1,0","1,0","1,0","0,0","1,0","0,0","1,0","0,0","1,0","0,0","0,0","0,0","1,0","0,0","0,0","0,0","0,0","1,0","0,0","0,0","1,0","0,0","1,0","0,0","0,1","1,0","1,0","1,1","1,0","0,0","1,0","0,1","5,1","1,0","0,0","1,0","0,0","1,0","0,0","1,0","0,0","1,0","0,0","0,0","0,0","2,0","2,0","1,0","6,4","1,0","0,0","0,1","0,1","1,0","1,0","2,0","1,0","4,0","0,0","1,0","1,0","1,0","0,0","0,0","1,0","0,0","0,0","0,0","0,0","0,0","0,0","3,2","1,0","0,1"
"0,0","1,1","0,0","0,0","2,1","0,0","1,0","0,2","0,0","0,0","0,0","0,0","1,0","0,0","0,0","1,0","1,0","0,0","0,0","0,0","1,0","1,0","0,0","1,0","1,1","0,0","0,0","1,0","0,1","0,0","1,2","36,19","0,0","0,1","0,1","1,0","0,1","1,0","1,0","1,0","5,0","0,0","1,0","0,0","0,0","1,0","2,0","1,0","0,1","3,0","0,0","1,0","16,11","0,0","0,1","0,0","0,0","1,0","0,0","0,0","0,0","0,0","0,0","1,0","1,0","0,1","0,1","1,0","1,0","1,0","0,0","0,1","2,0","0,0","0,0","30,9","1,0","1,0","0,0","0,0","1,0","1,0","0,0","0,0","0,0","0,0","1,0","1,0","0,0","0,1","0,1","0,0","0,0","2,0","0,0","0,0","0,0","0,0","0,0","0,0"
"0,0","0,0","0,0","1,0","0,0","20,9","1,0","0,0","1,0","1,0","0,1","1,0","0,0","0,0","4,3","0,0","0,1","0,0","0,0","0,0","0,0","0,0","0,0","1,0","1,0","1,0","0,1","0,0","0,0","0,0","1,0","1,0","1,0","1,0","1,1","2,2","0,0","1,0","1,0","1,0","0,1","0,0","1,0","1,0","0,1","0,0","1,0","11,3","0,0","1,0","0,0","0,1","0,0","0,1","1,0","0,0","0,0","1,0","1,0","0,0","0,0","0,0","1,0","1,0","1,0","0,0","1,0","1,0","0,0","1,0","0,0","0,1","1,0","0,0","1,0","0,0","0,0","0,1","1,0","0,0","0,1","1,0","1,0","0,0","0,0","0,0","1,1","0,0","1,0","0,1","1,0","0,0","0,0","1,0","0,0","1,0","1,0","3,0","0,0","0,1"
"0,0","0,0","2,2","0,1","1,0","0,0","0,0","0,1","1,0","0,0","0,1","0,0","0,0","4,2","0,0","1,0","0,0","0,0","0,1","0,1","0,0","0,0","0,0","0,0","0,0","0,0","0,0","2,0","1,0","0,0","0,0","0,0","2,0","0,0","1,0","1,0","0,1","0,0","1,0","2,1","1,0","0,1","8,5","0,1","1,0","0,0","0,0","9,3","0,1","4,2","0,1","1,0","1,0","0,0","3,3","1,0","0,0","1,0","0,0","0,0","0,0","1,0","0,0","0,0","1,0","0,0","0,0","17,7","0,0","1,0","1,0","1,0","0,0","1,0","1,0","2,0","0,0","0,0","0,0","1,0","8,1","0,0","0,1","0,0","1,0","1,0","0,0","1,0","0,1","0,0","1,0","1,0","0,0","2,0","1,0","1,0","0,0","1,0","0,0","0,0"
"0,0","3,2","1,0","0,1","0,1","1,0","0,1","0,0","0,0","0,0","0,0","1,3","0,0","1,0","1,0","0,0","0,1","0,1","0,0","1,0","0,0","1,0","7,2","0,0","0,1","9,3","0,1","1,0","0,0","0,0","0,0","0,0","0,0","1,0","0,0","0,0","1,0","0,0","0,0","1,0","0,0","0,0","1,0","1,0","0,0","1,0","13,5","1,0","1,0","0,0","0,0","1,0","9,4","0,0","1,0","1,0","0,0","1,0","0,0","1,0","0,0","0,1","10,2","1,0","1,0","1,0","0,0","0,1","0,0","1,0","0,0","0,0","0,0","0,0","0,0","0,1","0,0","0,1","0,0","0,0","2,1","0,1","1,0","1,0","0,0","0,0","0,0","0,0","0,0","0,0","0,1","2,0","0,1","1,0","0,1","1,0","0,0","1,0","2,1","16,5"
"0,0","0,0","0,0","1,0","2,1","28,8","1,0","0,0","28,15","0,0","0,1","1,0","0,0","1,0","0,0","0,0","1,0","0,0","4,2","0,0","0,0","1,0","0,0","0,0","0,0","0,0","1,0","0,0","1,0","0,0","1,0","0,0","1,0","1,0","0,0","0,1","0,0","0,0","1,0","1,0","6,4","0,0","1,2","1,0","2,1","0,0","0,0","1,0","1,0","0,0","0,0","1,0","0,0","0,0","0,0","0,0","0,0","0,0","0,0","0,0","0,0","0,1","1,0","0,0","0,1","0,0","1,0","0,1","0,0","9,4","1,0","0,0","0,0","1,0","1,0","9,4","0,0","0,0","0,0","1,0","2,2","1,0","0,0","1,0","0,1","0,0","0,0","0,0","0,1","1,1","1,0","3,3","1,0","0,1","1,0","1,0","0,1","0,0","1,0","0,0"
"0,1","0,0","1,0","1,0","0,1","0,0","1,0","0,0","0,0","0,0","0,0","0,0","1,0","1,0","1,0","1,0","0,0","1,0","0,0","1,0","0,0","1,0","0,1","1,0","1,0","1,0","0,0","1,0","1,0","1,0","0,0","1,1","0,0","1,0","0,1","0,0","0,1","0,0","14,3","0,0","0,0","3,2","0,0","0,0","1,0","0,1","0,0","6,4","0,0","1,0","0,0","0,0","0,0","0,0","0,0","0,0","1,0","1,0","0,1","0,0","1,0","1,0","1,0","1,0","0,0","0,1","1,0","0,0","1,0","2,1","0,0","0,0","0,0","1,0","1,0","0,0","1,1","1,0","15,7","1,0","0,1","1,0","1,0","1,0","0,1","0,0","0,1","0,0","1,0","0,0","0,0","0,0","1,0","1,0","0,0","2,1","1,0","0,0","0,0","1,0"
"0,0","0,0","1,0","1,0","0,0","0,0","1,0","0,0","1,1","0,0","2,0","0,0","2,0","0,1","1,0","0,0","1,0","2,3","1,0","0,1","0,1","1,0","0,1","1,0","1,0","1,0","0,1","0,0","3,1","1,0","0,0","1,0","0,0","0,0","1,0","0,0","1,1","3,0","1,0","1,0","0,0","0,0","0,0","1,1","1,0","0,0","0,0","2,0","1,0","1,0","0,0","1,0","0,0","1,0","1,0","1,0","0,0","0,0","0,0","0,0","1,0","0,0","1,0","0,0","0,0","2,0","0,0","0,0","1,0","0,0","1,1","4,1","1,0","0,0","1,0","1,0","0,0","7,2","0,0","1,0","0,0","0,0","0,0","0,0","0,0","0,1","1,0","0,0","1,0","6,2","16,16","1,0","0,0","0,0","0,0","3,1","0,1","0,0","0,0","1,0"
"3,0","1,1","0,0","2,1","0,1","0,1","0,0","0,0","0,0","0,0","1,0","0,0","1,0","0,4","0,0","0,1","0,0","0,1","1,0","1,0","0,0","0,0","0,0","0,0","6,6","0,0","0,1","0,0","0,0","0,0","1,0","0,0","1,0","0,0","0,0","0,1","0,1","8,1","0,1","0,0","1,0","0,0","1,0","0,0","0,0","0,0","1,0","0,0","0,0","4,1","0,0","12,1","0,0","0,0","1,0","0,0","4,0","1,0","3,1","1,0","0,0","1,0","1,0","0,0","0,0","1,0","0,0","0,1","0,0","3,0","0,1","0,0","0,0","2,0","6,1","1,0","1,0","1,0","1,0","0,0","0,1","0,0","1,0","2,3","4,1","0,0","0,0","0,0","1,0","0,0","1,0","1,0","2,1","0,1","2,0","0,1","1,0","1,0","1,0","0,0"
"1,0","0,0","0,0","0,0","1,0","0,1","0,0","0,0","0,0","1,0","0,1","0,0","1,0","2,1","1,0","0,0","6,1","1,0","1,0","1,0","0,0","0,0","0,0","1,0","0,0","0,0","0,1","0,0","1,0","0,0","3,2","1,0","1,0","0,1","1,0","0,0","1,0","0,0","1,0","1,0","0,0","1,0","1,0","0,0","1,0","0,0","0,0","0,0","1,0","0,0","0,0","0,2","1,0","1,0","1,0","0,0","0,0","1,0","0,0","0,0","0,0","1,0","0,0","1,0","1,0","0,0","0,1","1,0","0,1","0,0","0,1","0,0","0,0","0,0","0,1","1,0","1,0","1,0","0,0","0,0","0,0","0,0","1,0","1,0","0,1","0,0","0,0","1,0","1,0","1,0","0,0","0,1","0,0","1,0","1,0","0,0","0,0","0,0","0,0","0,0"
"2,0","1,0","1,0","1,0","0,1","0,0","0,0","1,0","0,0","0,1","0,0","0,0","1,0","1,0","1,1","0,0","1,0","1,0","0,0","1,0","1,0","0,0","0,0","1,0","0,1","1,0","0,1","8,4","0,0","0,0","0,0","0,0","1,0","0,1","8,0","0,0","8,0","0,0","0,0","0,0","9,1","1,0","1,0","1,0","7,1","0,0","0,0","1,0","1,0","0,0","1,0","0,0","0,0","0,0","0,0","0,0","0,0","0,1","0,0","0,0","1,0","0,0","1,0","0,0","0,0","0,0","0,1","1,0","1,0","1,0","0,0","0,0","1,0","0,0","5,0","0,0","0,1","0,0","0,0","1,0","0,0","0,0","1,0","0,1","1,0","1,0","1,0","1,0","0,0","1,0","0,0","7,1","0,0","0,0","1,0","1,0","1,0","0,1","0,0","0,0"
"0,1","0,0","1,0","0,0","0,0","0,0","0,0","2,0","1,0","0,0","0,0","0,0","1,0","0,0","1,0","0,0","0,0","0,0","2,1","0,0","0,0","0,0","0,0","1,0","1,0","1,0","0,0","0,0","0,0","8,2","0,0","0,0","0,0","0,0","1,0","1,0","0,0","0,0","0,1","1,0","1,0","1,0","0,0","2,0","0,0","0,1","0,1","1,0","0,0","1,0","1,0","0,1","0,0","1,0","0,1","0,0","0,0","0,1","0,0","0,0","0,0","1,0","1,0","0,1","0,0","0,0","0,0","2,0","0,0","0,0","0,0","5,2","2,1","0,0","0,0","1,0","0,0","1,0","0,0","0,0","1,0","1,0","0,0","1,0","1,0","1,0","0,0","0,0","0,0","0,0","1,1","0,0","1,0","1,0","1,0","0,0","1,0","2,1","0,0","0,0"
"0,1","0,1","1,0","0,1","1,0","1,0","0,0","0,0","0,0","2,0","3,1","0,0","0,0","1,0","0,0","1,0","1,0","0,0","0,0","1,0","1,0","1,0","1,0","0,0","0,1","0,0","0,0","0,0","0,0","0,0","1,0","1,0","0,0","0,1","0,0","11,5","0,1","0,0","0,0","0,0","0,0","0,1","0,0","3,1","0,0","0,0","1,0","0,0","1,0","0,0","1,0","1,0","0,0","0,1","1,0","0,0","0,0","19,3","5,1","0,0","0,0","11,1","0,0","1,0","0,0","0,0","0,0","1,0","0,1","0,0","1,0","0,1","0,0","0,0","0,1","8,3","0,0","1,0","0,0","1,0","0,0","1,0","1,0","0,0","0,0","35,10","2,0","0,0","1,0","0,0","2,0","0,0","1,0","1,0","8,1","1,0","0,0","0,0","0,0","0,0"
"0,0","0,1","1,0","0,0","0,0","1,0","0,0","1,0","1,0","0,0","0,1","1,0","0,0","0,0","0,0","1,0","0,0","0,0","1,0","0,0","0,1","0,0","0,1","1,0","0,0","4,4","0,0","0,1","1,0","1,1","0,0","0,1","0,0","0,1","2,0","1,0","1,0","0,0","0,0","0,0","1,0","1,0","0,0","0,0","1,0","0,1","0,0","1,0","1,0","1,0","0,0","0,0","5,3","0,1","0,1","1,0","0,0","0,0","0,0","0,0","0,0","1,0","13,4","1,0","1,0","0,0","0,0","1,0","1,0","1,0","0,0","1,0","6,0","0,0","0,0","1,1","0,0","0,0","1,0","0,0","1,0","24,15","0,0","1,0","1,0","0,0","1,0","1,0","0,1","0,0","0,1","0,0","1,0","1,0","0,0","2,0","1,0","0,0","1,0","1,0"
"0,0","1,0","0,0","1,0","0,0","0,0","1,0","0,0","0,0","1,0","0,1","1,0","0,0","12,3","0,0","0,0","1,0","1,0","1,0","1,0","5,2","0,0","1,0","1,0","0,1","0,0","1,3","0,0","0,0","1,0","1,0","11,1","0,0","0,0","1,0","0,1","0,0","0,0","1,0","1,0","1,0","1,0","1,1","0,1","0,0","1,0","1,0","0,0","0,0","0,0","0,0","5,0","0,0","13,1","1,0","0,0","0,1","0,0","0,1","2,0","0,0","0,0","2,0","0,0","0,0","0,0","0,0","2,0","0,0","1,0","1,0","1,0","0,0","0,1","1,0","1,0","1,0","23,4","0,1","0,0","0,0","0,0","1,0","1,0","3,0","0,0","0,0","0,0","1,0","7,3","0,0","0,0","0,0","0,0","1,0","0,0","0,0","0,0","0,1","7,0"
"2,1","1,0","0,0","0,0","0,0","0,0","1,0","0,0","0,0","0,0","0,0","0,0","0,0","0,0","0,0","1,0","0,1","1,0","0,0","1,0","0,0","0,1","0,0","0,0","1,0","0,0","0,0","0,0","1,0","1,0","1,0","0,0","1,0","0,0","0,1","0,0","11,5","0,0","6,0","1,0","1,0","0,0","1,0","0,1","0,0","0,0","0,0","0,0","1,1","1,1","0,0","0,0","0,0","0,0","0,0","1,0","0,0","1,0","1,0","0,1","1,0","1,0","0,0","6,0","0,1","0,0","0,0","0,0","0,0","1,0","0,0","9,0","0,0","0,0","0,0","0,0","2,0","0,0","1,1","1,0","0,0","0,0","1,0","17,7","2,2","0,0","1,0","0,1","1,0","0,0","0,0","1,0","0,0","1,0","0,0","0,0","0,0","0,0","0,0","0,0"
"0,0","1,0","0,0","0,1","1,0","0,0","0,0","0,0","1,0","0,0","0,0","0,0","1,0","0,0","0,0","3,0","0,1","0,0","1,1","0,0","1,0","0,0","1,2","1,0","0,0","0,0","1,0","0,0","0,0","0,1","1,0","0,0","0,0","1,0","1,0","1,0","0,2","1,0","0,0","0,0","0,0","1,0","3,0","0,0","1,0","1,0","0,0","0,0","0,0","0,0","1,0","0,0","0,0","23,11","0,0","6,3","0,0","1,0","0,0","0,1","1,0","0,0","0,0","0,0","1,0","0,1","0,0","0,0","0,0","0,0","1,0","0,0","0,0","1,0","0,0","1,0","1,0","0,0","0,1","0,0","0,0","0,0","0,0","1,0","5,1","1,0","27,9","1,0","0,0","3,1","4,2","1,0","0,0","2,1","0,0","0,0","0,0","1,0","0,0","0,1"
"1,0","1,0","0,0","0,0","3,0","0,1","8,0","0,1","1,0","1,0","1,0","0,2","1,0","14,4","1,0","0,0","0,0","0,0","1,0","1,0","1,0","0,0","1,0","1,0","1,0","2,1","0,0","0,0","0,0","0,0","0,0","2,0","0,0","0,0","0,0","0,0","0,1","1,0","1,1","0,0","0,0","0,0","0,0","1,0","0,0","0,0","0,1","0,0","0,0","0,0","0,0","1,0","1,0","1,0","0,0","0,0","0,0","0,0","0,0","0,0","0,0","11,1","0,0","2,2","1,0","0,0","0,1","0,0","1,0","1,0","1,0","1,0","1,0","1,0","1,0","0,0","0,1","0,0","3,0","1,0","1,0","1,0","0,0","1,0","1,0","0,1","1,0","1,0","0,0","0,0","0,0","0,0","0,1","1,0","0,0","0,1","1,0","1,0","0,0","0,0"
"1,0","0,0","1,0","0,0","0,0","0,0","0,0","1,0","0,0","0,0","1,0","0,0","0,0","1,0","1,0","0,0","1,0","0,0","1,0","0,1","1,0","0,0","1,0","1,0","0,0","1,0","1,0","0,0","1,0","0,0","0,1","0,0","0,0","0,0","6,0","1,0","0,0","0,0","1,0","0,1","0,1","0,0","0,1","0,0","0,0","0,1","1,0","1,0","1,0","1,0","0,0","0,0","0,0","0,0","3,0","6,3","0,0","0,0","1,0","1,0","0,0","0,0","0,0","0,0","0,1","1,0","0,0","1,0","0,0","0,0","2,0","0,1","0,0","1,0","3,0","1,0","0,0","0,0","0,0","0,0","0,0","1,0","0,0","0,0","0,1","1,0","1,0","1,0","1,0","0,0","4,2","0,0","0,0","5,2","0,0","0,0","18,6","0,1","0,2","1,0"
"0,0","0,0","1,0","1,0","0,0","0,0","0,0","0,0","7,3","1,0","0,1","0,0","2,1","1,0","1,0","7,0","0,0","1,0","0,0","0,0","0,0","0,0","2,1","0,0","0,0","1,0","0,0","1,1","1,0","1,0","0,1","0,0","0,0","1,0","0,0","1,0","0,0","0,1","0,0","0,1","0,0","0,1","1,0","1,0","1,0","1,0","3,0","0,0","1,0","1,0","0,0","1,0","0,0","1,0","1,0","0,0","0,0","1,0","0,0","0,1","0,0","0,0","1,0","0,0","0,0","1,0","0,0","1,0","1,0","1,0","0,0","1,0","1,0","0,0","0,0","0,0","0,0","1,0","0,1","2,0","1,0","1,0","1,0","0,0","0,0","0,0","0,0","0,1","1,0","0,0","0,0","1,0","1,0","1,0","0,0","0,0","1,0","1,0","0,0","0,1"
"19,5","0,0","0,0","0,0","0,1","0,0","0,0","0,0","2,0","1,0","1,0","0,0","0,0","0,1","0,0","0,1","1,0","1,0","0,0","1,0","0,1","0,0","0,0","1,0","0,0","0,0","0,0","0,0","0,1","0,0","1,0","1,0","0,0","0,1","0,0","0,0","0,1","1,0","0,0","1,0","0,0","0,0","0,0","0,1","0,1","0,0","2,2","13,6","1,0","1,0","0,0","0,1","0,0","3,1","0,0","0,1","0,0","0,0","0,0","1,0","0,0","0,0","0,0","0,0","0,0","0,0","0,0","1,0","0,0","0,0","0,1","0,0","1,0","1,0","0,0","1,0","0,0","0,0","1,0","0,0","0,0","1,0","0,0","6,3","0,0","0,1","2,0","1,0","1,0","0,0","1,0","1,0","0,0","0,0","13,5","7,3","1,0","0,0","1,0","0,0"
"0,0","1,0","0,1","7,6","0,1","0,0","0,1","1,0","0,0","3,0","1,0","0,0","1,0","1,0","1,3","0,0","0,0","0,0","0,0","0,0","0,0","0,0","1,0","1,0","1,0","1,0","0,0","0,0","0,0","0,0","20,14","0,0","0,0","1,0","13,6","3,1","0,0","2,0","1,0","1,0","1,0","2,0","1,0","1,0","0,0","0,0","1,0","0,0","0,0","0,0","1,0","0,1","5,0","0,0","0,0","0,0","1,0","1,0","6,3","1,0","0,0","0,1","1,0","0,0","0,0","0,0","0,0","0,0","1,0","1,0","0,0","1,0","0,0","0,0","1,0","1,0","1,0","1,0","0,0","0,1","0,1","6,1","0,1","7,7","0,0","0,1","1,0","0,0","0,0","1,0","14,4","1,0","1,0","0,0","0,0","1,0","0,1","0,1","0,0","1,0"
"0,1","0,0","1,0","0,1","1,0","0,0","1,0","1,0","0,0","0,0","0,0","0,0","0,0","0,0","0,1","0,1","1,1","0,0","0,0","1,0","0,0","0,0","0,1","0,0","0,0","0,0","0,1","1,0","1,0","0,0","13,3","0,0","1,0","0,0","0,1","0,0","1,0","13,6","1,0","0,0","0,0","5,4","0,1","0,0","1,0","1,0","0,0","0,1","1,0","1,0","0,0","0,0","0,0","0,0","0,0","1,0","1,0","0,0","1,0","0,0","32,15","0,0","0,1","0,0","0,0","1,0","1,0","0,0","1,0","9,3","0,0","1,0","2,1","0,0","8,3","8,1","1,0","0,0","0,2","0,1","0,0","1,0","2,2","1,0","0,0","1,0","0,0","2,1","0,1","0,0","0,0","1,0","5,2","0,0","1,0","1,0","0,0","0,0","0,0","0,0"
"0,0","0,0","0,1","1,0","1,0","10,2","0,0","0,0","1,0","0,0","3,1","5,3","0,0","0,0","1,1","1,0","0,0","0,0","0,0","1,0","0,0","2,0","0,1","0,0","0,1","0,0","0,0","0,1","1,0","0,1","0,0","1,0","1,0","0,0","0,0","1,0","0,0","1,0","1,0","3,3","0,0","1,0","0,0","1,1","1,0","0,0","0,0","0,0","0,0","1,0","0,1","1,0","1,3","1,0","1,0","1,0","0,0","0,0","1,0","1,0","0,0","1,0","0,0","0,0","1,0","1,0","0,0","0,0","0,0","0,1","0,0","6,1","1,0","0,0","4,1","1,0","1,0","0,0","2,1","2,0","1,0","0,0","1,0","1,0","1,0","1,0","0,0","1,0","3,0","0,0","0,0","0,0","0,2","0,0","0,0","1,0","1,0","0,1","0,0","0,1"
"1,0","0,0","1,0","0,1","0,0","0,0","0,1","3,0","0,0","1,0","0,0","0,0","0,0","0,0","1,0","1,0","0,1","1,0","0,1","0,0","0,0","0,1","0,0","0,0","1,0","0,0","1,0","0,0","0,0","1,0","2,1","0,0","4,8","0,0","0,0","1,0","0,0","0,1","0,0","0,0","0,0","2,1","0,0","2,0","0,0","1,0","0,0","0,0","1,0","1,0","0,0","0,0","3,0","0,0","0,0","0,0","1,0","0,0","0,0","0,0","0,1","1,0","0,0","0,0","1,0","1,0","1,0","0,0","0,0","0,0","0,1","0,0","1,0","0,0","1,0","0,0","1,0","0,1","1,0","1,0","0,1","1,0","0,1","0,1","0,1","0,1","0,0","1,0","8,3","1,1","2,0","1,0","0,0","0,1","0,0","0,0","1,0","1,0","0,0","0,0"
"1,0","1,0","0,0","0,0","1,0","9,1","1,0","0,0","0,0","0,1","0,0","0,1","0,0","0,1","0,0","0,0","1,0","0,0","1,0","1,0","0,0","0,0","0,0","0,0","2,0","0,0","0,0","1,0","0,0","0,0","0,0","0,0","0,1","1,0","0,0","1,1","0,0","1,0","1,0","0,0","0,0","1,0","1,0","0,0","0,1","5,2","0,0","0,0","0,0","0,0","1,0","0,0","1,0","0,0","0,0","0,1","0,0","0,0","0,1","1,0","2,0","2,1","0,0","1,0","1,0","0,0","0,0","0,0","0,0","0,0","0,1","1,0","0,0","0,0","0,0","0,0","0,0","1,0","1,0","0,0","1,0","0,0","0,0","0,0","1,0","0,1","0,0","0,0","1,0","1,0","0,0","1,0","0,1","0,0","0,0","0,0","1,0","0,0","0,0","0,0"
"2,2","0,0","0,0","1,0","1,0","0,1","1,0","0,0","2,0","0,1","0,0","1,0","1,0","1,0","0,0","0,0","0,0","1,0","0,0","0,0","2,0","1,1","0,0","0,0","1,0","0,1","0,0","0,0","1,0","0,0","6,1","7,1","0,0","5,0","0,0","1,0","3,2","0,0","0,0","1,0","1,0","0,1","3,2","0,1","1,0","1,0","0,0","1,0","7,6","1,0","1,0","0,0","0,0","0,0","1,0","0,1","3,0","0,0","2,1","1,0","1,0","1,0","0,0","1,0","0,1","0,0","0,0","1,0","0,0","0,0","0,0","0,0","0,0","1,0","2,0","8,2","0,0","0,0","0,0","0,0","0,0","0,1","3,0","1,0","0,0","0,0","0,0","0,1","1,0","0,0","0,0","2,2","0,1","0,1","0,0","2,1","0,0","4,3","0,0","1,0"
"0,0","0,1","1,0","0,1","0,0","0,0","0,0","1,0","0,0","1,0","1,0","1,0","0,0","6,0","0,0","0,0","1,0","0,0","1,0","0,1","0,0","0,0","0,0","0,0","0,0","7,4","22,7","0,0","1,0","1,0","0,2","1,0","0,1","2,1","0,1","1,0","9,2","0,0","1,0","0,0","0,0","0,1","1,0","1,0","0,0","0,0","0,0","1,0","0,0","0,0","1,0","0,0","0,2","0,0","3,1","0,0","1,0","0,0","0,2","1,0","0,0","0,1","1,0","1,0","0,0","0,0","0,0","1,0","2,0","0,1","0,0","1,0","0,1","0,0","1,0","1,0","0,0","0,0","0,0","1,0","0,0","0,0","0,0","0,0","1,0","1,0","0,2","0,0","1,0","1,0","0,0","1,0","0,1","0,0","1,0","4,0","2,4","1,0","0,1","0,0"
"0,0","1,0","0,0","1,0","0,0","0,1","3,1","0,1","0,0","2,0","0,0","1,0","9,6","0,0","34,14","0,1","1,0","2,1","1,0","0,0","0,0","1,0","1,0","0,0","0,0","1,0","0,0","1,0","1,1","1,0","1,1","4,1","0,0","1,0","1,0","1,0","2,0","0,1","1,0","1,0","10,5","1,0","3,1","0,0","2,0","0,0","0,0","1,0","2,1","0,0","0,1","0,0","1,0","0,0","1,0","0,0","1,0","1,0","1,0","0,0","0,0","1,0","0,0","0,0","0,0","0,0","0,0","8,0","0,0","1,0","3,0","2,0","0,0","2,0","0,0","0,0","1,0","1,1","1,0","0,0","0,0","3,1","1,0","0,1","1,0","1,0","0,1","0,0","1,0","0,0","1,0","0,0","0,0","0,0","0,0","0,0","1,0","1,0","0,0","8,7"
"0,1","0,0","1,0","1,0","3,0","0,0","2,0","2,6","1,0","1,0","0,1","0,0","0,0","0,1","0,0","0,0","0,0","1,0","7,1","0,0","0,0","1,0","1,0","0,0","0,0","0,0","1,0","1,0","0,0","0,0","1,0","0,0","0,0","0,2","0,0","0,0","0,0","1,0","0,0","1,0","0,1","0,1","0,0","1,0","0,0","0,0","6,2","1,0","0,0","0,1","1,0","0,0","1,0","0,0","1,0","1,0","0,0","1,0","1,0","0,0","1,0","0,0","0,1","0,0","1,0","5,1","0,0","1,0","1,0","0,0","0,0","0,1","3,0","0,0","1,0","3,0","0,0","1,0","31,14","0,1","0,1","0,0","1,0","1,0","1,0","0,0","1,0","0,1","0,0","2,1","0,0","0,0","0,0","0,0","0,0","0,0","0,0","0,0","0,0","1,0"
"0,1","0,0","0,0","0,0","5,2","1,1","1,0","0,0","0,0","0,0","0,0","1,0","0,0","1,0","1,0","0,0","0,1","0,0","0,0","1,0","1,0","1,0","2,0","0,0","2,1","1,0","0,2","1,0","1,0","0,0","1,0","1,0","1,0","0,0","3,1","0,1","0,0","0,0","0,0","0,1","0,1","1,0","0,0","0,0","1,0","0,0","0,0","1,0","1,0","0,0","0,1","21,10","1,0","0,0","1,0","1,0","0,0","0,0","1,0","0,1","0,0","1,0","14,6","1,0","0,0","0,1","0,0","1,0","0,0","0,0","0,0","1,0","1,0","3,1","0,0","0,0","1,0","0,0","0,0","0,0","0,0","0,0","0,0","1,0","1,0","1,0","0,0","0,0","1,0","1,0","0,0","1,0","1,0","0,0","0,0","0,0","0,0","0,0","0,0","0,0"
"0,1","1,0","0,0","1,0","0,0","0,0","0,0","1,0","1,0","0,0","0,1","7,1","0,1","0,0","10,5","0,0","3,1","1,0","0,0","1,0","0,0","0,0","0,1","0,0","0,0","0,0","0,1","1,0","1,0","3,2","0,0","2,4","0,0","1,0","0,1","0,0","1,0","2,2","1,0","0,0","0,0","0,0","0,0","1,0","0,0","0,0","0,0","0,1","0,0","1,0","1,0","0,0","0,1","1,0","0,0","1,0","0,1","0,0","0,1","0,0","0,0","0,1","0,0","1,0","1,0","0,0","0,0","0,1","0,0","0,0","0,0","16,9","0,0","0,0","1,0","0,0","0,0","0,0","0,0","0,0","0,0","1,0","1,0","0,0","1,0","0,0","0,0","0,1","0,0","0,1","0,0","1,0","1,0","0,0","0,0","0,0","0,0","0,0","0,0","1,0"
"1,0","0,0","0,1","0,0","0,0","1,0","0,1","0,0","2,0","0,0","1,0","0,0","1,0","1,0","1,0","0,1","1,1","0,0","0,0","0,1","0,1","1,0","0,0","0,0","0,0","0,0","1,0","1,0","9,4","1,0","0,0","0,1","0,0","0,0","0,0","0,1","0,0","0,0","0,1","0,0","0,0","1,2","2,2","1,0","1,0","1,0","1,0","0,1","0,1","0,0","1,0","0,0","0,0","1,0","1,0","1,0","0,1","0,0","0,1","0,0","0,0","0,0","0,0","0,0","0,0","14,8","1,0","1,0","1,0","0,0","3,0","0,0","1,0","1,0","1,0","0,0","0,0","1,0","1,0","0,0","0,0","0,0","1,0","0,0","1,0","2,2","1,1","2,0","0,0","0,0","0,0","1,0","1,0","0,0","0,0","0,0","1,0","0,0","0,0","0,1"
"0,0","1,0","0,0","0,0","0,0","1,0","1,0","1,0","1,0","0,0","0,0","0,0","1,0","0,0","2,0","0,0","1,0","0,0","1,0","1,0","1,0","0,0","1,0","0,0","0,0","0,0","0,1","0,0","0,0","0,0","0,0","0,1","1,0","1,0","1,0","0,0","0,0","0,0","0,2","0,1","0,0","3,1","0,0","1,0","0,0","0,0","0,0","1,0","1,0","0,2","0,1","0,0","1,0","1,0","0,0","0,0","0,0","0,0","0,0","1,0","2,0","1,0","0,0","1,0","1,0","0,0","8,2","1,0","7,2","0,0","0,0","0,0","2,1","0,0","0,0","1,0","0,1","1,0","8,2","0,0","1,0","0,0","0,0","0,1","2,0","0,0","0,1","3,0","0,0","0,0","0,0","0,0","0,0","0,0","0,1","0,0","0,1","1,0","0,1","1,0"
"0,0","0,0","1,0","0,0","0,0","0,0","0,1","0,0","1,0","0,0","7,3","1,0","0,0","1,0","0,1","0,0","1,0","1,0","0,0","1,0","1,0","1,0","0,0","1,0","0,0","0,0","0,0","0,0","0,1","0,1","2,0","0,1","1,0","0,0","0,0","0,1","0,0","0,0","0,0","0,0","1,0","0,0","1,0","1,0","0,0","1,0","0,1","0,0","0,0","1,0","1,0","1,0","0,0","1,0","0,0","0,1","0,0","0,1","1,0","0,0","1,0","1,0","0,0","0,0","0,0","0,1","1,0","1,1","0,1","1,0","1,0","0,0","0,1","0,0","1,0","1,0","1,0","0,1","0,0","0,0","0,0","0,0","0,0","0,0","0,0","1,0","11,10","8,3","2,0","0,0","0,0","0,0","1,0","0,0","0,0","0,0","1,0","0,0","1,0","0,0"
"1,0","18,8","0,0","0,0","0,0","2,0","0,0","0,0","0,0","0,0","1,0","0,0","1,0","1,0","0,1","0,0","0,2","1,0","0,0","1,0","1,0","0,1","0,0","0,0","0,1","0,1","0,0","0,0","24,5","0,0","0,0","1,0","1,1","0,0","0,0","0,0","3,0","0,0","0,0","0,0","0,0","1,0","0,0","0,0","0,0","1,0","0,0","1,0","1,0","1,0","1,0","0,0","1,0","0,0","1,0","1,0","0,0","0,0","0,0","1,0","0,0","0,0","0,0","0,0","1,0","0,0","0,0","0,0","1,0","0,1","0,0","0,1","7,1","0,0","0,0","0,0","0,0","0,0","1,0","0,2","0,0","0,0","0,0","1,0","0,0","0,0","6,1","0,1","0,0","5,4","1,0","0,1","1,0","0,0","0,0","0,0","0,1","0,1","0,1","1,0"
"0,0","0,0","1,0","0,1","0,0","1,0","22,7","1,0","0,0","0,0","0,2","0,1","0,0","1,0","0,1","1,0","0,0","1,0","0,0","2,1","1,0","1,0","1,1","1,0","1,0","15,3","0,0","1,0","1,0","0,0","0,0","1,0","1,0","1,0","0,0","1,0","1,0","0,0","13,5","1,0","0,0","1,0","0,1","0,0","1,0","0,0","0,0","0,0","0,0","0,0","0,0","0,1","0,1","1,0","0,0","0,0","0,1","0,0","1,0","0,0","1,0","1,0","0,0","0,0","0,0","0,0","0,0","0,0","0,0","1,0","1,0","0,0","0,0","1,0","0,0","0,0","0,0","0,1","1,0","0,1","1,3","0,0","1,0","1,0","0,0","1,0","0,0","1,0","0,0","1,0","5,0","1,0","1,0","0,0","0,0","0,0","0,1","0,0","3,0","1,0"
"0,0","0,0","0,0","0,1","0,0","0,0","0,0","0,0","0,0","0,0","0,0","0,1","0,0","0,0","1,0","0,0","1,0","1,0","1,0","1,0","0,0","0,0","1,0","0,0","0,0","0,0","1,0","1,0","1,0","0,0","2,2","0,0","1,0","1,0","2,0","1,0","0,0","0,0","0,0","2,1","0,0","5,0","13,4","1,0","0,0","0,0","2,2","1,0","0,1","0,0","0,0","10,4","1,0","0,0","0,1","0,0","0,0","1,0","0,0","0,0","0,0","1,0","1,0","0,0","1,0","0,0","0,0","0,0","0,0","1,0","0,0","0,0","1,0","1,0","0,0","2,0","0,0","1,0","7,1","1,0","1,0","0,0","1,0","4,0","1,0","0,0","1,0","0,0","5,0","0,0","1,0","0,0","0,0","0,0","1,0","0,0","0,0","1,0","9,3","0,0"
"1,0","0,0","1,0","34,15","0,0","0,0","1,0","0,1","0,0","0,0","1,0","0,0","0,1","0,0","0,0","0,0","1,0","1,0","3,1","1,0","0,0","3,3","0,0","9,3","1,0","3,1","0,1","1,0","1,0","5,0","0,0","0,0","0,0","0,0","1,0","0,0","3,2","0,0","1,0","1,0","1,0","0,0","0,0","1,0","0,1","0,1","0,0","1,0","0,0","0,0","0,0","0,0","0,0","0,1","1,0","1,0","0,1","1,0","0,0","0,0","2,0","1,0","1,0","0,0","3,1","1,1","1,0","0,1","5,0","1,0","0,0","1,0","0,0","1,0","1,0","0,0","1,0","0,0","0,1","0,1","0,1","1,0","1,0","0,1","1,0","1,0","0,0","0,0","0,0","0,1","0,0","0,0","1,0","0,0","2,0","1,0","3,1","1,0","1,1","0,0"
"0,0","0,0","0,0","2,0","0,0","0,0","0,1","0,1","1,0","1,0","0,1","9,5","0,0","0,0","0,0","0,0","1,0","27,11","1,0","1,0","1,0","1,0","1,0","0,0","0,0","1,0","1,0","0,1","1,0","4,1","4,0","0,2","0,0","0,0","1,0","1,0","0,0","1,0","1,0","0,0","1,0","0,0","1,0","0,0","0,0","0,0","1,0","0,1","1,0","0,0","1,0","0,0","1,0","1,0","0,1","0,0","0,0","1,0","0,0","1,0","0,0","0,0","0,1","0,0","0,0","0,1","0,0","0,0","0,0","1,0","2,0","0,0","0,1","1,0","0,0","0,1","1,0","1,0","0,0","1,0","0,1","0,0","0,0","0,1","0,0","1,0","0,0","0,0","1,0","0,0","0,0","1,0","0,0","0,0","1,1","1,0","1,0","1,0","2,1","0,0"
"1,0","0,0","0,0","1,0","0,0","1,0","1,0","11,3","1,1","0,0","1,0","0,0","0,0","0,0","0,1","0,0","0,0","0,0","1,0","0,0","1,0","0,0","19,9","0,0","0,0","1,0","1,0","3,1","0,0","0,0","0,0","0,0","1,0","0,0","13,6","1,0","0,0","0,1","1,0","0,0","1,0","0,0","0,0","0,1","0,1","4,0","1,0","1,1","1,0","0,0","1,0","1,0","0,0","2,0","0,0","0,0","0,0","0,0","0,0","1,0","1,1","1,0","1,0","0,0","0,0","0,0","0,1","1,0","0,0","0,0","0,0","0,0","2,0","0,0","1,0","10,7","1,0","0,1","0,0","1,0","0,0","0,0","0,1","0,1","0,0","0,0","0,0","0,1","0,0","2,0","0,0","0,0","1,0","1,0","0,1","0,0","1,1","0,0","0,0","0,0"
"0,0","0,0","1,0","1,0","0,1","0,1","2,1","1,0","0,0","0,0","0,0","4,2","0,0","0,0","0,0","0,0","1,0","0,0","0,0","1,0","0,0","0,0","1,0","1,0","0,1","0,0","1,0","5,1","0,0","1,0","1,0","1,0","0,0","0,0","0,0","0,0","0,0","0,0","0,0","1,0","0,0","0,0","17,6","1,0","1,0","1,0","1,0","10,4","0,1","2,1","0,1","0,0","0,0","0,0","3,3","3,3","0,0","0,0","1,0","1,0","1,0","1,0","0,0","0,1","1,0","1,0","0,0","2,0","0,0","0,1","0,0","0,0","1,0","0,0","1,0","0,0","0,0","0,1","0,1","1,0","2,0","1,0","0,0","1,0","0,1","0,0","0,0","0,0","1,0","0,0","1,0","0,0","0,0","0,0","1,0","1,1","2,0","1,0","1,0","1,0"
"1,0","1,0","1,0","1,0","1,0","0,0","0,0","1,0","0,0","0,0","0,1","0,0","1,0","4,3","1,0","1,0","0,0","1,0","0,0","0,0","0,0","0,0","0,1","1,0","11,3","0,0","0,1","1,0","1,0","0,0","4,0","0,0","1,0","2,2","1,0","0,0","2,1","0,0","1,0","1,0","0,0","1,0","1,0","1,0","1,0","1,0","0,0","1,0","1,0","1,0","1,0","0,0","0,0","1,0","1,0","0,0","0,0","1,0","1,0","1,0","0,0","1,0","1,0","0,0","1,2","0,1","1,0","1,0","3,1","0,0","1,0","1,0","0,0","1,0","0,1","1,0","4,0","1,0","0,0","1,0","0,0","1,0","0,0","0,0","1,0","0,0","0,0","1,0","2,0","0,0","0,0","0,0","0,0","0,1","0,0","17,8","0,0","0,0","2,0","1,0"
"1,0","8,0","0,0","1,0","1,0","0,0","1,0","1,0","1,0","0,0","1,0","0,1","1,0","0,0","0,0","1,0","1,0","0,0","0,0","0,1","0,0","0,0","0,0","0,0","0,0","0,1","0,0","0,0","0,0","0,0","0,0","0,0","1,0","1,0","0,0","1,0","0,0","1,0","0,0","1,0","1,0","0,0","0,0","0,0","0,0","0,1","1,0","2,3","0,1","2,0","1,0","0,0","0,0","0,0","0,0","1,0","2,1","1,1","1,0","1,0","1,0","1,0","1,0","0,1","1,0","0,0","0,0","1,0","0,0","1,0","1,0","1,0","1,0","0,1","1,0","0,0","0,0","0,0","0,0","1,0","0,0","2,0","0,0","1,0","4,2","1,0","0,0","1,0","0,1","0,0","0,1","0,0","0,0","0,0","0,0","1,0","0,0","1,0","1,0","0,1"
"1,0","0,0","0,0","0,0","1,0","0,0","0,0","0,0","0,0","5,7","0,0","3,1","0,0","0,0","0,0","0,0","1,0","0,1","1,0","0,0","0,1","0,0","1,0","2,2","0,0","0,0","1,0","1,0","0,0","1,0","0,0","0,0","1,0","1,0","0,0","0,1","1,0","1,0","0,0","1,0","0,0","0,1","1,0","2,1","4,1","0,0","0,0","0,1","2,0","0,0","0,0","1,0","1,1","0,0","0,0","0,0","3,2","0,0","0,0","2,2","1,0","0,0","0,0","0,0","0,0","0,0","0,0","0,1","1,0","2,1","1,0","0,0","1,0","19,4","0,0","1,0","0,0","1,0","1,0","0,1","1,0","0,0","0,0","0,0","1,0","9,2","1,0","1,0","0,0","0,0","1,0","1,0","1,0","0,0","0,0","0,1","1,0","0,1","1,0","1,0"
"0,0","0,1","0,0","1,0","0,0","0,0","1,0","0,0","1,0","0,0","1,2","1,0","3,0","2,0","1,0","0,0","0,0","1,0","0,1","0,0","0,0","0,1","1,0","0,1","0,0","0,0","1,0","1,0","0,0","0,0","1,0","0,1","0,0","0,0","0,0","0,0","0,0","0,0","1,0","0,0","3,1","1,0","1,0","0,0","0,1","1,0","1,0","1,0","0,0","0,0","0,0","0,0","1,0","1,0","1,0","1,0","0,0","1,0","0,0","0,0","0,0","0,0","0,0","1,0","1,0","1,0","0,1","1,0","0,0","1,0","0,0","2,0","0,1","0,0","1,0","0,0","1,0","0,0","0,0","0,1","0,0","0,0","1,0","0,0","0,0","0,0","0,0","0,0","1,0","0,0","0,0","0,0","1,0","2,0","1,0","0,0","1,0","0,1","0,0","0,1"
"0,0","0,0","0,0","1,0","1,0","0,0","0,0","1,0","1,0","1,0","1,0","1,0","0,0","0,0","4,2","1,0","0,0","1,0","0,0","3,3","1,0","1,0","1,0","0,1","0,1","0,0","2,0","1,0","0,0","0,0","0,0","0,0","0,0","0,1","0,0","1,0","1,0","2,3","0,0","0,0","0,1","1,0","1,0","1,0","0,0","1,0","0,0","0,1","0,0","0,0","1,0","1,0","0,0","1,0","0,0","0,0","0,0","0,1","7,1","1,0","4,0","0,0","4,1","0,0","1,0","1,0","0,0","0,0","1,0","19,10","1,0","0,0","0,0","0,1","0,1","1,0","0,1","0,1","1,0","0,1","0,0","0,1","1,0","0,0","4,0","1,0","0,0","0,0","0,0","1,0","0,0","1,0","0,0","0,0","1,0","0,1","0,1","1,0","0,0","1,0"
"12,9","1,3","0,0","2,3","0,1","1,0","1,0","0,0","1,0","0,0","0,0","0,0","1,1","0,0","2,1","1,0","1,0","0,1","1,0","0,0","1,0","0,0","1,0","0,0","1,0","0,1","0,0","1,0","0,0","0,0","0,0","0,0","0,0","2,0","26,8","0,1","0,1","1,0","1,0","1,0","17,8","0,0","1,0","18,8","0,0","0,0","0,0","1,0","0,0","11,3","0,0","0,1","0,0","1,0","1,0","1,0","1,0","0,0","1,0","1,0","0,0","1,0","6,0","1,0","2,0","1,0","1,0","0,0","0,0","1,0","1,0","24,9","0,0","0,0","1,0","7,2","0,0","0,0","4,3","1,0","1,0","0,0","0,0","1,0","0,0","0,0","0,0","0,0","0,0","0,0","0,0","0,0","0,0","0,0","1,0","0,0","1,0","1,0","0,0","1,0"
"0,0","0,0","17,5","0,0","1,0","0,0","1,0","0,0","0,0","1,0","0,0","1,0","0,0","0,1","0,0","1,1","1,0","1,0","1,1","1,0","1,1","0,0","0,1","1,0","0,0","0,0","1,0","0,1","1,0","0,0","0,0","1,0","0,1","1,0","0,0","0,0","0,1","1,0","1,0","1,0","0,0","0,0","1,0","0,0","1,1","0,0","1,0","1,2","0,1","1,0","1,0","0,0","0,1","0,0","0,0","1,0","2,0","1,0","0,0","1,0","0,0","0,1","0,0","3,7","1,0","6,2","2,2","1,0","0,0","0,0","0,0","1,0","1,0","1,0","0,0","1,0","1,0","6,1","0,1","1,0","0,0","1,0","0,0","1,0","0,0","0,0","0,0","0,0","2,0","1,0","0,0","0,0","1,2","1,0","0,0","0,1","0,1","0,0","0,0","1,0"
"1,0","0,0","0,0","1,0","4,2","9,2","0,0","0,0","0,0","0,0","1,0","0,0","0,0","1,0","1,0","1,0","0,0","0,0","0,0","0,0","0,1","1,0","0,0","0,0","0,0","0,0","1,1","0,0","0,0","0,0","0,0","5,2","1,0","1,0","1,0","0,1","0,0","0,0","1,0","0,0","0,0","0,0","0,0","0,0","0,0","3,2","0,0","0,1","0,0","0,0","1,0","0,0","0,0","0,0","1,0","0,0","0,1","1,0","1,0","0,0","0,0","1,0","0,0","1,0","1,0","1,1","1,1","0,1","0,0","0,0","1,0","0,0","1,0","0,0","0,0","1,0","1,0","0,0","0,0","1,0","1,0","1,0","0,0","0,1","0,1","0,0","1,0","1,0","0,0","1,0","0,0","3,3","1,0","0,0","0,0","2,0","1,0","0,0","4,0","0,0"
"1,0","0,0","1,0","0,0","0,0","9,3","1,1","0,1","1,0","0,0","0,0","0,0","0,0","1,0","1,0","1,1","0,0","1,0","0,0","0,0","0,0","0,0","0,0","4,1","1,0","2,0","1,0","0,0","0,0","0,1","0,0","0,0","0,0","0,0","2,1","1,0","0,0","0,1","2,0","1,0","0,1","0,0","0,1","0,0","1,3","0,0","5,2","1,0","6,3","0,0","1,0","0,0","0,1","1,0","2,1","0,0","25,9","6,1","0,0","0,0","0,0","1,0","0,0","0,0","1,0","1,0","0,0","0,0","0,0","0,0","0,0","0,0","1,0","0,0","3,1","0,0","1,1","1,0","0,1","1,0","1,0","0,1","0,0","0,1","0,0","0,0","0,0","1,0","0,0","0,0","0,1","0,0","1,0","0,1","0,0","0,1","0,2","1,0","0,0","0,0"
"0,0","0,0","1,0","1,0","0,1","0,0","0,0","0,1","0,0","0,0","0,0","0,0","1,0","0,0","0,1","0,0","1,0","0,0","0,0","1,0","0,0","0,0","0,0","0,0","0,0","0,0","0,0","4,3","1,0","0,1","0,0","0,0","0,0","1,0","0,0","0,0","0,0","0,0","0,0","0,0","0,0","2,1","8,0","1,0","0,0","1,2","0,0","0,0","0,0","0,0","1,0","2,1","0,1","1,0","0,0","0,0","0,0","0,0","0,0","1,0","1,0","1,0","1,0","0,0","0,0","0,0","0,0","0,0","0,0","0,0","0,0","1,0","0,0","1,0","0,0","0,0","0,0","3,0","0,1","0,0","0,0","0,1","0,0","0,0","0,1","0,0","1,0","0,0","1,0","1,0","4,2","0,0","1,0","1,0","0,1","1,0","1,0","0,0","2,2","0,0"
"0,0","1,0","1,0","1,0","0,0","1,0","0,0","0,0","1,0","0,0","0,0","0,0","0,1","0,0","0,0","1,0","0,1","0,1","0,0","1,0","0,0","28,17","0,1","4,0","0,0","1,0","1,0","0,0","0,0","0,0","3,0","2,0","0,0","0,0","1,0","0,0","2,0","0,0","1,0","1,0","0,1","0,0","1,0","0,0","0,0","0,0","1,0","1,0","0,0","0,0","1,0","1,0","1,0","0,1","1,0","0,0","0,0","0,0","0,0","0,1","1,0","0,0","1,0","1,0","0,0","0,0","0,1","1,0","0,0","0,0","1,0","0,0","1,0","0,1","0,0","0,1","1,0","0,0","0,0","0,0","0,0","7,1","1,0","1,0","3,1","1,0","0,0","0,0","0,0","0,0","0,0","2,1","1,0","1,1","1,0","1,0","1,0","0,0","1,0","1,0"
"0,0","6,3","0,0","0,0","6,0","1,0","1,0","1,0","1,0","0,0","0,0","0,0","1,0","1,0","1,0","1,0","0,0","1,0","0,1","0,1","1,0","1,0","2,0","0,0","0,0","0,0","1,0","1,0","1,0","1,0","1,0","0,0","0,0","0,0","0,0","2,0","0,1","2,0","0,0","0,0","1,0","1,0","0,0","0,0","1,0","0,0","0,0","0,0","1,0","1,0","25,5","0,1","1,0","0,1","0,0","0,0","0,0","0,0","1,0","0,1","0,0","0,1","0,0","1,0","0,0","0,0","0,0","1,0","0,0","0,0","0,0","3,1","0,0","0,0","0,0","1,0","0,0","5,0","4,0","1,0","0,1","0,0","1,0","0,0","11,6","0,0","0,0","1,0","0,0","0,0","0,0","1,0","1,0","0,0","1,0","0,0","1,0","1,0","1,0","0,0"
"0,0","0,0","1,0","0,1","0,0","1,0","0,0","1,0","0,0","0,0","0,0","5,1","0,1","0,0","1,3","0,0","0,0","0,1","1,0","0,0","1,0","1,0","0,0","0,0","1,0","2,0","0,0","0,0","0,1","1,0","1,0","2,1","1,0","0,0","0,0","0,0","0,0","3,1","0,0","0,0","0,0","0,1","0,0","1,0","1,0","4,0","1,0","1,0","0,0","1,0","0,0","0,0","0,0","0,0","1,0","1,0","0,0","0,0","0,0","0,0","0,0","0,0","1,0","1,0","1,0","4,1","0,1","0,0","1,0","0,0","0,0","0,0","0,1","0,0","1,0","1,0","0,0","0,0","0,0","0,0","1,0","0,0","1,0","1,0","0,0","0,0","0,1","0,0","0,0","1,0","1,0","0,0","0,0","0,0","1,0","0,0","0,0","0,0","0,1","0,0"
"2,1","0,0","1,0","2,0","0,1","0,0","7,2","1,0","1,1","0,0","0,0","0,0","0,0","0,0","0,0","0,0","1,0","0,1","0,0","2,2","0,0","0,0","1,1","5,2","0,0","0,0","1,0","0,0","1,0","0,0","0,0","0,0","0,0","0,0","1,0","0,0","0,0","0,0","0,0","0,0","0,1","1,0","1,0","1,0","1,0","1,0","5,3","0,1","0,0","1,0","2,1","0,0","1,0","0,1","0,0","2,1","1,0","1,0","0,1","1,0","6,4","0,0","0,0","1,0","1,0","0,0","1,0","1,0","3,1","0,0","1,0","0,0","0,0","3,1","1,0","1,0","0,0","0,0","1,0","1,0","1,0","0,0","2,1","0,0","0,0","0,0","0,0","0,1","0,0","1,0","0,1","0,0","1,0","0,1","0,0","0,0","1,0","0,0","0,0","1,0"
"0,1","0,0","0,1","1,0","0,0","0,0","0,0","0,0","0,0","7,2","0,0","0,0","0,0","0,0","0,0","0,1","1,0","0,0","0,0","0,1","1,0","0,0","1,0","0,1","0,0","0,1","0,0","1,0","1,0","0,0","1,0","0,0","0,0","4,1","1,0","0,0","0,0","1,0","0,1","10,3","0,0","1,0","1,0","0,0","1,0","0,0","0,1","1,0","0,0","0,0","0,0","0,0","0,1","0,0","1,0","0,0","1,0","1,0","0,0","0,0","0,0","0,1","0,0","0,0","0,0","0,0","0,0","1,0","0,0","0,1","1,0","6,1","0,0","0,0","1,0","0,0","0,0","2,0","1,0","3,0","1,0","0,0","0,0","0,0","5,1","0,0","1,0","0,0","0,0","1,0","0,0","1,0","1,0","0,0","2,2","0,0","0,0","0,1","0,0","1,0"
"1,0","0,0","0,0","0,3","1,1","1,0","0,0","1,0","0,1","1,0","0,0","1,0","1,0","0,0","1,0","0,1","1,0","0,0","0,0","0,0","1,0","0,0","0,0","0,1","4,0","0,0","4,1","1,0","0,0","0,0","0,0","1,0","9,0","1,0","0,0","2,0","0,0","1,0","1,0","0,0","1,0","0,0","1,0","1,0","0,1","0,0","0,0","0,0","0,0","0,0","1,0","0,0","0,0","0,0","1,0","0,0","0,0","1,1","0,0","0,0","0,0","1,0","3,2","1,0","0,0","1,0","15,9","1,0","1,0","1,0","0,0","1,0","0,0","0,0","1,0","1,0","0,0","0,0","0,1","1,0","0,0","0,0","0,0","1,0","0,1","0,1","0,0","0,1","0,0","0,0","0,0","6,2","2,0","0,0","0,0","2,1","1,0","0,0","1,0","0,0"
"6,3","1,0","0,0","1,0","0,1","0,0","1,0","1,0","0,0","0,0","1,1","0,0","1,0","1,0","0,0","0,0","0,1","1,1","1,0","1,0","0,0","0,0","0,1","1,0","0,0","2,0","0,0","0,0","1,0","0,0","0,0","0,0","1,0","0,0","0,0","0,0","0,0","0,0","0,0","0,0","1,0","0,0","0,0","0,0","1,0","0,0","0,1","0,0","0,1","0,1","1,0","0,0","1,0","1,1","0,1","0,0","0,0","1,0","7,3","0,0","0,0","1,0","0,0","1,0","0,0","2,0","0,0","0,0","1,0","0,0","1,0","7,2","1,0","0,1","1,0","4,0","0,0","0,0","1,0","0,0","1,0","1,0","1,0","1,0","1,0","0,0","0,0","0,1","0,0","1,0","2,0","1,0","0,0","0,0","6,0","0,0","0,1","1,0","0,1","0,0"
"1,0","1,0","0,0","0,0","0,0","1,0","1,0","0,0","1,0","1,0","1,0","1,0","0,1","0,0","0,0","0,2","1,0","1,0","1,0","0,0","0,0","0,1","2,0","0,0","1,0","1,0","1,0","0,0","0,0","1,0","5,4","0,0","0,0","0,0","1,0","0,0","0,0","0,0","0,0","1,0","0,0","1,0","0,0","2,0","0,1","1,0","0,0","0,0","1,0","0,0","0,0","0,0","2,1","0,0","0,1","0,0","0,0","1,0","0,0","0,0","0,0","0,1","1,0","0,0","0,1","0,0","1,0","1,0","0,0","0,0","1,0","1,0","0,0","0,0","1,0","0,1","1,0","1,0","1,0","0,0","0,0","0,0","0,0","1,0","1,0","0,1","2,0","1,0","0,0","0,0","15,6","0,0","0,0","1,2","1,0","0,0","0,1","2,1","0,0","12,5"
"1,0","0,0","4,2","0,0","1,0","1,0","1,0","0,0","1,0","1,0","1,0","0,0","0,0","0,0","0,0","4,5","1,0","0,1","2,0","0,0","0,0","0,1","0,0","0,0","1,0","0,1","1,0","0,0","1,0","1,0","1,0","0,0","0,0","2,0","0,0","0,0","1,0","1,0","0,0","1,0","0,0","0,0","0,0","1,0","1,0","0,0","4,1","1,0","0,0","0,0","0,1","0,0","1,0","2,0","1,0","1,0","0,0","0,0","1,0","3,2","1,0","1,0","0,1","0,0","0,0","1,0","0,1","0,0","0,0","0,0","1,0","0,1","1,0","1,0","0,0","7,5","1,0","1,0","0,0","0,0","0,0","5,3","0,0","1,0","7,1","0,0","18,4","0,0","0,0","1,1","1,0","1,0","0,1","0,1","1,0","1,0","0,1","0,0","0,0","0,0"
"0,1","1,0","0,0","0,0","0,0","0,1","0,0","0,0","0,0","0,1","0,0","0,0","0,1","0,0","0,0","0,0","1,0","0,0","1,0","5,1","0,0","0,0","3,1","0,1","0,0","0,0","1,0","0,0","0,0","1,0","0,0","52,10","1,0","0,0","0,0","0,0","1,0","0,2","0,0","0,0","0,0","1,0","1,0","0,0","0,0","1,0","2,0","0,0","0,0","1,0","1,0","0,0","1,0","0,0","0,1","1,0","1,0","0,0","1,0","3,1","0,0","5,3","29,10","0,0","0,0","0,0","0,0","0,0","0,1","0,0","1,0","2,0","1,0","16,2","0,0","0,0","0,0","1,0","0,0","1,0","1,0","1,0","1,0","0,0","0,0","0,0","0,0","0,0","0,1","0,0","1,0","0,0","0,0","1,0","0,0","0,0","0,1","1,0","0,0","0,0"
"2,2","0,1","0,0","0,0","0,1","0,1","0,0","1,0","0,0","1,0","1,0","1,0","7,3","0,0","0,0","1,0","1,0","0,0","1,0","0,0","1,0","1,0","0,0","0,0","0,0","0,0","0,1","0,1","0,0","1,0","0,0","1,0","0,0","0,0","0,1","2,1","0,0","0,0","0,0","32,13","6,3","1,0","0,0","0,0","0,0","0,0","1,0","0,0","1,0","1,0","0,0","1,0","0,0","20,8","0,0","1,0","1,0","0,1","0,0","0,0","1,0","1,0","5,0","1,0","0,0","0,1","1,0","0,0","0,0","1,0","0,1","0,0","0,0","0,0","1,0","0,0","0,0","0,0","0,0","1,0","0,0","18,9","1,0","1,0","1,0","1,0","2,0","1,0","1,0","0,1","0,0","0,0","1,0","1,0","0,0","1,0","0,0","1,0","0,0","0,0"
"0,0","0,1","0,0","0,0","0,0","0,0","1,0","0,0","0,0","0,0","0,0","0,0","0,0","1,0","0,0","0,0","0,0","4,4","0,0","0,0","0,0","1,0","0,0","0,1","0,0","1,0","0,0","0,0","0,0","0,0","1,0","0,0","1,0","1,0","0,0","1,0","1,0","0,0","0,0","0,1","1,0","0,1","0,1","0,0","0,0","0,0","0,1","0,1","0,0","0,1","0,0","0,0","0,0","0,1","0,0","1,0","0,0","0,0","0,1","1,0","2,1","0,0","5,1","1,0","0,0","0,0","1,0","0,1","0,0","1,0","0,0","0,0","0,0","1,0","0,0","1,0","0,0","0,1","0,0","1,0","1,0","0,0","1,0","1,0","0,1","0,0","0,0","0,0","0,0","1,0","0,0","1,0","1,0","0,1","1,0","0,0","0,1","1,0","1,0","0,0"
"1,0","1,0","0,0","1,0","1,0","0,0","0,0","0,0","0,0","0,0","35,15","0,0","0,1","0,1","3,0","3,0","1,0","0,0","4,1","0,0","0,0","1,0","0,0","17,1","0,0","0,0","0,0","1,0","1,0","0,1","0,0","0,0","0,0","1,0","0,1","2,0","0,0","0,1","0,0","1,0","0,0","1,0","0,0","0,0","1,0","1,0","9,0","0,0","0,1","0,0","0,0","1,0","0,0","0,1","0,0","0,0","2,0","0,0","0,0","0,0","0,0","3,2","1,0","0,0","0,1","1,0","0,0","0,0","1,0","0,0","1,0","0,0","12,5","0,0","1,0","1,0","1,0","1,0","10,3","0,0","0,0","0,0","5,3","0,0","1,0","0,0","1,0","0,1","12,6","0,0","0,0","0,0","1,0","0,1","1,0","1,0","0,0","1,0","1,0","0,0"
"1,0","0,0","1,0","0,0","2,0","1,0","0,0","0,1","0,0","0,0","0,0","0,0","1,0","0,0","1,0","2,0","0,0","0,1","0,0","0,1","1,0","0,0","0,1","0,0","0,0","0,0","1,0","1,0","0,0","1,0","0,0","0,0","0,0","0,0","1,0","1,0","1,0","0,0","1,0","1,0","1,0","4,0","0,0","1,0","1,0","1,0","1,0","0,0","0,0","1,0","5,1","0,0","0,0","0,0","5,1","0,0","0,0","0,0","0,0","1,0","1,0","0,0","0,0","1,0","1,0","0,0","0,0","1,0","0,0","1,0","1,0","0,1","2,0","0,0","0,1","0,1","0,0","2,0","0,0","0,0","0,0","1,0","1,0","0,0","0,0","0,0","6,1","0,0","0,0","0,0","0,0","0,0","0,0","0,0","0,0","0,0","0,0","0,0","0,1","0,0"
"0,0","0,0","1,1","0,0","0,0","0,1","1,0","1,0","1,0","0,0","1,0","0,0","0,0","0,1","1,0","0,0","1,0","1,0","1,0","0,0","0,0","1,0","1,0","0,0","1,0","0,0","0,1","1,0","1,0","1,0","0,0","1,2","3,1","0,1","1,0","0,0","0,0","2,0","1,0","0,0","0,0","2,1","0,0","0,0","0,0","0,0","0,0","0,0","0,0","6,0","0,0","1,0","0,0","0,0","1,0","0,0","0,1","0,0","0,0","1,0","1,0","0,1","0,0","0,0","1,0","1,0","1,0","0,0","0,0","1,0","0,0","0,1","0,0","1,1","0,0","1,0","0,0","0,0","0,0","1,0","1,0","0,0","0,0","0,0","0,0","1,0","0,0","1,0","0,0","1,0","0,0","0,1","1,0","1,0","1,0","0,0","0,0","1,0","5,0","0,1"
"0,0","0,0","0,0","1,0","1,0","0,1","0,0","0,1","0,0","0,0","0,0","0,0","0,1","1,0","3,1","0,0","0,0","1,0","1,0","1,0","0,0","0,0","14,6","2,0","0,0","0,0","1,0","0,0","0,0","1,0","1,0","1,0","2,1","1,0","0,0","0,0","0,0","0,0","0,1","1,0","3,1","0,0","0,0","0,0","1,0","0,0","0,0","0,1","0,0","4,3","1,0","0,0","0,0","0,0","1,0","1,0","1,0","1,0","0,0","1,0","3,0","1,0","0,0","2,0","0,0","2,0","1,0","17,6","0,0","1,0","0,0","0,0","0,1","2,0","1,0","0,0","0,1","0,0","1,0","0,0","1,0","0,1","0,1","0,0","0,0","0,0","0,0","0,1","0,0","1,0","3,0","1,0","1,0","0,1","0,0","1,0","0,0","0,0","1,0","0,0"
"0,0","0,0","1,0","0,0","0,0","1,0","0,0","0,0","0,0","6,2","0,1","3,0","0,2","0,0","0,0","0,0","1,0","0,1","0,0","4,1","5,1","0,0","1,0","0,0","1,0","1,0","0,0","1,1","0,0","1,0","1,0","7,2","1,0","1,0","0,0","1,0","1,0","7,5","1,0","1,0","5,4","0,0","1,0","1,0","0,0","0,0","0,0","0,0","0,1","0,0","0,0","0,0","1,0","0,0","0,0","0,0","1,0","1,0","1,0","1,0","0,0","0,0","1,0","0,0","0,0","1,0","0,1","0,0","3,1","1,0","1,0","1,0","0,0","0,0","0,0","3,1","1,0","0,0","1,0","1,0","0,0","0,0","0,0","0,1","0,0","0,1","0,0","0,0","1,0","0,0","0,0","0,0","1,0","0,1","0,0","1,0","0,0","0,0","0,1","0,0"
"1,0","0,0","1,1","0,0","0,1","6,2","0,0","0,1","1,0","0,1","1,0","0,0","0,0","2,0","1,0","0,0","1,0","1,0","1,0","1,0","1,0","0,0","0,0","0,0","0,0","1,0","0,0","1,1","1,0","3,1","0,0","5,0","0,0","0,0","1,0","0,0","0,0","1,0","1,0","9,1","0,1","0,0","3,0","0,0","1,0","1,0","0,0","4,0","0,1","0,1","0,0","0,1","0,0","0,1","0,0","0,1","0,0","1,0","0,0","0,1","0,0","0,1","0,0","1,0","0,0","1,0","0,0","0,0","1,0","1,0","0,0","1,0","0,0","1,0","1,0","0,0","3,1","0,0","2,2","0,0","0,0","0,0","0,0","0,0","0,0","6,2","1,0","0,0","1,0","0,0","1,0","0,0","0,0","0,0","0,0","1,0","0,1","0,1","0,0","1,0"
"1,0","0,0","1,0","1,0","0,0","4,1","0,0","1,0","0,0","0,0","1,0","0,0","1,0","1,0","0,0","0,0","1,0","0,0","2,0","0,0","20,7","0,0","1,0","0,1","2,1","1,0","0,0","0,0","0,0","1,0","0,0","0,0","0,0","1,0","0,0","1,0","1,0","0,1","1,0","0,0","0,0","7,3","1,2","1,0","0,0","0,0","1,0","1,0","1,0","0,1","0,0","0,0","0,0","0,0","0,0","1,0","0,0","0,0","1,0","1,0","0,0","0,1","1,0","11,3","1,0","1,0","1,4","1,0","1,0","0,1","0,0","0,0","1,0","0,0","1,0","1,0","0,0","1,0","0,1","0,1","6,6","1,0","1,0","0,0","0,0","17,6","0,1","1,0","0,0","1,0","1,0","1,0","0,0","1,0","0,1","0,0","0,0","1,0","1,2","1,0"
