# Arguments: kr_a=0.0625, kd_a=0.25, rep=100, it=100, relocation=0.0625, division=0.5, rows=20, cols=5, status=None, file_ID=5, delta_t=None
"6,999","41,0","11,2","5,999","27,0","9,0","12,3","23,2","18,999","24,4","3,999","5,1","5,999","20,2","44,3","10,2","20,0","13,0","8,999","11,999","18,999","18,2","24,2","10,999","0,999","27,4","9,2","2,999","6,4","23,3","9,999","9,3","11,999","1,999","4,999","8,4","10,3","19,999","11,2","40,999","3,999","19,2","25,1","4,999","3,999","6,999","51,1","13,3","11,4","4,0","33,4","7,4","35,0","22,1","1,999","12,999","12,999","31,4","0,999","7,999","18,1","6,3","17,999","20,2","29,3","11,3","9,4","5,999","26,2","17,999","9,4","10,999","41,2","9,1","1,999","60,1","3,999","5,999","14,1","8,999","24,3","2,999","7,0","10,999","25,0","6,4","5,4","19,999","23,2","14,999","52,1","2,999","17,1","14,4","0,999","20,2","5,999","10,3","6,999","62,999"
"13,2","42,0","0,999","8,3","21,999","10,3","2,999","27,1","17,4","17,1","1,999","11,1","17,0","23,0","0,999","5,999","10,3","15,2","11,4","25,1","0,999","7,1","5,3","23,1","17,2","13,4","25,2","6,999","21,3","10,999","6,999","6,999","20,4","11,4","18,999","5,999","17,1","13,999","24,2","4,0","4,999","2,999","13,1","9,999","12,2","23,4","0,999","1,999","3,999","10,999","19,3","13,999","4,2","33,0","0,999","14,1","15,999","16,4","10,999","14,0","19,4","21,4","15,999","7,999","4,999","5,999","32,0","3,999","3,999","2,999","7,999","3,999","2,999","4,999","3,999","20,0","1,999","11,2","29,2","24,2","9,2","9,4","5,999","22,3","5,999","6,999","33,999","14,999","26,2","31,4","43,3","17,1","3,999","47,2","19,999","1,999","18,3","3,999","32,4","22,999"
"4,999","15,999","4,999","29,2","3,999","49,0","23,999","12,0","1,999","12,0","2,999","12,3","4,999","37,0","2,999","7,0","11,2","12,999","5,999","20,4","3,999","23,1","9,4","9,999","7,999","3,999","5,999","25,2","2,999","10,0","8,999","6,999","15,1","10,1","2,999","29,3","28,1","2,999","22,2","6,999","12,1","17,3","6,999","13,999","15,0","11,3","28,999","17,1","21,999","32,0","25,0","7,1","21,0","5,999","18,999","27,0","18,3","3,999","22,1","14,1","20,2","8,2","4,999","5,999","36,2","15,3","18,3","23,1","11,999","6,999","16,1","11,2","13,0","2,999","11,0","21,2","11,4","5,999","17,4","4,999","22,1","14,1","18,3","24,3","21,1","12,2","1,999","36,999","18,0","9,1","43,3","3,999","1,999","17,2","8,999","5,999","31,1","11,999","2,999","19,999"
"0,999","4,999","4,999","13,0","18,4","8,2","20,999","11,999","13,3","27,4","21,999","11,3","11,999","21,2","50,4","4,999","0,999","10,4","5,999","15,2","3,999","7,3","7,999","7,4","14,0","9,1","25,4","21,1","2,999","9,999","11,999","22,0","52,0","19,1","15,2","15,999","10,4","35,4","19,3","22,0","6,3","19,2","4,999","25,2","13,2","8,2","1,999","11,2","32,999","14,3","12,1","2,999","25,4","0,999","2,999","16,1","1,999","3,999","21,4","1,999","13,0","84,999","2,999","8,999","1,999","30,0","0,999","35,0","4,2","16,2","8,1","4,999","1,999","17,0","6,3","10,999","11,999","0,999","30,2","31,1","11,4","14,3","22,999","33,4","18,4","34,999","21,999","5,0","17,0","0,999","7,3","2,999","2,999","36,1","10,0","58,4","22,1","17,999","6,999","10,999"
"9,3","12,0","9,2","6,999","21,4","25,999","12,4","8,999","14,3","4,999","13,4","12,2","45,2","6,999","20,999","15,4","11,4","3,999","10,999","4,999","4,3","6,999","1,999","3,999","1,999","16,2","4,4","5,999","8,4","15,0","7,0","34,0","12,999","21,999","15,0","11,0","6,4","3,999","11,3","5,999","1,999","10,1","8,3","2,999","16,999","1,999","23,2","3,999","24,3","6,999","6,2","0,999","19,2","26,3","19,999","11,999","1,999","3,999","15,999","19,999","0,999","4,999","27,999","24,3","1,999","20,2","12,999","0,999","6,0","23,3","5,999","16,999","14,999","15,3","9,2","8,999","13,4","7,999","12,4","16,999","6,999","0,999","3,999","6,999","7,999","13,1","46,4","12,999","10,0","6,3","4,1","5,999","4,999","5,999","15,999","6,999","16,999","4,999","15,4","5,999"
"27,0","57,1","1,999","12,2","9,0","21,4","19,3","1,999","5,999","17,999","2,999","9,999","3,999","18,999","8,4","15,3","31,1","2,999","4,999","4,999","36,1","1,999","6,0","34,0","2,999","11,2","14,3","24,1","18,999","4,999","36,4","17,999","9,999","2,999","15,1","2,999","13,999","17,999","16,999","17,3","5,999","86,4","5,999","4,1","15,0","4,999","12,1","5,3","8,999","23,0","9,3","1,999","1,999","5,999","14,999","1,999","20,1","5,999","0,999","5,999","1,999","5,999","15,0","12,999","10,2","5,4","3,3","47,1","4,3","7,4","13,3","1,999","6,4","13,1","22,3","4,999","4,999","29,1","14,0","34,2","3,999","35,4","20,1","16,999","26,999","27,2","8,999","1,999","12,0","16,4","21,4","10,999","15,2","7,0","17,1","2,999","5,999","3,999","9,1","16,999"
"1,999","17,0","11,1","37,3","2,999","4,999","5,999","8,999","41,999","3,999","5,999","41,4","1,999","18,3","25,3","9,3","15,4","39,4","10,4","5,0","8,999","5,999","3,999","1,999","7,999","30,3","27,2","3,999","5,999","9,0","12,2","8,999","9,999","25,2","12,4","4,999","18,1","8,3","9,999","7,4","8,999","11,0","24,1","22,4","15,999","8,2","3,999","26,0","20,0","13,999","9,999","10,2","13,999","12,2","2,999","2,999","22,999","8,0","17,999","11,999","2,1","18,3","7,999","1,999","20,999","24,999","61,999","3,4","13,0","21,4","17,999","11,2","3,999","3,999","1,999","0,999","9,4","3,999","3,4","5,1","32,999","11,999","4,999","12,3","3,999","8,999","0,999","26,2","11,1","13,3","26,2","0,999","0,999","3,999","16,3","1,999","18,3","0,999","13,4","3,999"
"32,1","77,4","22,0","4,999","10,999","10,999","25,4","4,999","6,999","1,999","0,999","9,1","17,999","24,3","14,4","27,1","2,999","9,999","1,999","19,0","33,4","2,999","5,999","4,999","11,3","13,4","14,0","69,0","6,999","20,4","4,999","18,0","8,4","10,3","6,999","5,999","6,999","12,4","34,2","33,3","5,999","10,0","8,0","3,999","7,3","13,999","33,3","29,1","2,999","3,999","19,1","3,999","2,999","4,999","2,999","11,3","14,999","13,1","8,0","2,999","18,2","4,1","4,999","16,999","6,2","16,999","2,999","12,0","16,0","5,999","45,4","1,999","65,3","20,4","4,999","3,999","7,4","39,1","21,4","3,1","24,999","1,999","16,2","13,999","78,0","2,999","24,1","39,3","9,2","0,999","1,999","21,2","3,999","39,999","10,999","1,999","21,4","50,3","23,999","109,4"
"14,4","13,1","19,3","6,4","6,0","10,999","17,2","6,4","7,999","2,3","9,2","16,4","4,2","9,2","19,0","9,999","47,999","12,3","23,0","26,4","17,1","8,999","1,999","2,999","5,999","52,2","5,999","3,999","27,2","26,0","9,0","3,0","48,1","22,0","14,4","34,0","1,999","3,999","31,4","5,999","15,999","47,0","36,0","6,999","12,999","7,999","11,2","1,999","1,2","16,2","60,2","20,2","47,4","44,2","14,999","6,3","9,999","7,2","3,0","8,3","10,1","19,4","1,999","15,2","6,3","1,999","8,3","3,999","12,0","17,999","1,999","26,0","10,0","24,0","11,999","10,999","18,2","12,2","12,999","22,2","3,3","7,999","8,1","18,3","19,3","7,1","11,2","1,999","26,3","8,2","7,0","10,2","16,1","30,1","36,0","16,0","16,0","3,999","24,0","21,999"
"5,4","14,3","6,4","6,999","4,999","1,999","14,0","7,999","12,3","10,999","16,4","25,999","2,999","12,1","34,3","23,0","2,999","14,3","19,0","18,2","16,1","3,999","2,999","8,0","2,999","24,2","14,0","26,2","5,0","4,999","15,1","11,4","6,3","41,1","18,3","30,999","12,999","1,999","8,999","9,999","0,999","8,999","4,999","2,999","1,999","2,999","25,1","13,3","21,4","16,4","17,999","37,0","32,1","1,999","14,4","10,999","1,999","23,0","4,999","24,2","1,999","21,1","10,999","13,4","7,999","5,3","36,0","1,999","4,999","21,3","6,999","41,0","27,999","22,999","21,2","14,999","2,999","16,1","1,999","10,4","8,999","52,4","17,3","13,4","77,4","31,0","7,1","4,999","12,0","37,1","12,999","20,0","18,999","3,999","11,999","11,1","1,999","11,999","4,999","4,999"
"7,1","17,4","0,999","6,999","5,2","16,4","18,2","24,999","3,999","1,999","17,0","11,0","13,999","15,3","3,999","19,1","29,1","49,2","5,999","29,3","6,4","0,999","7,3","1,999","23,2","2,999","7,0","30,1","7,999","27,999","25,2","17,4","6,0","12,0","4,4","14,999","27,3","13,999","0,999","36,1","1,999","6,999","23,2","13,999","13,3","7,0","6,4","8,999","18,999","3,999","0,999","0,999","30,3","17,2","24,999","8,3","29,1","32,999","6,999","14,1","40,3","20,0","32,999","10,4","32,2","6,999","15,0","26,2","15,999","28,1","5,4","22,3","10,3","41,2","9,4","2,999","9,0","11,999","27,4","6,0","1,999","2,999","16,999","17,4","9,1","36,3","38,1","4,4","4,999","1,999","19,0","6,999","26,3","24,999","20,3","31,0","5,999","24,3","6,999","7,1"
"2,999","2,999","18,2","11,2","26,2","37,4","1,999","5,999","9,999","13,999","8,999","6,999","16,0","24,4","8,4","17,2","16,1","1,999","14,999","9,1","16,4","1,999","10,0","7,999","7,0","2,999","20,0","22,2","30,3","2,999","3,999","8,0","28,999","3,0","12,0","17,4","10,3","5,999","2,999","10,4","2,999","16,1","12,999","0,999","2,999","25,4","2,999","14,1","11,999","6,999","30,1","24,3","1,999","19,2","16,1","25,1","3,999","10,999","4,4","14,999","20,999","17,1","11,2","0,999","11,999","2,999","9,1","39,1","6,999","14,1","28,1","5,999","9,1","20,2","0,999","1,999","10,2","24,0","15,0","16,3","8,999","32,1","8,999","4,4","20,999","32,4","3,999","5,0","9,0","24,1","16,1","6,999","1,999","19,3","16,1","8,999","17,3","12,999","18,999","15,2"
"1,999","8,999","2,2","0,999","23,1","15,3","10,999","16,0","28,0","15,3","0,999","5,1","31,2","11,1","31,1","20,3","12,1","8,4","14,0","18,4","13,1","2,999","22,999","5,999","7,999","15,999","11,2","5,2","6,999","3,999","21,1","3,999","4,0","24,0","13,3","4,2","18,0","6,3","7,4","11,0","17,1","44,0","10,0","6,999","26,4","15,3","4,999","1,999","32,999","1,999","3,999","20,4","2,999","7,999","10,3","36,1","15,0","21,4","6,999","6,999","33,0","3,999","47,1","6,999","9,999","10,1","1,999","10,0","9,999","24,999","19,2","32,999","21,2","21,999","4,999","7,1","1,999","11,1","2,999","25,999","8,999","26,1","7,999","12,999","6,2","12,3","2,999","10,999","8,999","1,999","0,999","5,0","7,2","21,3","3,0","3,999","19,0","21,1","5,999","11,999"
"12,999","9,999","8,4","1,999","16,1","29,1","10,3","8,0","4,999","0,999","5,999","5,999","5,999","2,999","2,999","20,0","18,1","6,3","18,1","17,2","18,1","14,3","9,4","32,2","4,999","8,999","41,0","7,999","21,3","8,3","1,999","2,999","9,1","13,4","15,4","2,999","29,3","9,3","1,999","6,4","37,4","24,1","15,4","5,999","80,3","25,1","14,4","2,3","16,999","10,2","20,4","27,999","35,3","9,2","27,4","23,4","4,1","16,3","29,999","38,4","16,999","5,999","1,999","54,2","10,0","1,999","5,999","14,3","19,0","14,3","12,999","34,0","3,999","3,999","11,4","35,1","19,999","15,1","33,3","2,999","7,999","9,999","16,999","2,999","2,999","4,999","7,999","5,999","32,1","13,999","49,0","11,4","0,999","14,1","14,999","5,3","6,0","23,4","5,999","2,999"
"26,3","10,999","33,0","17,1","3,999","21,3","4,999","0,999","36,3","25,4","2,999","16,999","30,3","0,999","3,999","2,999","10,999","11,999","4,999","63,2","56,0","2,999","29,0","27,2","52,2","11,999","9,1","16,1","22,1","26,999","6,999","3,999","12,4","11,999","1,999","3,999","16,999","28,3","19,2","49,4","2,999","30,4","16,3","1,999","24,3","6,999","22,2","11,0","22,1","4,999","26,2","1,999","13,2","23,0","1,999","16,999","6,0","31,2","23,4","27,1","2,999","29,1","14,999","32,1","17,4","32,0","0,999","52,999","7,4","1,999","7,4","39,3","13,4","11,1","1,999","6,999","8,0","16,2","2,999","6,0","18,999","22,0","9,0","33,999","1,999","12,3","4,0","12,1","8,999","19,999","14,3","1,999","4,999","1,999","13,1","30,4","11,4","12,2","2,999","2,999"
"12,999","7,999","1,999","5,999","2,999","29,0","11,999","10,0","4,999","7,2","8,1","7,999","4,999","7,999","32,0","8,999","20,999","11,999","13,999","29,1","4,2","14,4","30,3","18,0","3,999","27,3","20,3","22,3","8,999","25,2","24,2","11,4","24,2","14,1","25,999","16,2","3,999","8,999","16,2","0,999","13,0","15,4","20,1","23,3","13,2","21,4","7,3","11,3","10,999","4,999","22,2","1,999","27,2","2,999","2,999","9,2","19,0","19,999","12,2","5,999","1,999","46,4","39,0","8,999","39,999","5,999","23,999","1,999","15,999","7,999","26,4","6,4","7,999","14,4","9,999","5,999","6,4","32,999","9,999","25,999","8,3","16,2","9,999","10,4","8,999","27,3","19,999","15,4","29,3","3,999","24,0","21,4","3,999","5,999","17,999","4,999","17,2","1,999","6,999","1,999"
"27,1","8,4","10,2","29,0","1,999","25,1","15,0","10,999","24,999","3,999","7,999","7,4","12,4","1,999","4,999","27,3","12,999","50,1","24,2","3,999","16,999","14,0","73,2","4,999","1,999","18,999","6,2","14,2","40,2","2,999","33,2","13,2","6,999","6,1","9,1","18,999","6,999","11,999","3,999","14,999","6,999","16,1","7,0","13,4","10,999","10,999","32,2","15,1","6,3","2,999","25,4","22,2","11,999","1,999","3,999","3,999","9,4","26,0","20,2","8,999","42,0","25,3","7,999","3,999","1,999","11,0","33,1","15,4","21,999","10,3","6,1","9,999","1,999","1,999","7,999","23,3","4,999","4,999","8,999","15,2","4,4","11,1","14,0","11,0","28,3","11,2","22,999","2,999","18,2","12,4","62,4","1,999","4,999","23,4","3,999","11,4","6,999","7,3","54,999","15,4"
"30,1","2,999","6,999","1,999","1,999","58,0","12,4","14,2","24,1","6,999","15,999","9,1","7,4","4,999","0,999","6,999","16,3","24,4","10,999","5,999","9,999","19,4","16,3","10,3","8,4","3,1","33,2","15,3","27,1","4,999","10,999","3,999","4,999","18,0","14,999","28,2","3,999","1,999","31,4","0,999","4,0","5,999","11,2","29,2","10,3","5,3","45,3","14,1","12,2","4,1","9,0","0,999","41,4","1,999","32,0","10,1","31,3","5,999","3,999","6,999","0,999","5,1","17,3","37,2","1,999","33,0","11,0","2,999","7,999","3,999","4,999","1,999","13,0","42,4","8,999","8,4","14,999","6,2","7,999","3,4","22,3","16,999","3,999","6,999","25,4","9,999","9,999","7,999","15,3","4,999","13,999","37,999","6,999","19,999","5,999","49,2","21,3","15,3","32,1","16,999"
"4,4","17,3","7,3","39,999","15,999","2,999","9,999","13,3","13,3","17,4","38,999","16,2","41,2","12,999","4,999","28,999","8,3","2,999","5,4","22,0","17,999","17,0","7,999","1,999","0,999","22,0","48,3","11,999","11,3","19,999","7,999","22,1","43,1","8,4","6,999","36,999","10,4","62,999","33,1","2,3","7,999","33,0","13,0","5,999","14,999","25,0","17,3","9,3","1,999","4,999","17,1","44,2","46,4","3,999","22,4","14,1","6,4","5,999","4,999","3,999","65,999","17,1","10,2","0,999","0,999","20,1","41,2","8,4","3,999","24,3","4,999","18,3","1,999","37,2","3,999","1,999","11,2","18,2","47,3","2,999","23,0","9,2","11,1","5,999","0,999","0,999","10,999","43,999","6,1","12,1","53,1","25,3","13,3","26,0","1,999","2,999","31,4","6,999","25,1","15,4"
"1,999","14,0","9,999","2,999","1,999","52,999","10,999","24,1","48,2","0,999","17,3","19,999","3,999","16,0","26,0","13,3","13,3","7,3","5,999","34,0","2,999","4,999","9,999","25,0","3,999","6,2","4,999","1,999","3,999","9,999","9,999","18,2","3,999","0,999","15,4","4,999","3,999","49,2","0,999","10,999","26,2","3,999","20,999","3,999","38,3","3,2","28,999","4,999","13,3","1,999","16,4","24,0","10,4","14,3","7,999","46,2","6,3","4,4","21,1","7,999","27,2","44,4","13,0","38,2","8,999","12,1","8,1","5,1","16,3","13,1","2,999","16,1","0,999","1,999","36,0","25,4","20,3","6,1","15,0","28,3","9,999","3,999","14,3","17,1","36,0","75,0","16,1","2,1","3,0","18,2","15,1","4,999","14,0","15,2","12,0","105,999","18,4","15,0","1,999","7,999"
"2,999","19,999","17,3","3,999","6,999","8,2","17,999","7,3","17,4","6,3","23,0","16,3","7,3","14,0","8,999","3,999","36,1","24,4","9,999","12,4","10,2","7,999","40,999","39,3","36,4","21,0","8,3","19,2","28,4","32,1","14,2","26,999","2,999","2,999","6,4","5,0","7,999","10,3","2,999","33,4","8,0","18,4","23,4","6,2","7,999","0,999","4,999","12,2","3,999","1,999","9,999","24,999","1,999","4,0","21,999","2,999","2,999","1,999","22,0","45,0","21,2","29,1","5,999","12,3","12,4","4,999","7,1","19,3","4,1","5,999","11,2","18,3","19,2","18,2","8,999","19,0","9,999","25,999","8,999","16,999","6,2","1,999","17,3","21,1","9,4","17,1","35,0","27,3","29,0","15,3","7,999","20,0","13,3","17,1","1,999","37,999","8,3","29,0","3,999","21,4"
"5,999","1,999","4,999","14,4","18,4","5,999","47,4","23,2","16,2","5,3","1,999","15,4","14,1","22,3","10,4","3,3","6,999","28,0","5,999","15,2","13,999","14,2","4,999","15,3","24,4","16,0","1,999","17,1","3,999","14,999","5,999","21,999","15,999","21,4","3,999","13,0","21,1","12,0","33,1","15,999","21,4","29,1","2,999","5,999","43,2","20,0","23,999","9,2","21,0","3,999","19,0","9,2","7,999","6,999","11,3","3,0","21,0","32,1","10,999","0,999","9,999","6,3","17,3","13,2","42,4","2,999","5,999","3,999","23,2","18,0","12,1","32,4","14,3","1,999","4,0","4,999","11,0","1,999","14,999","12,4","33,999","10,2","19,0","20,4","27,2","7,999","4,2","28,1","2,999","21,0","13,4","15,2","6,999","18,1","17,3","22,0","16,2","2,4","4,2","14,4"
"3,999","4,999","1,999","17,2","3,999","19,3","12,999","11,2","21,3","14,4","2,999","5,999","10,1","13,0","9,999","2,999","17,2","12,3","3,999","4,999","0,999","2,999","6,999","13,999","55,3","8,999","0,999","4,999","6,4","43,3","2,999","0,999","10,0","7,4","17,999","26,2","25,3","26,2","12,999","21,4","5,1","7,3","3,999","1,999","7,3","6,999","46,999","23,1","29,4","5,999","15,999","6,1","4,1","37,999","14,0","22,2","30,1","19,3","4,999","27,0","1,999","11,999","0,999","6,1","8,999","8,999","2,999","14,3","16,999","8,999","3,999","17,1","2,999","12,1","0,999","9,0","1,999","12,1","26,3","8,2","5,999","8,0","19,1","12,4","0,999","4,999","12,2","1,999","25,1","41,999","29,0","21,2","1,999","0,999","0,999","11,0","5,999","5,999","7,4","18,2"
"36,1","7,999","14,999","16,1","31,4","25,4","25,1","23,0","4,999","29,1","15,3","26,3","13,4","29,0","0,999","25,999","25,1","12,1","1,999","28,2","4,2","6,999","74,4","20,1","9,3","22,3","9,1","7,999","1,999","24,2","81,4","4,2","4,3","10,0","23,999","53,2","23,4","2,999","2,999","13,4","15,2","17,999","31,0","7,999","20,1","1,999","0,999","26,3","5,0","16,0","53,4","3,999","44,4","14,0","13,3","3,999","4,999","2,999","15,1","17,0","33,2","23,999","25,2","2,999","20,4","2,999","19,1","13,1","23,0","5,999","19,1","36,999","17,2","6,999","15,4","6,999","8,0","63,0","16,2","19,0","13,2","3,999","2,999","17,999","29,1","15,2","4,999","21,4","17,0","23,4","8,3","3,999","1,999","7,2","9,1","6,999","4,999","30,1","34,999","1,999"
"1,999","6,1","0,999","41,0","12,1","2,999","6,2","28,0","1,999","11,4","6,2","3,4","11,1","28,0","32,4","0,999","34,1","24,2","0,999","9,999","13,0","11,0","2,999","9,999","0,999","12,999","0,999","32,999","8,1","6,999","0,999","21,1","27,999","5,999","11,1","15,0","23,0","7,999","38,2","1,0","12,2","0,999","10,4","31,4","9,1","11,2","11,999","4,999","12,4","0,999","0,999","31,3","0,999","25,0","5,999","26,0","1,999","5,1","20,0","41,999","4,999","11,4","6,999","5,2","4,999","40,1","9,999","13,3","12,999","24,999","47,999","17,2","3,2","13,3","23,999","32,4","24,0","23,4","35,4","1,999","29,0","4,999","15,999","3,999","13,1","4,3","2,999","1,999","17,999","0,999","3,999","16,0","5,999","20,0","15,999","23,2","2,999","2,999","17,4","26,4"
"19,4","10,1","8,2","10,2","3,999","13,2","2,999","5,999","13,999","23,3","27,2","14,3","17,2","11,3","17,3","7,999","8,4","23,4","10,4","2,999","25,4","17,1","34,1","15,3","14,999","7,2","15,3","16,999","69,0","18,4","7,4","4,999","30,4","10,2","5,999","5,1","28,0","1,999","4,999","4,999","10,999","7,3","41,0","12,999","4,999","11,2","10,0","15,4","68,0","22,1","26,999","26,1","12,999","2,999","10,4","1,999","5,999","48,0","17,4","4,999","10,2","2,999","5,4","7,999","3,999","21,4","4,999","10,1","19,2","3,999","7,0","14,2","4,999","9,999","11,1","1,999","12,2","7,2","1,999","1,999","5,3","17,0","30,3","3,999","20,0","24,0","1,999","1,999","11,999","1,999","5,999","9,999","1,999","8,0","1,999","1,999","13,4","4,999","14,0","16,4"
"19,2","26,3","18,3","9,4","1,999","7,999","5,1","8,999","3,999","0,999","1,999","7,0","5,999","13,1","11,0","1,999","0,999","4,999","34,999","2,999","1,999","13,0","31,4","30,0","0,999","4,999","17,1","15,999","17,3","8,3","9,999","13,999","6,999","9,999","25,1","3,999","18,0","21,3","18,1","1,999","33,0","5,999","2,999","11,1","12,0","13,999","41,999","26,999","2,999","20,1","11,1","19,4","16,1","28,4","2,999","3,999","25,1","3,999","3,999","23,3","38,2","5,999","13,1","32,4","0,999","49,0","13,2","17,999","9,999","3,999","2,999","11,1","23,999","19,0","4,999","9,2","7,4","7,4","11,2","20,0","28,2","11,1","12,2","1,999","22,1","10,1","8,2","13,2","8,999","18,4","9,3","9,4","14,3","9,0","41,1","3,999","5,999","15,2","6,999","34,4"
"36,1","2,999","41,4","51,1","6,2","42,0","24,3","4,999","29,4","6,3","7,3","13,3","1,999","2,999","2,999","27,999","8,3","6,0","6,999","29,2","19,0","1,999","22,4","7,1","9,999","9,2","0,999","7,999","21,4","9,1","2,999","30,999","32,4","14,999","19,0","3,999","20,3","30,4","13,0","31,1","30,4","2,999","3,999","22,1","0,999","13,3","15,999","7,999","9,0","11,999","7,999","23,1","9,1","23,1","16,2","3,999","5,0","5,999","20,4","11,0","28,0","2,999","20,0","1,999","4,999","22,999","18,3","12,4","4,4","32,1","4,999","33,2","7,1","24,1","28,999","8,3","5,1","19,0","3,999","33,0","3,999","8,4","7,999","34,4","4,999","4,999","21,3","8,4","0,999","3,0","13,1","17,999","3,999","23,4","13,0","21,2","17,1","42,0","5,999","20,0"
"12,2","43,4","26,2","12,0","47,0","2,999","5,999","32,0","18,2","11,0","0,999","10,1","26,1","17,2","3,999","10,4","7,999","55,0","14,999","26,3","7,999","3,999","19,0","4,1","4,999","21,3","1,999","13,0","9,4","21,4","10,999","52,1","8,999","5,999","7,999","12,999","3,999","46,999","70,0","49,4","17,4","25,4","14,999","3,999","9,0","6,2","5,999","16,2","23,999","14,0","3,999","5,999","21,3","31,4","21,1","2,999","16,3","20,2","16,1","10,999","69,1","7,999","4,999","18,999","15,4","1,999","4,0","1,999","27,3","6,4","7,4","14,0","19,999","36,0","4,999","1,999","17,1","19,4","66,1","17,999","12,2","17,3","34,2","7,3","31,1","21,3","1,999","6,999","11,0","18,0","10,3","3,0","11,1","8,1","24,1","12,999","11,999","14,3","4,999","7,0"
"17,999","28,2","7,3","34,2","0,999","2,999","5,999","4,999","5,2","5,999","0,999","3,999","29,2","2,999","32,999","21,999","1,999","24,0","8,3","9,3","1,999","4,999","5,999","10,0","7,4","6,999","17,999","10,3","20,999","11,999","26,0","18,2","2,999","30,999","1,999","13,2","14,2","32,999","8,2","7,999","22,0","4,999","6,999","2,999","19,1","9,3","5,3","27,3","34,1","20,4","5,999","2,999","6,999","21,3","14,1","3,999","7,999","22,1","0,999","20,4","8,4","9,2","7,999","9,2","6,4","14,999","75,1","9,999","15,3","12,1","17,0","12,3","17,999","14,4","31,2","6,1","15,2","26,2","28,4","10,999","1,999","19,1","12,3","16,1","1,999","14,3","0,999","21,4","15,999","77,2","1,999","5,999","12,999","20,4","1,999","11,999","2,999","23,2","21,999","39,4"
"22,999","2,1","5,999","24,4","15,2","15,1","22,4","12,999","16,3","2,999","21,1","6,999","4,999","14,2","25,2","15,2","15,0","1,999","12,4","11,1","33,0","5,999","9,1","5,999","26,0","27,0","6,999","49,2","27,999","6,999","8,3","9,4","3,999","7,1","2,999","2,999","4,999","32,3","30,0","19,999","9,999","26,4","8,999","1,999","2,3","6,4","35,1","4,999","27,0","20,3","19,1","26,3","3,999","30,999","28,4","10,3","2,999","0,999","17,0","4,999","3,1","12,2","8,4","5,999","16,4","14,4","21,1","7,999","6,2","18,999","35,2","0,999","26,1","47,2","21,3","21,1","7,2","3,999","6,999","24,1","14,3","12,3","13,1","12,999","8,999","14,3","14,1","12,4","9,999","12,999","39,4","15,1","3,999","19,4","43,0","23,1","18,4","13,3","21,4","1,999"
"2,999","37,2","14,2","8,4","5,999","28,1","14,4","23,999","4,999","31,999","37,0","21,2","8,2","2,999","20,999","9,1","16,3","9,999","6,1","6,999","21,0","28,999","19,999","0,999","1,999","27,2","13,4","34,0","29,1","30,2","5,999","1,999","73,2","13,4","5,999","11,0","15,3","19,0","9,999","31,1","38,0","14,1","20,2","16,3","21,1","28,2","10,999","12,4","25,0","16,3","54,3","1,999","13,999","28,0","3,4","16,2","19,1","2,999","20,999","14,1","25,1","4,999","11,999","86,999","4,999","28,3","16,3","4,999","22,2","14,4","5,999","38,999","18,3","16,3","8,999","1,999","8,0","5,999","12,1","1,999","11,1","14,1","12,1","7,999","5,999","2,999","5,999","1,2","27,1","26,0","22,0","11,1","28,1","47,2","11,1","19,0","20,0","2,999","2,999","24,2"
"1,999","9,1","26,2","3,999","1,999","0,999","14,999","2,999","14,2","2,999","1,999","4,999","8,999","26,2","14,999","25,3","4,999","9,999","11,999","35,0","23,1","20,999","9,2","24,3","8,0","15,3","15,0","2,999","32,2","74,999","6,999","3,999","51,0","6,999","12,2","10,2","14,4","8,999","4,3","51,3","10,4","13,4","21,3","1,999","8,4","13,0","5,999","53,1","23,4","48,4","14,0","12,4","16,999","9,999","21,0","1,999","27,1","20,2","51,2","7,999","17,999","33,0","3,999","5,999","2,999","19,4","2,3","49,4","3,999","7,0","17,999","15,4","0,999","17,2","5,999","14,0","6,2","5,999","20,4","7,3","1,999","3,999","28,999","31,0","22,3","23,0","26,4","4,999","3,999","33,4","22,2","23,4","3,2","19,3","2,999","31,2","19,2","11,999","11,4","13,3"
"14,1","24,999","62,4","1,999","10,4","2,999","5,999","6,0","10,0","9,3","22,0","12,2","7,999","18,2","2,999","7,999","9,999","18,1","7,2","31,999","2,999","24,999","1,999","13,3","9,1","5,999","3,2","5,3","12,0","17,0","1,999","17,4","18,2","1,999","31,0","14,4","29,2","3,999","21,0","4,999","25,1","24,4","35,0","1,999","17,2","64,1","5,0","7,999","7,0","1,999","17,3","19,3","1,999","10,4","2,1","7,999","23,1","1,999","6,999","17,3","6,4","47,0","0,999","7,999","11,999","11,999","2,999","17,0","12,0","28,3","4,999","13,2","32,2","9,999","1,999","5,999","3,999","4,999","11,0","5,999","13,999","1,999","8,999","12,999","8,4","8,999","17,3","2,999","4,999","6,2","12,999","5,999","53,2","39,1","7,4","22,0","23,2","3,1","34,3","2,999"
"5,999","2,999","21,2","10,4","11,4","3,999","13,3","3,999","9,2","52,3","15,999","0,999","6,999","12,999","30,1","10,0","18,2","10,999","9,999","25,1","9,4","50,1","21,3","6,999","24,3","1,999","9,0","29,1","28,3","15,999","16,999","8,0","2,999","16,0","16,2","16,0","13,3","10,0","9,999","20,4","7,0","8,1","5,999","20,999","29,4","32,2","43,1","19,2","11,2","5,999","6,999","5,999","4,999","16,3","17,4","17,2","16,0","16,999","8,999","2,999","35,0","1,999","18,2","19,4","6,2","6,999","10,3","51,2","27,2","3,999","10,999","6,3","20,4","10,2","8,999","14,999","1,999","2,999","31,3","11,2","22,999","21,2","5,999","16,0","37,1","5,999","3,1","16,3","37,1","11,999","21,0","14,1","32,3","13,2","14,4","4,999","14,2","5,999","13,0","9,999"
"32,4","8,999","10,1","9,999","5,999","1,999","3,999","8,999","14,999","23,0","18,4","11,999","32,4","1,999","14,4","2,999","1,999","12,0","22,4","13,1","31,1","8,3","5,999","44,0","38,2","17,4","5,999","25,2","4,999","13,999","8,999","27,3","1,999","24,0","53,1","7,999","12,999","9,0","1,999","16,2","1,999","63,2","6,4","26,2","19,2","8,1","15,999","11,1","11,4","1,999","4,999","0,999","7,3","26,0","6,999","18,999","1,999","7,2","2,999","14,4","5,999","47,999","28,0","7,0","8,4","9,4","3,0","5,999","4,999","4,999","18,999","28,1","3,999","12,999","17,4","6,999","44,2","2,999","9,999","8,0","18,1","16,4","9,1","22,2","14,2","34,4","61,4","1,999","17,2","16,999","28,0","30,3","1,999","37,3","12,999","14,2","40,3","29,4","1,999","26,1"
"41,3","36,999","1,999","18,4","20,0","1,999","20,1","5,999","8,3","1,999","15,4","5,999","26,3","20,999","18,0","13,2","9,0","15,3","1,999","7,999","10,999","6,999","0,999","10,4","16,3","9,0","20,1","16,999","22,999","12,999","39,0","6,4","1,999","10,2","13,999","45,2","16,1","5,999","27,999","2,999","13,3","12,2","5,999","51,1","1,999","18,2","32,1","28,3","31,999","7,4","11,3","29,4","11,3","22,2","25,0","5,999","15,2","1,999","4,999","3,999","11,999","21,2","7,999","15,0","12,1","1,999","6,4","24,2","44,4","3,999","113,2","26,4","11,3","16,999","20,1","7,0","10,999","5,2","5,4","0,999","7,999","5,999","3,999","26,4","26,4","5,0","8,999","31,2","2,999","2,999","13,3","7,999","2,999","25,0","10,2","4,999","3,999","13,2","3,999","3,999"
"64,2","26,4","23,3","14,1","21,999","21,999","15,1","2,999","9,999","10,2","15,0","24,2","23,1","10,999","7,4","6,1","52,2","16,3","18,3","10,4","14,4","17,999","3,999","13,4","6,1","12,4","8,2","12,0","2,999","19,999","33,1","6,999","13,0","9,0","1,999","22,4","1,999","2,999","13,1","10,999","8,999","0,999","12,0","0,999","30,999","5,999","8,999","0,999","14,999","43,1","0,999","32,0","39,1","12,2","3,3","1,999","20,2","15,4","25,4","22,3","23,2","21,0","2,2","5,999","17,0","39,0","2,999","17,0","5,999","24,3","41,999","11,2","17,2","11,999","23,1","25,3","17,999","16,4","2,999","2,999","21,3","2,999","0,999","28,3","1,999","1,999","25,0","29,0","3,999","2,999","2,999","9,0","17,4","26,2","15,3","5,999","3,1","20,3","30,3","13,999"
"6,999","4,999","21,0","8,0","5,999","2,999","62,0","13,3","0,999","6,999","7,0","15,999","5,999","7,1","14,999","14,1","5,999","14,1","13,999","14,999","9,2","2,999","19,2","27,3","19,3","2,999","12,1","11,999","8,1","1,999","17,999","11,3","4,999","13,0","6,0","5,999","24,4","19,999","1,999","16,2","12,1","4,999","27,1","24,0","4,999","0,999","28,3","5,999","3,999","4,999","12,4","29,0","10,2","9,999","5,0","1,999","27,999","5,999","19,2","7,999","35,0","10,3","10,2","25,3","28,3","12,3","9,999","4,999","21,1","10,3","26,0","4,999","33,999","38,4","17,2","22,3","12,3","2,999","18,4","17,3","18,2","25,999","3,999","5,999","15,999","2,999","15,4","70,2","20,2","18,3","13,999","41,4","2,999","12,999","82,4","18,3","5,999","3,999","5,999","5,0"
"2,999","2,999","13,4","1,999","22,1","3,999","10,0","22,2","2,999","20,3","26,999","1,999","9,999","0,999","9,999","55,999","11,999","2,999","16,3","9,999","6,2","8,3","15,0","10,2","43,2","6,999","2,999","3,999","1,999","4,999","24,2","5,999","30,3","22,999","32,2","1,999","1,999","8,2","14,999","0,999","2,3","26,999","19,1","12,999","22,4","6,999","30,0","1,999","10,2","38,999","27,999","21,4","10,0","26,0","11,1","3,999","3,4","18,2","20,999","19,1","2,999","23,1","3,999","14,0","13,999","23,0","12,999","3,999","12,4","0,999","15,3","14,4","3,999","41,0","8,1","8,2","15,1","7,999","10,4","0,999","12,3","33,0","0,999","13,999","11,2","2,0","20,4","31,0","7,999","18,999","2,999","18,999","7,2","11,999","16,999","14,999","26,0","9,4","2,999","9,999"
"17,1","5,999","3,999","3,999","3,999","25,1","1,999","1,999","9,4","21,4","0,999","6,999","11,1","10,4","21,0","16,999","5,999","17,2","16,0","9,999","15,0","6,999","26,999","35,1","3,999","0,999","33,1","16,999","10,2","25,999","23,4","8,999","11,2","11,3","24,0","15,1","7,999","5,4","18,2","5,999","25,4","0,999","1,999","21,999","10,2","4,4","5,999","43,0","32,999","0,999","13,2","1,999","30,4","11,999","19,4","3,999","8,0","23,2","28,3","17,3","46,3","1,999","5,999","38,2","5,999","14,999","6,999","1,999","21,2","9,999","0,999","4,999","25,1","29,2","8,999","34,1","7,4","8,1","17,3","20,999","15,0","7,0","15,999","17,1","33,999","2,999","14,0","1,999","6,999","27,3","38,2","18,2","31,1","24,3","27,4","17,999","2,999","2,999","33,3","7,999"
"25,999","16,4","24,2","23,2","8,999","6,999","13,1","11,4","8,3","0,999","24,2","17,3","35,0","8,2","0,999","5,999","13,0","30,4","9,999","9,0","12,0","6,999","4,999","0,999","22,0","6,999","6,1","11,999","21,3","17,999","22,2","3,999","19,3","2,999","13,3","16,1","16,4","13,4","2,999","26,0","19,4","29,4","9,999","20,2","24,0","35,0","23,4","12,999","1,999","2,3","0,999","1,999","55,1","8,0","22,0","13,4","22,1","16,3","21,2","12,4","18,4","4,999","10,999","13,1","2,999","17,999","8,1","6,999","19,999","2,999","8,999","22,2","25,4","6,3","2,999","23,999","28,1","10,999","12,2","9,3","23,1","2,999","22,1","53,4","1,999","15,2","25,3","23,0","9,1","1,999","4,999","8,3","12,0","12,999","5,2","6,999","10,999","1,999","34,3","39,2"
"2,999","14,999","7,3","1,999","0,999","20,1","15,4","20,999","30,3","7,1","1,999","35,1","17,0","10,3","5,0","28,999","4,999","10,2","8,999","19,4","8,3","20,2","14,4","7,999","15,3","23,4","11,0","16,0","5,999","6,999","4,999","0,999","53,1","35,0","42,4","16,1","1,999","9,3","11,2","7,1","5,2","11,999","13,999","3,999","13,999","19,2","2,999","7,2","11,1","10,3","11,1","19,3","3,999","6,999","16,999","3,999","17,1","23,0","8,4","11,999","15,0","13,2","0,999","16,3","13,4","35,4","6,0","38,999","51,2","18,1","2,999","0,999","1,999","22,999","7,0","9,999","8,999","8,999","21,1","3,999","9,3","8,2","12,2","22,0","18,4","20,1","31,4","1,999","29,2","6,1","16,0","35,1","23,4","2,999","35,0","10,0","1,999","4,999","11,999","34,1"
"19,1","3,999","8,1","39,0","1,999","22,0","14,0","23,3","3,999","40,2","18,999","15,3","0,999","6,999","11,0","18,3","24,1","4,999","11,0","26,999","15,2","5,999","6,999","13,0","10,999","10,999","11,0","24,1","38,0","7,4","11,1","32,2","10,1","8,999","36,2","12,4","19,2","3,999","1,999","25,999","14,4","25,2","1,999","10,999","7,4","26,1","21,0","16,2","16,2","6,0","12,999","4,999","18,4","12,0","0,999","6,999","9,1","15,999","6,999","0,999","29,0","17,4","10,3","41,3","21,0","2,999","7,4","4,999","0,999","4,999","11,2","11,4","32,1","24,3","14,1","16,0","10,1","3,999","0,999","0,999","17,1","17,999","2,999","20,4","3,999","1,999","26,3","5,999","16,4","0,999","6,999","20,999","14,999","9,2","11,0","7,999","29,4","16,4","2,999","10,999"
"49,4","13,2","22,3","5,999","21,3","2,999","16,2","15,4","8,3","30,4","1,999","9,999","8,999","1,999","22,999","3,999","51,3","18,1","8,999","6,999","23,1","1,999","14,0","28,2","0,999","7,999","4,999","34,999","11,0","33,4","1,999","3,999","7,999","4,999","3,999","3,999","5,3","17,0","7,999","8,999","9,999","13,1","8,999","16,3","10,0","35,999","10,1","2,999","1,999","39,1","16,3","21,1","7,4","2,999","17,1","12,1","35,0","12,999","26,1","24,2","4,2","26,0","4,999","1,999","11,1","15,3","6,999","23,0","3,999","1,999","17,2","3,999","17,4","27,1","2,999","9,0","2,999","5,1","26,0","3,999","3,999","17,0","20,2","17,999","19,1","23,999","18,3","12,2","15,4","5,999","28,0","2,999","30,1","3,999","5,999","3,999","14,999","9,1","13,3","16,999"
"20,0","16,1","2,999","23,2","22,2","1,999","17,2","7,1","29,0","12,0","34,0","23,0","14,3","20,3","2,999","14,0","32,1","49,2","35,2","19,3","35,2","12,0","17,3","21,0","35,2","7,3","17,3","26,4","25,1","6,1","4,999","5,3","19,3","38,1","14,1","77,2","26,3","58,2","56,0","12,4","4,1","10,4","38,4","4,999","33,3","3,999","5,3","2,999","33,999","4,999","24,1","17,4","16,1","12,999","33,4","20,999","2,999","38,0","20,0","27,3","11,4","24,999","8,1","11,1","11,2","26,2","41,3","20,2","12,999","6,999","21,3","6,999","5,999","11,999","31,2","27,999","36,3","3,999","29,3","10,999","12,0","9,0","6,999","5,999","37,3","14,2","11,999","11,999","10,3","17,3","34,2","48,0","29,4","3,999","16,1","5,999","11,999","5,999","31,0","6,3"
"17,0","22,3","5,4","11,4","2,999","5,999","6,3","13,2","26,2","2,999","1,999","2,999","3,999","6,999","20,999","1,999","2,999","40,0","14,2","46,4","5,1","4,999","11,0","15,3","1,999","34,4","2,999","40,1","21,3","13,4","9,999","15,4","5,999","2,0","11,4","2,999","27,0","36,1","7,999","35,3","20,2","16,4","18,999","21,4","5,0","7,999","36,1","7,999","13,2","0,999","3,999","18,2","12,4","10,1","59,3","28,2","5,999","31,0","29,3","13,999","8,2","9,0","17,999","22,999","16,4","16,4","7,999","7,999","14,3","18,1","21,4","17,3","22,1","13,1","4,999","31,4","13,1","21,999","21,4","33,1","3,999","14,1","3,999","4,999","3,999","5,999","31,4","15,999","2,4","6,999","1,999","30,999","26,1","4,999","19,999","15,3","17,999","9,3","10,999","10,999"
"15,1","27,4","26,1","26,0","17,3","24,3","73,0","2,999","3,999","21,4","7,999","1,999","5,999","8,2","23,1","43,2","2,999","12,2","11,999","40,999","14,4","28,999","19,4","3,999","16,3","11,1","20,2","13,2","16,0","6,999","24,3","2,999","9,999","0,999","3,999","37,999","0,999","16,1","11,4","11,4","18,1","30,4","34,4","24,4","3,4","9,3","12,1","5,999","13,2","23,3","1,999","3,999","7,999","22,2","13,0","22,1","46,1","15,1","14,999","17,2","12,4","24,4","1,999","9,999","3,1","50,999","36,1","38,3","7,3","3,999","30,1","13,4","10,2","5,999","5,999","21,3","7,3","6,999","31,4","4,999","6,999","20,2","25,0","1,999","3,999","8,0","8,999","0,999","7,999","0,999","10,999","3,999","16,1","3,999","16,4","22,0","25,3","25,999","12,2","5,999"
"47,999","3,999","8,999","25,2","12,0","14,999","4,999","5,999","16,4","31,1","18,2","3,999","3,3","22,4","14,3","5,999","12,0","19,1","23,0","4,999","6,999","10,2","7,2","19,1","5,999","4,2","7,999","15,0","31,0","15,999","9,999","53,999","27,2","19,4","11,999","5,999","7,1","6,999","4,999","1,999","2,999","0,999","14,999","15,4","5,999","4,999","11,2","24,3","9,3","21,1","23,4","25,1","1,999","6,999","0,999","10,0","10,999","7,0","3,999","9,999","40,0","7,0","13,4","40,2","21,4","19,2","15,0","1,999","11,4","18,1","23,2","19,4","30,0","37,3","1,999","22,3","21,4","31,0","11,4","4,999","10,3","1,999","30,0","25,4","19,4","26,999","5,999","4,1","14,1","15,1","20,3","7,2","29,4","33,4","12,999","2,999","6,0","5,999","6,999","45,0"
"5,999","10,4","49,1","2,1","2,999","17,2","38,4","5,999","14,999","2,999","22,2","25,3","9,999","2,999","1,999","1,999","0,999","10,999","24,2","43,0","22,1","19,4","24,1","8,999","11,2","27,0","18,1","10,0","10,2","1,999","12,3","8,999","8,999","4,999","8,3","10,999","3,999","6,999","1,999","1,2","3,999","2,999","14,4","23,2","41,2","32,0","4,999","9,1","5,999","21,999","16,999","8,2","27,2","6,999","13,3","3,999","2,999","10,1","3,0","21,0","12,0","10,0","34,4","3,999","10,0","3,999","21,4","2,999","4,999","3,999","7,999","21,2","5,0","2,999","20,2","13,999","10,2","61,0","14,2","10,1","29,0","23,2","3,999","33,0","1,999","6,999","20,2","4,999","11,999","26,3","47,3","25,2","0,999","24,3","11,999","4,999","10,3","6,999","2,4","35,1"
"3,999","18,999","22,3","3,999","9,999","0,999","59,2","12,999","39,4","23,999","2,999","10,4","16,999","12,3","2,999","4,999","7,4","12,3","4,1","17,1","34,3","15,999","14,999","17,2","14,3","1,999","20,4","15,999","15,0","10,1","5,999","2,999","17,999","0,999","16,4","21,3","9,3","13,999","9,4","22,999","16,1","2,999","8,999","21,4","3,999","3,999","26,999","12,2","7,999","2,999","7,2","11,0","9,999","0,999","11,4","3,999","16,4","2,999","2,999","7,999","6,2","36,2","14,2","10,4","25,999","6,4","19,0","22,3","27,2","11,999","12,0","8,0","9,0","28,0","27,4","25,1","2,999","6,999","6,3","22,2","38,0","6,3","19,2","9,999","3,999","11,0","30,0","3,999","9,1","8,999","23,3","15,2","1,999","12,3","6,2","3,999","2,999","7,999","58,3","32,1"
"11,999","60,2","24,0","28,0","26,1","3,2","22,3","4,999","2,999","3,999","28,1","21,3","42,3","3,999","14,999","4,999","9,3","40,4","7,4","1,999","9,4","1,999","7,999","7,999","3,3","11,3","10,999","6,4","22,999","36,1","41,0","23,1","27,4","4,999","38,2","14,4","20,3","2,999","21,4","11,0","21,2","1,999","16,1","2,999","2,999","3,2","4,999","2,999","17,0","9,1","15,999","4,999","4,999","15,3","28,0","3,999","18,3","19,4","3,999","23,0","27,0","12,2","17,4","7,999","9,0","14,2","3,999","6,999","4,2","1,999","16,0","1,999","5,2","8,999","4,999","3,999","2,999","20,999","32,2","26,0","11,2","12,3","19,0","5,4","10,1","51,2","17,1","6,999","10,999","5,2","21,1","10,0","22,4","22,3","0,999","34,2","8,999","6,1","41,2","8,2"
"19,3","11,999","7,999","2,999","0,999","2,0","14,4","37,3","7,999","10,3","1,999","47,1","1,999","0,999","19,1","19,1","7,999","1,999","0,999","42,2","5,3","8,3","36,999","10,2","6,0","8,3","0,999","11,1","10,0","22,1","9,999","15,999","17,0","14,4","13,3","25,999","11,999","17,2","17,3","9,999","15,1","1,999","14,999","25,3","41,0","14,2","21,2","5,999","2,999","10,999","5,1","5,999","11,2","3,999","18,0","11,4","13,0","30,3","7,999","3,999","27,4","32,999","50,1","18,4","16,999","21,3","18,2","21,2","11,0","16,0","25,1","3,999","37,999","24,2","10,3","34,0","15,999","20,2","2,999","2,999","2,999","7,999","3,2","1,999","2,999","5,0","0,999","1,999","20,999","3,999","5,999","0,999","6,999","24,3","16,4","14,1","6,4","33,3","4,999","32,1"
"26,2","1,999","12,1","27,2","15,999","29,4","53,3","16,0","20,4","15,999","7,1","6,1","29,3","12,3","10,999","16,0","33,1","5,999","2,3","22,2","17,0","4,2","17,999","8,999","6,999","1,999","4,999","0,999","19,3","3,999","7,4","27,1","2,999","1,999","26,999","14,4","17,1","3,999","11,2","3,999","9,4","41,2","13,0","4,999","17,999","0,999","38,3","16,1","9,999","24,2","5,4","10,999","30,0","15,3","7,2","28,2","5,0","12,2","5,999","17,2","11,999","15,3","33,0","61,0","13,3","10,3","16,1","0,999","10,999","4,999","22,3","38,3","4,999","8,1","20,0","1,2","1,999","15,4","13,3","13,4","43,0","2,999","32,2","10,3","12,0","18,0","20,999","27,999","3,999","10,4","10,2","3,999","16,4","7,3","29,999","11,4","9,1","13,3","1,999","0,999"
"22,4","126,2","32,4","14,1","33,4","12,1","17,4","21,999","12,1","0,999","8,1","10,999","21,0","15,4","6,999","10,3","12,2","7,999","15,3","18,0","2,999","39,2","19,3","8,1","10,0","14,2","12,1","14,2","0,999","5,999","13,2","20,999","8,0","28,3","2,999","8,1","28,1","23,0","14,1","117,4","17,999","13,4","14,999","9,1","23,4","4,999","9,999","15,0","2,999","1,999","18,4","55,3","17,2","19,1","22,3","13,0","6,999","44,2","27,4","3,999","23,2","16,4","3,999","12,0","12,999","14,1","9,3","25,4","3,999","1,999","13,999","15,999","22,2","3,999","6,3","8,0","5,0","14,1","2,999","37,3","20,4","9,999","20,1","6,999","36,999","17,1","15,0","7,999","0,999","21,3","31,3","11,4","20,2","12,999","2,999","13,4","44,2","7,4","25,0","21,2"
"10,0","36,0","11,999","18,999","5,999","0,999","16,2","28,4","30,1","29,999","23,1","5,1","17,4","7,2","3,999","0,999","4,999","22,1","1,999","1,999","9,999","0,999","4,999","24,1","22,0","12,0","25,3","46,1","1,999","16,2","23,2","3,999","13,999","18,3","16,999","6,4","1,999","43,4","6,999","32,999","6,3","10,999","5,999","7,4","15,3","29,999","5,999","19,3","23,3","7,999","21,999","2,999","43,2","4,999","21,2","11,0","7,3","21,2","14,0","7,2","10,999","5,999","4,999","9,3","17,3","8,999","5,999","4,0","3,999","38,0","18,4","9,3","12,3","4,999","9,4","15,4","1,999","47,2","2,999","8,999","2,999","35,999","2,999","14,999","4,999","12,2","3,3","3,999","3,999","6,2","15,0","14,0","15,4","33,4","6,999","28,0","4,999","3,999","10,999","33,2"
"20,3","10,3","3,999","32,4","10,999","13,1","5,999","38,1","8,999","2,999","4,999","1,999","2,999","1,999","24,2","7,1","1,999","24,999","15,0","36,2","22,3","22,0","26,999","0,999","10,999","0,999","12,0","8,999","3,999","17,2","5,999","24,0","15,3","30,1","7,3","3,999","8,999","31,1","36,4","17,999","3,999","29,3","15,4","4,999","11,999","33,1","0,999","1,999","25,3","13,0","1,0","18,999","17,1","23,2","3,3","27,0","37,4","36,4","11,0","1,999","10,999","3,999","10,4","19,2","2,999","22,1","10,3","26,4","5,999","13,3","14,4","52,3","10,3","10,4","3,999","5,999","3,1","15,4","16,1","5,999","35,2","36,2","4,999","15,999","6,3","5,999","2,999","6,999","7,999","43,0","14,1","12,999","6,999","12,999","21,0","1,999","6,3","7,3","4,999","8,999"
"17,999","30,999","8,999","27,999","33,4","3,999","6,3","1,999","15,1","11,2","33,0","12,0","31,3","2,999","6,999","14,999","14,999","21,2","25,1","3,999","6,1","0,999","5,999","1,999","15,3","14,3","13,4","36,2","11,3","0,999","72,3","21,4","0,999","20,0","19,999","10,0","19,2","14,1","1,999","34,4","44,3","3,999","2,999","15,999","4,999","5,999","3,999","30,0","15,0","9,3","2,999","1,999","20,2","6,999","9,0","7,999","1,999","4,999","6,999","11,999","12,4","26,0","11,0","13,0","9,3","4,999","2,999","14,0","0,999","9,0","3,999","58,2","8,2","9,2","11,4","11,1","10,999","1,999","18,2","3,999","32,1","25,4","39,0","10,999","11,1","11,4","3,999","2,999","10,999","20,4","1,999","18,999","20,999","11,999","2,999","7,999","11,999","9,999","3,999","4,999"
"10,999","32,0","5,2","19,1","33,4","1,999","15,4","10,1","10,2","27,2","26,3","1,999","17,4","3,3","34,2","20,999","15,0","4,999","11,0","1,999","20,999","19,0","2,999","10,3","37,2","2,999","7,999","1,999","25,2","30,4","11,999","2,999","5,999","0,999","1,999","8,1","17,3","20,999","16,2","1,999","2,999","21,4","28,4","5,999","6,999","12,0","1,999","2,999","45,1","26,4","16,4","16,999","0,999","24,999","19,3","10,999","24,999","44,0","5,999","13,999","12,4","3,999","9,1","0,999","0,999","28,0","4,999","13,999","20,4","51,2","12,3","15,3","19,999","3,999","8,999","20,4","16,999","7,999","17,999","5,4","4,999","17,999","31,999","7,999","5,999","44,3","14,999","12,3","1,999","23,2","41,0","36,0","14,4","13,3","22,4","11,999","24,4","4,999","0,999","7,999"
"39,3","1,999","5,999","7,3","17,0","23,3","23,1","11,999","14,4","9,2","21,999","8,999","28,1","4,3","18,999","18,0","17,1","11,4","10,0","1,999","14,999","14,4","12,1","6,999","14,0","17,999","9,3","23,4","38,4","33,3","3,999","3,999","21,1","41,4","12,3","20,2","7,999","8,1","15,2","16,4","25,2","1,999","42,0","11,999","44,2","24,1","23,3","23,3","5,999","28,999","49,3","10,2","10,0","32,1","8,999","10,2","9,999","14,0","25,2","36,0","10,999","9,0","32,3","22,0","19,3","6,999","0,999","11,1","18,2","20,999","20,3","2,999","21,4","17,4","10,999","7,1","8,4","8,999","33,3","10,3","41,3","14,4","1,999","2,999","2,999","2,999","22,4","6,999","53,1","23,3","12,3","3,999","25,0","7,999","11,0","2,999","31,0","5,999","11,0","1,999"
"11,3","13,999","28,0","5,999","6,4","23,0","11,1","7,1","26,3","27,999","18,999","17,2","17,0","22,3","62,3","1,999","5,999","3,999","5,999","25,4","20,0","11,1","1,999","27,3","24,1","4,999","10,999","11,0","2,999","27,0","28,2","6,999","18,2","15,1","48,4","8,999","37,1","22,999","8,999","19,999","10,1","9,999","8,4","5,999","22,4","28,3","6,999","5,999","6,4","45,2","18,3","28,999","2,0","13,2","30,0","3,999","17,1","14,999","8,999","1,999","29,999","17,999","31,4","6,1","8,999","10,1","2,999","21,2","24,1","2,999","8,0","28,0","35,4","5,999","10,0","15,4","10,999","39,1","1,999","11,4","23,2","14,4","16,3","35,2","32,4","3,999","21,1","15,2","56,2","17,4","11,0","0,999","7,999","31,3","52,1","15,2","1,999","1,999","7,1","15,4"
"66,999","28,4","22,999","7,999","13,999","9,999","31,4","3,999","12,4","14,2","25,2","7,2","13,1","2,999","11,2","1,999","0,999","28,4","11,3","27,1","15,3","5,4","1,999","40,0","8,4","6,1","12,999","35,1","13,999","25,0","18,2","15,2","7,2","7,2","8,999","15,1","53,999","3,999","13,4","30,2","28,999","14,0","21,0","3,999","13,999","5,999","15,1","1,999","26,2","13,999","2,999","37,1","13,0","24,1","6,999","11,999","22,3","44,2","3,999","6,1","19,4","13,999","13,4","25,4","7,999","21,999","2,999","13,4","24,3","13,4","3,999","14,0","4,2","17,0","11,2","0,999","7,999","23,1","8,2","3,999","9,1","9,1","5,999","16,0","2,999","2,999","5,999","23,4","10,1","7,3","13,999","2,999","16,0","27,1","15,3","13,1","6,999","18,2","24,0","2,999"
"14,3","7,999","3,999","0,999","67,3","9,999","32,0","8,1","7,1","32,4","12,3","6,2","7,999","37,0","14,999","24,0","15,999","46,3","4,999","5,4","1,999","5,999","17,0","22,3","23,3","6,0","8,999","22,999","8,999","10,3","11,999","3,999","0,999","6,999","23,1","11,999","2,999","14,3","3,999","1,999","22,0","22,2","14,3","11,2","19,999","67,999","1,999","31,999","8,999","18,999","24,999","9,999","5,4","7,0","20,3","27,999","9,2","4,999","4,999","4,999","9,999","9,2","21,3","15,3","13,3","31,3","2,999","39,3","14,1","25,2","1,999","4,999","15,0","5,999","22,2","16,0","8,999","32,1","1,999","15,3","58,4","18,2","1,999","6,999","19,1","43,1","18,1","9,4","46,4","5,999","35,3","44,2","31,2","11,0","1,999","4,999","24,2","9,0","16,2","33,0"
"3,999","34,3","7,2","21,999","1,999","4,999","24,999","12,999","9,999","25,4","9,1","16,2","16,2","3,999","14,2","16,1","37,1","19,4","0,999","42,2","33,4","15,999","8,1","33,4","2,1","4,999","3,999","8,999","1,999","35,4","17,0","24,3","18,999","37,0","10,999","8,3","16,2","0,999","30,1","5,999","1,999","0,999","7,999","17,2","14,999","36,999","4,1","8,999","53,1","5,2","4,3","3,999","14,2","19,999","24,1","3,999","3,999","5,999","6,999","14,1","1,999","22,0","18,3","11,0","5,999","2,999","5,999","1,999","48,3","7,999","1,999","5,999","6,999","6,999","8,999","1,999","3,999","29,999","19,2","2,999","7,999","13,4","12,999","13,1","17,999","30,0","6,2","20,4","3,999","4,999","8,2","4,999","24,0","37,1","12,1","3,999","30,999","3,999","19,1","1,999"
"5,999","15,999","44,3","4,999","1,999","11,2","29,3","26,4","10,999","59,1","6,999","5,999","14,3","1,999","10,999","11,999","12,1","9,999","14,3","10,4","15,4","14,2","21,4","15,999","3,999","2,999","18,999","9,999","19,2","3,999","4,999","12,0","6,4","1,1","19,2","26,2","18,999","14,3","18,0","7,999","2,4","5,999","18,0","15,999","22,999","4,3","14,3","8,999","5,999","2,3","8,1","0,999","10,0","16,3","25,3","18,3","19,999","33,4","7,999","0,999","6,999","3,999","46,0","1,999","27,3","12,0","20,0","17,3","3,999","11,3","20,1","17,0","34,2","1,999","3,999","2,999","12,999","10,0","23,1","12,999","3,1","33,2","26,1","26,999","15,1","3,999","10,1","3,999","2,999","17,2","10,3","24,0","2,999","9,999","2,999","5,999","3,999","21,3","5,999","0,999"
"20,2","29,4","13,3","2,999","20,3","4,999","17,2","64,2","1,999","5,999","13,4","6,3","14,999","26,0","18,3","68,3","5,999","0,999","24,1","22,4","33,999","16,2","4,999","42,1","0,999","21,2","4,999","6,999","13,2","8,999","12,2","10,999","55,4","8,1","7,999","2,999","4,999","2,999","12,999","16,1","7,2","0,999","19,4","19,4","4,999","4,999","7,0","1,999","13,2","7,4","6,999","8,999","5,4","28,3","16,2","14,999","23,1","22,3","14,999","17,1","3,999","24,999","6,2","19,1","30,2","6,999","4,999","27,999","0,999","1,999","6,999","12,1","2,999","5,999","4,999","16,0","19,4","12,4","7,4","18,2","13,999","12,999","41,1","8,999","18,999","30,0","12,1","16,0","16,999","18,999","17,4","15,0","28,0","10,1","4,999","6,999","2,999","7,0","2,999","44,3"
"15,2","16,0","24,3","9,0","12,999","1,999","23,3","15,999","11,1","26,1","8,2","8,999","5,999","1,999","9,2","10,3","10,0","21,999","46,4","2,999","7,2","21,2","6,4","13,999","45,0","17,1","37,0","28,2","2,999","4,0","2,999","5,999","1,999","30,1","23,1","30,3","13,3","7,0","32,2","41,999","12,3","10,4","6,3","9,999","13,1","11,999","0,999","4,999","5,2","11,999","21,999","10,999","12,0","22,3","5,2","2,999","3,999","2,999","9,999","42,2","30,0","13,999","11,3","7,1","25,2","24,2","33,4","16,1","4,999","29,4","3,999","14,1","23,0","14,4","4,999","2,999","16,0","12,2","3,999","11,0","10,2","6,999","13,999","24,0","32,4","6,999","34,0","74,2","5,999","2,999","32,4","26,3","14,4","1,999","5,999","2,999","3,999","3,999","6,999","5,999"
"9,999","3,999","17,1","5,999","14,2","21,4","27,999","15,999","11,999","13,1","3,999","15,0","8,0","8,999","8,2","8,1","9,2","20,999","5,999","12,1","14,3","23,2","27,2","13,999","11,4","8,999","10,999","35,0","16,4","21,0","14,4","6,999","14,3","14,999","65,4","11,3","8,2","11,4","11,0","2,999","8,999","6,999","12,999","11,999","8,0","6,999","24,999","12,2","12,999","47,1","22,999","13,999","6,2","4,999","10,2","3,999","11,999","4,0","13,4","46,999","1,999","7,999","4,3","5,999","40,2","5,999","5,999","4,999","7,999","18,1","26,2","29,2","4,3","3,999","22,4","0,999","5,999","9,999","1,999","11,1","32,2","1,999","14,3","48,3","23,3","26,3","19,3","6,999","9,0","4,2","24,2","18,2","14,999","14,0","12,999","38,0","15,1","12,1","7,4","4,999"
"4,3","9,2","35,999","15,1","15,999","11,2","8,999","29,2","0,999","7,999","11,4","10,999","9,1","18,999","7,3","7,999","5,999","16,2","12,1","13,999","6,999","5,999","2,999","7,999","18,4","11,0","2,999","18,1","12,2","21,3","17,2","9,3","3,999","11,2","14,999","17,4","1,999","12,999","0,999","9,4","3,999","13,1","1,999","16,2","19,3","5,999","30,4","5,999","4,999","24,999","14,1","3,999","21,4","8,999","4,999","19,999","38,0","9,999","3,999","4,4","30,3","0,999","0,999","0,999","2,999","17,2","21,0","2,999","21,999","2,999","13,999","8,999","15,4","6,0","8,2","1,999","10,1","4,999","3,999","6,0","2,999","19,999","12,2","8,999","33,0","8,999","11,999","17,2","0,999","17,1","6,3","17,3","7,999","1,999","2,999","7,4","8,3","11,999","17,4","12,999"
"3,999","8,4","23,1","0,999","12,2","10,999","12,2","8,999","5,999","6,999","22,4","4,1","16,2","24,0","35,0","13,3","6,999","29,2","32,2","26,1","2,999","50,3","44,0","3,999","6,1","8,999","4,999","25,1","20,1","3,999","60,3","8,999","3,999","1,999","0,999","11,3","18,999","3,999","12,2","15,4","18,999","0,999","1,999","3,999","2,999","16,999","2,999","4,999","31,0","13,999","25,1","40,999","25,2","9,0","43,0","8,0","7,999","2,999","4,4","4,3","20,999","23,2","9,999","22,2","2,999","17,999","3,999","4,0","1,999","34,0","14,1","60,3","15,999","11,999","5,999","28,0","2,999","6,1","15,2","5,3","1,999","4,999","16,4","7,0","3,999","6,999","5,999","5,0","9,999","16,0","34,2","0,999","12,999","19,2","12,3","23,2","16,4","30,999","5,999","1,999"
"22,4","10,999","5,999","23,1","13,4","2,999","18,999","18,4","8,999","9,999","9,999","47,999","25,1","0,999","5,3","10,1","36,4","9,4","17,0","10,2","22,0","26,3","6,999","38,1","5,999","6,0","9,0","14,1","8,0","5,999","23,0","13,2","19,4","17,0","3,999","5,999","25,3","26,0","10,4","26,0","25,1","26,999","12,0","7,999","8,3","1,999","5,999","15,999","1,999","2,999","8,999","37,2","3,999","1,999","12,999","1,999","18,0","5,1","30,2","25,999","14,3","47,2","3,999","74,4","16,3","23,3","8,4","5,999","8,2","2,999","16,999","0,999","16,999","4,999","2,999","18,0","11,3","8,999","25,4","24,3","11,999","6,0","17,4","30,4","23,999","6,0","22,3","11,999","36,2","22,999","4,4","0,999","18,0","5,4","5,999","24,4","13,0","3,999","5,999","22,1"
"3,2","11,1","20,3","30,0","10,3","1,999","14,999","4,999","6,999","10,3","9,3","13,999","5,999","7,4","15,1","8,999","20,1","31,1","20,2","30,2","4,999","7,999","12,1","30,999","8,3","3,999","6,999","29,999","3,999","10,999","10,1","3,999","28,4","8,999","36,2","35,2","12,999","2,999","7,999","8,999","9,1","33,999","1,999","13,4","37,2","27,0","30,4","27,2","25,4","10,3","6,999","2,999","10,3","26,0","12,3","7,2","25,1","25,3","5,1","18,999","1,999","20,4","53,4","9,1","15,1","4,4","5,0","0,999","9,999","8,999","10,999","16,2","13,1","7,999","15,2","45,3","22,999","10,999","19,4","15,1","23,1","43,999","37,3","12,999","20,3","19,4","19,999","6,999","20,1","31,1","4,999","32,0","4,999","10,4","5,4","22,0","28,4","16,2","23,1","13,0"
"7,999","3,999","18,999","26,2","4,0","14,2","1,999","5,999","14,2","25,3","18,999","22,2","24,2","9,1","5,999","0,999","5,0","12,0","33,999","6,2","2,999","14,1","10,0","2,999","27,0","12,999","5,0","43,2","4,0","22,1","36,2","6,2","11,3","15,4","16,3","60,0","31,2","3,999","17,3","1,999","23,4","24,1","12,999","30,999","9,0","15,999","18,0","25,2","16,999","1,999","20,0","3,999","8,1","16,0","2,999","1,1","13,999","17,0","39,3","3,999","2,999","12,4","8,0","11,4","15,4","8,4","19,999","20,0","20,2","75,999","12,999","0,999","25,999","19,3","1,999","13,1","6,2","44,1","11,1","2,999","36,1","8,1","6,999","3,999","10,1","25,1","29,3","29,2","14,0","12,3","4,999","15,1","23,2","26,2","35,2","47,3","7,4","25,1","11,4","11,2"
"3,999","10,4","20,4","9,0","3,999","5,999","4,999","17,0","7,2","17,4","16,4","1,999","5,999","18,0","5,2","12,4","15,999","4,1","16,0","10,999","12,0","38,999","4,999","8,999","17,4","27,2","18,2","2,999","12,1","11,3","9,999","17,3","8,0","5,1","6,999","21,3","15,999","2,999","4,2","6,2","6,999","11,3","6,999","11,999","17,999","7,999","33,1","10,999","6,999","27,1","1,999","21,1","2,999","21,999","8,999","42,1","20,1","5,999","12,1","6,3","20,3","11,1","2,999","18,999","0,999","3,999","68,2","13,4","23,4","35,1","9,1","23,2","56,999","3,999","0,999","17,2","1,999","20,1","55,999","20,4","0,999","16,2","4,999","9,999","3,999","18,1","7,999","38,2","25,999","27,3","8,999","18,4","3,2","5,0","15,999","15,3","6,999","8,999","19,999","12,999"
"14,0","18,1","35,3","18,2","8,999","20,3","1,999","42,1","5,1","19,2","30,999","6,4","24,3","27,1","2,999","7,999","33,2","3,999","0,999","11,1","10,3","17,2","18,2","16,4","5,1","10,999","17,1","22,4","14,1","19,2","20,4","11,4","26,3","8,999","4,999","38,2","10,2","4,0","25,2","3,999","18,0","2,999","40,2","24,999","6,3","18,2","21,1","7,999","3,999","3,999","18,4","5,3","4,999","11,3","10,4","4,999","3,999","2,999","3,999","5,999","28,4","4,2","18,999","7,0","4,999","9,999","28,2","1,999","24,1","24,0","3,999","0,999","17,1","2,999","1,999","15,0","14,1","13,999","12,2","14,2","2,999","15,999","3,999","4,999","21,4","3,999","17,3","27,3","3,999","12,1","4,999","20,1","12,0","25,1","7,999","6,999","5,999","17,1","2,999","20,999"
"2,999","15,3","7,3","1,999","12,2","9,999","4,0","37,1","4,999","8,3","14,999","19,0","11,3","6,999","12,999","32,1","14,2","4,2","17,0","9,999","15,4","7,999","24,4","25,999","12,3","14,0","3,999","18,2","14,1","31,999","16,0","4,2","32,3","11,999","2,999","14,3","3,999","3,999","10,999","10,999","20,0","20,999","17,1","24,3","4,999","17,2","18,4","8,3","23,3","0,999","19,1","8,1","2,999","3,999","6,3","7,999","10,999","49,2","14,0","5,3","3,999","13,1","31,1","12,4","25,2","5,999","15,0","44,2","1,999","36,0","1,999","7,3","10,4","3,999","40,999","4,999","7,999","17,4","7,0","5,4","23,4","10,999","13,0","11,999","13,2","12,999","26,0","11,2","8,3","14,999","13,999","10,3","12,0","12,999","14,4","11,999","4,999","13,999","3,999","2,999"
"11,3","16,3","14,1","5,3","17,2","4,999","25,1","2,999","20,0","8,3","33,0","14,3","9,999","9,4","32,999","4,999","35,1","3,999","19,1","12,2","14,999","2,999","6,999","17,4","9,999","10,3","0,999","42,3","15,2","23,3","15,999","7,999","10,4","35,999","17,2","34,3","26,999","10,2","1,999","8,3","17,999","24,3","4,999","5,3","20,3","12,999","15,1","30,4","11,1","10,2","2,999","2,999","10,999","11,999","33,3","14,2","33,3","30,2","4,999","6,2","5,999","1,999","78,2","16,1","6,3","1,999","7,999","4,0","2,999","10,0","22,3","2,999","13,999","12,999","2,999","40,4","5,1","10,4","9,0","5,1","24,3","10,0","21,2","34,0","26,3","0,999","5,999","6,999","16,0","1,4","6,999","10,1","22,3","3,999","1,999","33,0","14,1","48,4","12,2","6,999"
"2,999","22,999","0,999","10,999","20,2","8,999","1,999","11,999","10,999","41,999","16,2","2,999","17,1","26,1","13,0","10,1","23,0","10,0","13,999","8,999","49,3","12,2","29,1","14,999","10,999","14,2","13,1","3,999","11,4","11,999","7,999","8,999","6,999","9,2","3,999","8,999","4,999","37,1","14,999","30,999","0,999","2,4","30,3","25,999","11,3","21,0","15,999","42,1","35,1","52,4","34,2","24,0","15,2","11,3","13,0","15,2","35,3","11,1","2,999","20,999","16,2","22,1","23,999","6,2","4,999","20,4","1,999","2,999","1,999","7,999","9,999","18,999","13,1","16,3","11,999","29,4","2,999","10,999","32,1","3,999","21,4","25,999","36,0","12,999","6,2","7,2","13,999","10,999","9,0","7,999","16,1","6,0","15,3","14,999","5,3","12,3","16,999","22,2","6,999","52,0"
"0,999","15,4","11,999","3,3","5,999","1,999","6,999","16,1","3,999","6,999","79,999","22,3","12,2","28,0","75,1","36,0","3,0","17,999","14,3","2,999","10,1","7,999","10,4","43,2","1,999","27,1","10,1","22,4","7,999","1,999","16,999","10,4","5,2","16,1","13,999","18,4","13,2","22,2","5,999","14,999","31,999","3,1","2,999","23,0","42,2","31,1","5,999","12,3","9,0","8,0","29,999","1,999","21,2","45,4","16,4","3,999","38,0","2,999","44,0","11,0","0,999","21,0","17,3","8,999","4,999","4,999","8,1","43,0","4,999","15,4","21,1","16,1","3,999","1,999","11,2","20,0","12,999","19,3","7,999","25,4","45,0","28,3","7,999","34,3","1,999","7,999","3,999","40,4","9,4","13,4","15,0","12,3","3,4","4,1","15,999","56,0","9,0","19,1","58,2","20,1"
"25,0","53,999","46,4","25,2","14,999","2,999","4,999","4,999","4,2","54,1","2,999","2,999","1,999","28,1","0,999","9,1","25,1","11,2","17,999","17,0","4,999","7,999","14,4","7,1","19,2","8,999","12,999","7,999","2,999","15,1","29,0","10,999","12,4","25,2","1,999","1,999","71,0","19,999","27,2","8,1","5,999","9,1","3,999","8,4","6,999","9,4","6,999","7,2","13,999","24,4","3,999","2,999","26,3","4,999","7,999","14,2","30,999","2,999","0,999","7,3","3,999","25,2","9,999","23,4","4,2","32,4","10,4","1,999","4,999","19,4","15,2","9,999","1,999","6,1","39,3","20,1","22,4","12,4","22,2","7,999","55,1","41,2","3,999","31,1","15,999","1,999","53,4","4,999","17,999","16,0","2,999","2,999","31,3","14,2","15,0","23,4","7,3","5,999","6,3","5,0"
"38,0","18,3","14,999","7,999","1,999","5,999","3,999","1,999","26,3","2,999","27,1","61,4","56,4","32,4","17,4","7,3","13,0","12,4","28,0","29,1","2,999","0,999","9,3","25,999","0,999","16,0","31,2","3,999","10,999","24,4","5,999","33,4","7,999","10,999","25,0","0,999","7,3","17,3","7,1","21,4","10,4","10,2","4,999","18,0","4,999","6,999","15,999","5,999","12,0","7,1","2,999","6,2","7,3","12,999","2,999","0,999","3,999","5,2","5,1","23,999","9,1","13,1","20,999","0,999","25,999","9,1","14,0","3,999","28,3","10,3","0,999","24,2","12,3","24,1","0,999","5,999","24,1","3,999","11,999","0,999","10,3","9,999","7,2","12,2","27,0","15,0","2,2","13,3","4,999","27,999","5,1","16,4","5,999","14,0","5,999","9,999","46,0","9,999","11,2","13,999"
"1,999","12,1","31,4","12,2","11,999","19,999","13,999","5,999","5,999","2,999","8,999","42,0","2,999","7,999","31,0","8,999","2,999","12,0","17,999","34,0","17,999","28,4","1,999","2,999","0,999","13,2","10,4","52,3","28,3","11,4","9,999","17,999","0,999","31,2","4,999","6,999","30,0","4,999","0,999","5,999","1,999","50,999","15,0","2,999","1,999","9,999","16,1","3,999","1,999","50,3","7,3","12,999","16,2","15,999","27,1","7,0","3,3","1,999","30,1","23,1","13,2","63,999","11,4","19,4","29,4","11,1","7,999","26,1","16,2","28,1","26,1","5,999","6,999","24,0","7,1","11,0","22,2","6,999","2,999","3,999","2,999","21,999","11,999","15,1","3,999","2,999","14,1","13,3","22,999","21,1","3,2","17,4","8,999","36,1","11,4","14,3","21,1","18,2","25,999","5,999"
"23,0","9,999","17,0","27,2","13,2","13,2","17,1","2,999","5,999","0,999","4,999","16,0","1,999","6,2","49,0","0,999","9,999","7,3","6,3","16,999","5,1","0,999","18,1","6,999","2,999","15,999","8,999","4,4","34,4","17,4","16,2","14,999","12,999","27,2","9,999","15,0","16,4","8,999","19,3","2,999","3,0","6,2","7,999","36,1","4,999","14,999","21,999","13,999","50,2","23,1","13,1","5,0","11,4","23,999","11,4","46,1","3,999","5,999","7,0","1,999","9,2","3,999","46,3","7,0","3,999","14,1","11,3","17,999","1,999","12,4","15,999","4,999","4,999","36,1","5,999","15,0","6,999","16,2","3,999","4,3","12,1","27,999","39,1","10,999","2,999","13,999","12,2","12,999","21,3","16,4","39,3","7,4","2,999","11,999","23,4","17,999","15,1","2,999","6,2","26,3"
"10,4","24,999","9,2","4,999","8,999","0,999","5,4","11,4","1,999","1,999","49,3","32,4","24,3","3,999","44,0","3,999","3,3","1,999","19,2","0,999","11,0","9,0","12,0","20,3","5,999","10,0","7,1","16,2","9,999","22,1","42,1","3,999","22,1","21,4","5,999","7,999","6,2","6,999","9,1","20,0","7,1","42,4","33,2","20,999","5,999","25,4","18,999","26,4","2,999","25,1","9,2","11,4","1,999","12,2","17,1","29,2","1,999","18,0","8,1","9,4","0,999","22,999","19,1","23,3","17,0","6,999","8,999","2,999","15,4","13,999","3,999","8,1","13,999","26,4","6,1","3,999","15,4","1,999","9,4","20,3","9,2","8,3","12,3","12,999","6,999","63,0","23,999","19,0","6,999","37,4","3,999","0,999","5,999","27,2","18,0","16,3","0,999","1,999","20,4","4,999"
"15,2","17,2","13,4","7,999","7,999","59,999","8,3","50,2","4,999","1,999","29,2","18,4","3,1","3,999","11,0","5,0","20,1","13,0","18,999","1,999","20,2","1,999","3,999","28,0","29,3","7,3","5,999","8,3","17,2","10,1","32,4","4,999","12,4","13,4","29,1","4,999","8,2","1,999","1,999","5,999","30,4","11,4","20,1","7,999","12,999","10,3","6,999","34,1","15,4","31,2","27,1","6,4","23,2","16,0","12,0","28,0","5,3","15,4","3,1","8,2","40,2","44,4","17,1","17,0","24,0","27,0","11,0","10,0","32,3","11,3","7,999","50,1","3,999","1,999","6,999","17,1","0,999","8,999","16,1","2,999","2,999","20,0","15,999","21,2","7,1","14,999","18,0","2,999","11,999","3,999","8,999","1,999","5,999","7,0","9,0","2,999","5,2","9,3","13,0","13,3"
"18,999","0,999","8,999","13,999","1,999","12,1","7,0","5,999","25,0","3,999","13,2","20,999","10,2","2,999","34,3","1,999","7,999","7,999","2,999","7,4","58,4","3,4","45,999","23,4","3,999","45,4","19,999","44,3","20,0","0,999","3,999","10,999","8,999","3,999","7,3","17,2","2,999","22,1","7,999","1,999","30,2","15,999","33,1","3,999","31,1","5,999","1,999","4,999","11,2","6,3","5,999","9,1","18,999","25,999","15,2","20,1","15,999","27,999","5,4","32,4","23,2","4,999","25,2","8,2","13,4","24,4","8,999","1,999","65,2","4,2","10,4","18,999","5,1","2,999","4,999","2,999","0,999","61,3","2,999","28,999","1,999","15,0","2,999","5,999","4,1","3,999","20,1","34,3","0,999","12,999","10,999","28,3","8,3","36,1","35,4","21,4","21,0","1,999","4,3","7,3"
"7,999","7,999","9,999","5,999","4,999","10,999","12,4","8,1","5,999","10,2","5,999","8,0","8,0","16,1","7,999","12,2","11,3","2,999","1,999","17,2","4,999","4,999","12,2","20,4","4,999","1,999","0,999","30,3","7,1","9,999","8,0","3,999","86,3","13,4","13,2","20,1","3,999","21,3","10,999","7,999","8,999","2,999","10,4","5,4","20,4","10,4","12,4","19,999","27,1","6,999","3,999","27,3","15,4","14,2","4,999","20,999","2,999","30,2","26,2","8,999","4,999","12,4","8,1","21,1","8,999","11,0","2,999","8,1","11,0","24,0","9,999","12,999","14,0","4,999","21,1","14,999","7,999","1,999","13,999","23,1","35,2","1,999","23,4","9,2","8,999","4,999","20,4","29,3","15,0","13,1","16,2","2,999","11,3","22,1","16,0","22,0","1,999","18,1","13,4","21,999"
"6,999","1,999","15,3","12,999","20,2","18,999","3,999","8,999","1,999","21,4","32,0","7,999","6,999","54,2","32,2","26,4","10,999","7,4","16,3","28,999","24,0","7,1","1,999","16,4","3,999","0,999","14,4","8,3","1,999","37,1","26,4","26,1","8,4","14,3","17,2","19,1","16,4","12,2","2,999","13,4","13,1","0,999","0,999","49,3","7,4","17,4","8,2","1,999","20,0","5,999","34,3","11,4","10,999","26,3","17,0","18,4","20,3","13,3","5,999","25,1","28,2","31,999","7,999","15,999","16,999","10,3","13,3","29,1","17,3","14,4","12,2","15,0","4,999","4,999","37,999","37,3","29,3","21,1","0,999","10,4","7,999","0,999","5,999","2,999","16,3","5,999","27,2","0,999","3,999","34,4","47,4","24,2","11,3","37,1","44,999","20,2","6,2","19,0","17,999","11,1"
"12,999","11,4","23,4","24,1","4,999","17,1","4,999","9,4","11,0","5,999","6,0","1,999","21,3","2,999","1,999","6,999","1,999","4,0","18,0","14,999","10,999","1,999","2,1","15,2","9,999","16,0","34,0","2,999","2,999","4,999","7,999","3,0","1,999","19,999","16,4","6,999","0,999","3,999","9,2","13,0","3,999","5,999","10,999","2,999","31,3","14,999","10,2","40,4","29,4","10,2","31,1","3,999","34,2","16,999","4,999","24,0","2,999","11,1","7,999","24,1","38,4","13,999","14,1","19,999","46,1","25,2","32,1","35,2","22,0","2,999","4,3","23,1","21,1","29,2","30,1","1,999","9,0","13,1","22,4","13,2","26,0","23,999","12,1","9,999","1,999","8,2","20,0","16,2","7,999","66,0","1,999","10,0","8,3","2,999","7,999","28,3","14,3","12,999","9,999","8,999"
"18,999","7,4","3,999","4,999","11,0","13,0","10,2","3,999","48,1","13,4","38,0","8,3","40,1","20,1","16,4","5,4","16,4","13,999","18,0","10,2","12,999","14,999","8,0","15,3","33,2","7,2","39,0","3,999","55,1","6,999","14,0","31,0","37,0","5,999","16,1","11,999","24,999","25,4","18,999","23,2","17,0","3,999","17,4","10,4","16,3","0,999","3,999","16,999","3,0","17,2","4,999","0,999","1,999","0,999","15,0","10,3","23,2","30,4","4,999","6,1","27,1","32,3","5,999","5,999","0,999","12,1","9,1","5,999","36,3","4,999","6,4","23,0","2,999","1,999","16,0","4,999","9,999","22,1","22,4","4,999","24,1","27,0","13,1","5,2","13,4","5,2","16,0","20,999","1,999","30,1","5,0","9,999","1,999","2,999","28,1","16,1","6,999","7,4","15,3","5,0"
"6,3","8,0","6,999","18,999","16,3","0,999","3,999","7,999","4,999","8,999","2,999","3,999","27,2","20,4","43,2","9,999","9,999","25,1","4,999","34,2","20,3","4,999","21,4","9,999","16,2","10,999","7,2","6,999","2,999","15,2","3,999","14,2","4,999","37,0","6,999","18,1","2,999","20,2","33,2","23,1","11,999","17,1","4,999","3,999","32,4","9,3","8,0","12,4","37,4","7,2","15,1","11,0","21,999","29,999","6,999","0,999","13,0","21,4","27,0","33,1","14,999","16,999","6,0","7,2","22,1","51,0","22,0","28,0","2,999","3,999","8,3","3,999","33,2","6,0","23,2","4,3","5,999","47,3","19,3","15,1","7,999","22,4","2,999","8,0","1,999","14,2","34,999","12,999","20,1","10,0","5,999","20,999","7,999","55,0","21,4","15,999","19,4","37,4","1,999","33,1"
"10,999","14,4","1,999","4,999","10,3","6,999","14,2","7,999","10,4","38,3","5,999","24,0","2,999","17,1","18,999","12,3","1,999","0,999","18,1","39,4","7,999","12,3","9,3","11,3","19,1","7,999","3,999","3,999","12,4","8,2","8,999","6,2","3,999","4,999","2,999","1,999","20,1","21,999","17,4","26,0","7,999","2,999","4,999","13,4","3,999","1,999","2,4","16,999","7,3","10,4","6,0","18,0","23,2","37,2","12,999","1,999","27,1","13,3","4,999","2,999","25,3","6,0","10,3","15,4","13,999","15,0","10,999","2,999","1,999","9,3","27,3","8,1","26,3","14,3","20,1","3,999","12,999","49,999","37,4","24,1","6,4","6,4","11,1","1,999","9,4","8,999","4,2","11,1","16,4","4,1","24,1","21,2","9,999","21,0","16,1","11,4","3,0","1,999","5,4","2,999"
"5,999","16,0","10,999","2,999","2,999","19,1","2,999","0,999","4,3","5,999","0,999","24,0","27,0","29,0","14,3","6,1","4,999","2,999","2,999","39,3","14,1","33,4","7,999","4,999","0,999","5,999","4,3","4,999","0,999","29,1","17,1","11,999","21,4","31,2","17,0","10,4","1,999","17,3","18,0","8,999","11,3","6,999","17,999","7,3","1,999","25,4","9,3","4,999","26,0","5,2","0,999","8,999","32,1","4,999","8,999","38,3","19,2","14,3","20,4","13,999","78,4","9,3","25,1","32,2","28,3","24,1","9,3","31,999","20,999","31,3","17,2","19,999","7,999","21,4","8,999","11,0","21,3","16,1","5,999","29,3","19,1","16,2","22,4","7,1","12,1","30,0","8,999","6,999","50,0","16,2","13,4","6,2","8,3","18,999","10,999","1,999","15,0","14,1","33,0","5,999"
"8,999","18,0","10,0","1,999","0,999","7,3","20,1","7,0","22,3","9,0","22,999","3,999","53,3","8,4","18,999","3,999","28,2","6,999","15,2","7,999","8,999","6,3","8,4","29,0","32,3","13,999","11,999","5,2","35,1","23,1","12,999","15,0","7,3","25,999","12,2","50,2","19,2","13,2","3,999","2,999","41,0","19,999","8,999","17,1","24,999","9,999","25,0","0,999","15,2","8,2","29,4","34,2","5,999","14,999","20,1","23,0","0,999","21,1","17,999","18,999","30,1","1,999","34,2","7,999","1,999","45,3","26,4","19,0","4,999","14,0","37,2","12,0","11,4","11,999","12,2","16,3","24,2","17,0","6,2","24,1","12,1","27,1","5,999","7,999","9,999","4,999","52,0","35,1","9,0","19,0","6,1","3,999","18,1","21,3","20,3","9,999","7,0","1,999","49,4","63,3"
"8,1","21,2","8,2","41,0","10,2","6,999","42,4","10,4","4,3","8,999","16,4","14,4","21,4","7,999","3,0","2,999","7,0","6,1","5,999","69,4","14,0","2,999","3,999","16,3","15,1","13,3","2,999","32,2","33,2","20,3","37,3","2,999","28,4","25,4","4,0","42,4","24,1","30,4","17,999","18,0","22,4","4,999","21,1","10,3","1,999","36,999","10,999","6,4","41,4","25,4","4,999","2,999","8,999","11,3","36,1","24,4","4,999","14,3","5,999","0,999","6,999","7,4","8,1","20,999","7,999","0,999","6,999","13,0","3,999","17,0","4,999","11,999","17,999","2,999","1,999","34,4","0,999","15,3","30,0","12,0","2,999","3,999","24,3","2,999","7,999","5,999","3,999","17,4","1,999","6,1","48,0","18,4","30,3","22,0","41,1","3,999","8,999","62,1","55,3","15,2"
"2,999","19,1","14,999","16,1","28,1","18,0","12,999","20,2","14,1","0,999","10,999","15,0","17,0","23,2","11,0","3,999","11,3","2,999","8,4","14,1","1,999","21,1","5,999","9,2","11,999","13,3","5,0","11,1","2,999","15,999","18,2","4,999","28,1","9,999","31,0","21,1","13,4","21,1","2,999","9,3","16,0","8,4","19,3","1,999","5,3","4,3","8,999","33,4","13,999","9,1","0,999","14,2","6,1","10,1","1,999","3,999","13,999","10,999","38,0","10,999","16,2","25,1","15,4","6,0","16,0","25,0","11,2","34,4","1,999","15,0","10,2","8,0","9,999","10,4","3,999","4,999","1,999","0,999","0,999","16,4","6,999","6,999","52,1","20,1","0,999","32,0","0,999","37,4","40,2","12,3","10,999","7,4","25,3","9,3","21,3","13,0","19,1","19,999","12,0","4,999"
"5,999","31,2","43,999","29,999","16,4","9,0","3,999","15,2","13,999","22,2","12,2","5,1","6,999","18,0","1,999","2,999","10,999","27,1","35,1","21,4","17,2","33,999","16,4","0,999","3,999","15,1","44,1","6,999","20,4","17,0","16,2","16,1","4,999","4,999","11,3","33,2","27,999","6,2","16,0","16,1","4,999","4,999","8,2","5,999","29,3","16,1","31,999","2,999","1,999","13,1","4,999","11,3","23,3","6,2","33,3","0,999","21,999","10,0","12,2","3,999","4,999","16,1","31,1","6,999","19,999","6,999","12,999","8,4","22,2","4,999","2,999","14,4","28,4","1,999","35,0","22,1","6,999","5,999","8,999","9,2","2,999","34,4","22,3","20,2","12,999","9,3","8,1","11,999","14,4","0,999","3,999","1,999","1,999","0,999","6,4","22,3","20,0","3,999","11,999","39,3"
"14,999","58,1","13,3","18,1","9,999","35,3","33,3","5,999","10,0","18,999","19,999","16,999","6,999","9,999","1,999","21,0","4,999","12,4","0,999","21,1","4,999","17,0","29,4","13,999","5,999","37,3","10,999","13,3","2,999","19,2","4,999","8,1","8,999","1,999","44,999","5,999","3,999","17,1","20,1","53,3","11,4","35,1","6,999","14,0","2,999","6,3","25,4","4,1","3,999","31,0","56,3","21,0","14,3","3,999","4,999","16,0","10,0","3,999","9,999","9,999","9,999","20,999","12,999","7,4","23,2","3,999","0,999","8,0","5,999","24,2","10,999","13,999","2,999","12,1","30,3","25,2","6,2","0,999","14,0","19,1","30,2","10,999","28,2","2,999","6,999","1,999","4,1","7,4","19,1","14,1","10,0","7,0","9,999","5,3","11,1","17,3","35,2","49,4","4,999","9,999"
"7,1","1,999","5,4","20,0","13,2","1,999","10,999","16,1","2,999","47,3","4,999","25,0","15,0","22,4","15,3","5,1","10,3","30,0","18,2","21,0","36,2","0,999","29,3","2,0","0,999","7,999","10,999","53,999","18,999","13,4","1,999","5,999","4,999","7,4","18,999","11,999","27,0","37,2","12,999","13,2","8,999","6,999","2,999","18,4","13,4","0,999","15,999","4,999","1,999","18,3","10,2","16,999","12,2","12,4","5,999","2,999","14,2","9,0","60,4","2,999","6,999","42,4","4,999","10,0","18,0","7,999","18,999","17,3","23,2","9,0","6,4","11,999","37,2","17,999","29,999","9,999","12,999","4,999","3,1","18,0","21,3","11,999","53,4","11,999","1,999","17,0","11,0","32,0","4,999","18,1","5,999","2,999","0,999","36,2","10,4","26,4","1,999","7,0","35,999","17,3"
"13,2","3,999","2,999","54,2","43,3","5,999","3,999","3,999","6,4","9,0","21,999","30,999","14,999","11,3","6,999","3,999","4,999","32,3","34,0","38,999","1,999","14,3","21,0","34,2","4,999","23,1","6,999","6,4","4,999","1,999","7,999","15,2","12,2","3,999","0,999","5,999","4,999","15,1","7,1","4,999","5,999","6,1","8,1","7,3","11,999","7,999","3,999","1,999","45,2","2,999","13,0","16,2","2,999","5,0","15,3","10,1","32,3","11,1","1,999","13,3","21,999","5,0","40,999","16,2","10,999","30,4","0,999","11,999","37,3","3,999","11,2","16,0","2,999","4,3","12,0","45,1","2,999","12,3","2,999","21,1","15,2","21,4","11,2","19,0","3,999","37,1","34,999","36,3","20,0","6,999","19,4","0,999","28,0","29,3","15,3","29,1","4,999","20,4","14,2","20,4"
