# Arguments: kr_a=0.0, kd_a=0.21, rep=100, it=100, relocation=0.0, division=0.21, rows=20, cols=5, status=None, file_ID=7, delta_t=None
"14,999","17,0","72,999","7,999","2,999","3,999","74,4","20,999","54,999","2,999","95,2","6,999","8,999","17,999","2,999","36,999","1,999","25,0","0,999","7,999","1,999","1,999","18,999","1,999","1,999","95,999","7,999","2,999","25,999","29,999","23,999","5,999","16,999","10,999","12,999","11,4","22,4","32,999","3,999","48,4","44,1","8,999","3,999","1,999","21,0","9,999","92,999","2,999","45,4","0,999","9,999","2,999","13,999","20,999","9,999","7,999","12,999","1,999","4,999","27,4","0,999","2,999","3,999","3,999","11,999","3,999","2,999","47,999","7,999","41,999","33,1","13,999","31,4","0,999","6,999","8,999","36,999","34,999","0,999","6,999","0,999","18,2","48,999","8,999","1,999","12,999","6,999","2,999","53,999","46,999","58,2","19,4","4,999","0,999","0,999","33,0","1,999","27,1","23,999","6,999"
"26,999","3,999","9,999","11,999","12,999","21,999","12,999","1,999","1,999","88,0","2,999","5,999","2,999","2,999","123,2","8,999","7,999","1,999","2,999","6,999","16,4","3,999","2,999","2,999","52,4","5,999","20,0","46,999","5,999","4,999","10,999","26,1","17,999","10,999","47,999","4,999","18,0","6,999","72,999","7,999","36,999","0,999","2,999","2,999","21,999","14,999","9,999","19,999","3,999","0,999","4,999","6,999","6,999","17,999","25,3","21,999","9,999","4,999","8,0","5,999","1,999","3,999","2,999","30,999","38,1","71,1","13,999","25,1","41,2","3,999","6,2","38,1","100,4","16,999","9,999","5,999","3,999","17,2","1,999","31,999","0,999","5,999","13,999","1,999","0,999","1,999","4,999","4,999","6,999","23,999","0,999","34,1","7,999","0,999","6,999","8,999","29,999","30,4","20,4","15,999"
"27,3","20,999","9,999","2,999","35,1","5,999","2,999","3,999","25,999","1,999","50,1","6,999","9,999","34,999","18,2","7,999","10,999","1,999","83,999","22,999","43,999","36,0","2,999","27,999","27,999","10,999","25,999","34,999","2,999","2,999","3,999","24,999","4,999","0,999","43,999","2,999","3,999","28,0","41,999","10,4","6,999","6,999","4,999","7,999","8,999","71,999","0,999","86,999","52,999","43,1","5,999","6,999","4,999","7,999","27,4","11,4","22,999","1,999","43,3","9,999","26,999","10,999","22,0","0,999","27,3","5,999","5,999","2,999","1,999","5,999","4,999","3,999","37,999","9,999","90,3","53,999","1,999","4,999","13,999","5,999","25,999","10,999","13,999","0,999","31,2","9,999","8,999","0,999","2,999","68,0","1,999","8,999","13,999","1,999","35,999","13,999","14,999","28,999","7,999","18,999"
"11,999","30,999","2,999","0,999","0,999","30,3","32,2","3,999","0,999","16,4","5,999","5,999","0,999","6,999","24,2","11,999","10,999","12,999","20,999","1,999","39,3","28,999","7,999","19,999","3,999","9,999","14,0","0,999","68,1","42,2","49,999","34,999","13,999","18,999","25,999","26,999","0,999","115,999","11,999","0,999","3,999","16,999","0,999","6,999","3,999","4,999","1,999","0,999","5,999","30,1","0,999","17,999","54,999","9,999","38,1","8,999","11,999","20,999","21,999","16,999","3,999","10,999","8,999","39,1","30,999","5,999","72,0","10,999","37,999","0,999","1,999","37,4","4,999","3,999","27,0","27,2","10,999","15,999","6,999","15,999","4,999","11,999","1,999","11,999","5,999","2,999","35,999","0,999","16,3","158,999","29,999","5,999","102,999","19,2","35,4","4,999","17,999","14,999","5,999","25,2"
"2,999","21,0","0,999","4,999","10,999","1,999","23,3","0,999","3,999","4,999","0,999","9,999","23,4","1,999","12,4","12,1","4,999","25,999","0,999","8,999","2,999","32,1","3,999","7,999","85,4","44,999","32,999","8,3","1,999","0,999","14,999","34,999","5,999","12,999","4,999","6,999","14,999","2,999","7,999","7,999","2,999","19,999","18,999","27,999","2,999","76,999","6,999","3,999","1,999","52,999","4,999","2,999","8,999","14,999","23,999","0,999","0,999","1,999","7,999","2,999","35,999","7,999","0,999","12,999","8,999","40,1","51,1","7,999","11,999","46,999","25,0","2,999","3,999","0,999","1,999","1,999","41,3","27,2","6,999","0,999","7,999","2,999","0,999","13,999","28,1","13,999","2,999","17,0","13,999","5,999","24,1","7,999","106,4","12,999","0,999","33,999","9,999","2,999","21,3","25,999"
"9,999","2,999","60,1","8,999","40,999","1,999","9,999","18,999","4,999","2,999","3,999","4,999","2,999","4,999","0,999","6,999","1,999","29,999","10,999","42,999","30,2","12,999","80,2","1,999","23,4","2,999","0,999","1,999","5,999","2,999","22,999","29,0","31,999","16,999","4,999","1,999","49,999","10,999","5,999","6,999","31,1","12,999","0,999","10,999","9,999","4,999","51,3","10,999","12,4","32,999","28,3","14,2","68,3","1,999","9,999","8,999","4,999","73,999","2,999","3,999","0,999","0,999","1,999","2,999","1,999","20,999","2,999","30,999","17,999","3,999","2,999","24,999","0,999","0,999","1,999","1,999","4,999","146,4","30,999","11,999","6,999","1,999","4,999","7,999","42,999","0,999","2,999","7,999","0,999","7,999","3,999","40,999","2,999","0,999","2,999","28,0","29,999","42,4","34,999","3,999"
"44,3","0,999","37,999","110,1","7,999","4,999","0,999","0,999","33,999","3,999","3,999","51,4","2,999","4,999","43,999","5,999","1,999","107,0","2,999","36,999","53,999","7,999","17,999","44,999","9,999","4,999","19,999","24,999","3,999","1,999","33,999","3,999","1,999","61,1","2,999","8,999","47,999","32,4","1,999","18,999","7,1","23,4","5,999","5,999","6,999","11,999","25,3","9,999","6,999","0,999","16,999","0,999","10,999","32,999","2,999","11,999","14,999","20,999","13,999","34,2","26,0","2,999","5,999","50,2","19,999","1,999","0,999","0,999","10,0","4,999","31,999","7,1","34,4","13,999","39,0","52,0","0,999","2,999","28,999","12,999","16,999","6,999","0,999","17,999","12,999","25,1","77,999","5,999","36,0","6,999","18,999","15,999","1,999","81,1","88,999","59,0","2,999","4,999","0,999","28,999"
"12,4","0,999","0,999","58,999","5,999","7,999","31,999","38,4","4,999","2,999","23,999","3,999","3,999","3,999","0,999","22,999","3,999","61,999","12,999","37,2","8,999","3,999","0,999","1,999","5,999","49,3","0,999","1,999","20,999","19,999","12,4","2,999","40,2","3,999","20,999","0,999","29,999","14,999","2,999","27,999","45,2","37,0","59,2","0,999","20,999","7,999","4,999","47,1","0,999","30,0","5,999","6,999","6,999","26,999","58,4","4,999","8,999","3,999","5,999","16,999","56,999","15,999","0,999","11,999","3,999","45,999","4,999","17,999","4,999","22,4","14,999","28,2","0,999","0,999","1,999","22,999","21,1","1,999","1,999","11,999","11,999","38,999","14,3","85,1","114,999","115,999","3,999","1,999","32,999","1,999","49,999","0,999","0,999","30,999","4,999","15,0","6,999","0,999","105,3","20,2"
"48,2","47,3","11,999","27,999","5,999","10,3","34,4","0,999","26,999","0,999","12,999","13,999","0,999","8,999","4,999","3,999","3,999","0,999","19,999","0,999","0,999","82,999","0,999","7,999","31,999","4,999","5,999","12,999","9,999","25,999","131,999","0,999","39,0","4,999","1,999","0,999","1,999","0,999","57,999","0,999","5,999","16,2","6,999","9,999","18,999","1,999","62,999","34,999","22,999","2,999","0,999","4,999","52,999","5,999","0,999","1,999","2,999","4,999","7,999","0,999","0,999","20,999","123,999","3,999","30,999","5,1","4,999","34,999","8,999","9,1","6,999","30,999","4,999","0,999","8,999","6,999","8,999","8,999","8,999","51,4","1,999","36,999","45,0","19,4","2,999","11,999","51,999","69,999","16,999","28,4","18,0","22,999","1,999","40,0","61,2","0,999","7,999","1,999","4,999","43,999"
"30,999","7,999","17,999","0,999","0,999","22,2","1,999","36,2","66,999","16,999","36,999","25,999","15,999","4,999","10,999","1,999","1,999","30,999","11,999","0,999","6,999","1,999","3,999","1,999","40,999","2,999","4,999","15,999","12,999","9,999","28,999","4,999","4,999","5,999","6,999","20,999","2,999","1,999","5,999","13,999","0,999","9,999","6,999","1,999","3,999","15,4","1,999","3,999","23,1","3,999","1,999","29,1","61,999","2,999","69,1","0,999","59,2","6,999","1,999","2,999","4,999","50,999","19,3","23,1","14,2","19,3","13,2","8,999","0,999","4,999","102,3","61,999","1,999","24,3","0,999","2,999","3,999","0,999","42,3","40,1","51,999","0,999","0,999","23,999","55,999","24,999","34,999","10,999","15,999","12,999","4,999","1,999","0,999","1,999","18,999","4,999","4,999","13,999","64,999","17,1"
"5,999","4,999","7,999","15,999","47,3","1,999","9,999","3,999","3,999","2,999","27,999","4,999","11,999","3,999","32,0","0,999","18,999","78,3","8,999","11,999","2,999","27,999","9,999","1,999","14,4","5,999","36,999","6,999","6,999","7,999","12,999","3,999","1,999","38,999","30,4","40,2","24,999","12,999","7,999","22,999","0,999","35,3","7,999","17,999","1,999","15,999","16,999","19,999","0,999","3,999","11,999","68,999","11,999","10,999","25,999","10,2","105,3","10,999","30,1","8,4","5,999","0,999","24,999","2,999","0,999","36,4","25,3","1,999","5,999","2,999","34,999","75,2","1,999","1,999","0,999","1,999","7,999","60,4","56,1","12,0","5,999","9,999","19,999","4,999","9,999","75,3","50,0","9,999","1,999","6,999","7,999","4,999","18,999","4,999","15,999","23,999","9,999","0,999","10,999","22,999"
"2,999","11,999","6,999","4,999","1,999","3,999","1,999","19,3","2,999","16,999","20,2","9,999","9,999","32,0","4,999","42,999","10,999","23,999","2,999","22,999","48,3","3,999","0,999","77,2","38,999","29,0","0,999","24,999","8,999","10,999","35,3","0,999","18,999","8,999","1,999","0,999","13,999","18,999","56,999","0,999","35,0","83,2","1,999","10,999","4,999","95,1","6,999","35,1","5,999","2,999","3,999","26,999","31,999","11,999","9,999","10,999","0,999","15,1","1,999","20,999","5,999","58,4","23,1","84,2","0,999","2,999","42,999","9,999","11,999","2,999","4,999","3,999","109,999","4,999","105,4","0,999","38,4","24,999","17,999","0,999","30,999","5,999","15,999","22,3","0,999","2,999","1,999","33,999","17,999","6,999","3,999","7,999","1,999","18,999","46,999","8,999","6,999","2,999","11,999","4,999"
"81,999","13,999","26,999","13,999","13,999","3,999","57,999","17,0","30,4","56,3","0,999","4,999","50,3","2,999","25,999","7,999","7,999","10,999","23,3","4,999","15,999","3,999","10,999","8,999","4,999","16,1","6,999","3,999","15,3","3,999","11,999","33,999","52,3","33,999","15,999","86,999","11,999","78,0","7,999","0,999","0,999","74,999","2,999","3,999","23,999","0,999","35,4","8,999","9,999","29,999","3,999","14,999","4,999","10,999","29,999","0,999","66,3","40,0","13,1","10,999","16,999","16,999","13,999","10,999","1,999","0,999","0,999","2,999","0,999","17,999","33,999","0,999","1,999","4,999","1,999","18,999","28,999","1,999","21,999","1,999","2,999","7,999","13,999","4,999","0,999","19,999","6,999","1,999","44,3","18,999","14,999","51,1","8,999","15,4","38,3","2,999","9,999","34,999","3,999","2,999"
"10,2","4,999","33,3","35,999","8,999","4,999","1,999","13,3","4,999","0,999","43,2","15,999","31,999","17,3","26,999","0,999","0,999","4,999","26,0","8,999","9,999","58,999","3,999","5,999","28,1","41,2","1,999","6,999","81,999","2,999","6,999","1,999","2,999","5,999","5,999","10,999","37,999","3,999","2,999","2,999","33,999","17,999","18,999","20,999","100,1","18,999","7,999","17,2","4,999","2,999","4,999","1,999","4,999","18,4","1,999","33,999","5,999","21,999","7,999","31,1","31,3","0,999","3,999","21,999","8,999","0,999","38,2","2,999","6,999","56,0","35,999","10,999","0,999","34,999","95,4","4,999","12,999","14,999","6,999","38,2","19,999","47,999","20,999","26,999","3,999","2,999","3,999","13,999","9,999","10,999","11,1","7,999","1,999","1,999","15,999","7,999","60,1","0,999","1,999","3,999"
"1,999","3,999","31,999","4,999","37,999","5,999","4,999","3,999","3,999","10,999","9,999","29,999","4,999","10,999","3,999","4,999","20,999","29,999","2,999","48,999","34,4","7,999","22,2","4,999","13,999","15,999","44,0","18,999","5,999","54,999","52,999","3,999","13,999","4,999","7,999","83,999","21,999","27,3","6,999","2,999","13,999","2,999","15,999","28,0","25,999","88,999","45,2","0,999","2,999","5,999","19,999","10,999","3,999","10,999","1,999","4,999","5,999","12,999","25,999","21,0","19,0","31,4","46,999","4,999","45,999","11,999","28,3","3,999","8,999","75,1","3,999","9,999","39,999","3,999","5,999","11,999","4,999","0,999","8,4","0,999","1,999","101,2","20,999","9,3","0,999","4,999","0,999","2,999","23,1","16,999","0,999","43,1","6,999","45,999","5,999","2,999","5,999","18,2","8,999","0,999"
"11,999","3,999","1,999","55,1","20,1","25,1","30,0","2,999","37,4","4,999","103,0","14,999","34,4","24,999","2,999","4,999","4,999","31,999","74,999","6,999","10,999","4,999","2,999","24,999","0,999","21,4","0,999","1,999","10,999","14,999","17,999","15,999","23,999","0,999","9,999","0,999","2,999","3,999","39,999","30,999","67,999","21,999","12,3","4,999","0,999","18,999","3,999","15,999","23,999","1,999","31,3","6,999","7,999","48,999","14,1","3,999","85,999","16,0","3,999","11,999","16,999","8,999","1,999","21,999","0,999","13,1","1,999","20,999","14,999","25,999","3,999","35,999","9,999","42,0","27,2","79,999","3,999","46,2","17,999","20,999","7,999","9,999","9,999","1,999","14,999","3,999","1,999","1,999","13,999","77,999","11,999","59,0","9,999","41,999","1,999","4,999","58,4","1,999","0,999","12,999"
"8,999","0,999","30,999","34,999","0,999","3,999","72,999","9,999","70,0","4,999","2,999","19,2","21,3","23,999","9,999","12,999","2,999","0,999","0,999","9,999","18,999","74,2","9,999","10,999","2,999","27,999","42,999","0,999","1,999","43,999","50,999","13,999","28,999","16,999","12,999","6,999","2,999","21,999","13,3","7,999","3,999","49,999","2,999","0,999","4,999","4,999","0,999","4,999","6,999","0,999","111,999","3,999","7,999","3,999","0,999","0,999","56,999","4,999","0,999","24,1","8,999","29,999","20,999","7,0","8,999","3,999","0,999","0,999","24,1","22,2","6,3","30,2","48,2","11,999","6,999","7,999","47,999","14,999","3,999","0,999","59,2","31,999","1,999","54,3","16,0","2,999","12,999","43,2","22,999","15,999","1,999","25,999","1,999","12,3","74,0","0,999","9,999","5,999","3,999","0,999"
"16,1","77,999","9,999","2,999","17,1","1,999","21,999","37,2","24,999","38,999","2,999","18,999","6,999","1,999","7,999","1,999","66,999","16,999","2,999","0,999","1,999","2,999","3,999","2,999","5,999","15,2","19,999","1,999","27,3","63,999","48,2","3,999","5,999","8,999","11,999","0,999","3,999","9,999","6,999","44,999","40,2","2,999","8,999","0,999","2,999","0,999","23,999","25,999","54,4","23,999","12,999","24,4","5,999","4,999","20,999","0,999","3,999","3,999","1,999","10,999","78,999","11,1","3,999","25,2","4,999","30,999","17,999","49,1","2,999","43,999","12,999","14,1","0,999","101,999","0,999","10,999","11,999","6,999","23,2","16,999","4,999","1,999","0,999","24,3","38,999","14,999","4,999","0,999","0,999","65,999","12,999","1,999","14,999","1,999","1,999","12,999","0,999","2,999","5,999","1,999"
"51,999","28,2","41,999","31,999","5,999","3,999","65,1","16,999","9,999","5,999","1,999","6,2","44,4","45,1","17,999","3,999","12,999","9,3","49,1","1,999","59,999","8,999","5,999","20,999","141,3","101,0","3,999","62,999","10,999","0,999","78,999","4,999","2,999","9,999","6,999","10,999","7,999","65,2","0,999","0,999","13,999","6,999","22,999","23,4","5,999","22,2","8,999","5,999","50,3","15,999","0,999","66,1","10,999","25,999","0,999","5,999","11,999","4,999","8,999","0,999","11,999","2,999","22,999","0,999","55,999","1,999","68,999","1,999","20,3","4,999","4,999","5,999","2,999","3,999","3,999","2,999","102,4","33,999","25,1","33,4","0,999","4,999","9,999","7,999","39,999","2,999","0,999","24,999","2,999","85,999","10,999","7,999","15,999","0,999","8,999","1,999","10,999","4,999","5,999","6,999"
"2,999","57,999","1,999","6,999","1,999","93,2","90,999","15,999","22,999","14,0","42,0","6,999","47,999","2,999","18,999","7,1","0,999","21,3","4,999","2,999","46,3","30,999","3,999","73,999","30,999","37,999","27,999","0,999","98,4","36,3","0,999","10,4","4,999","14,999","0,999","1,999","23,999","24,2","1,999","63,999","10,999","1,999","2,999","2,999","23,999","25,3","1,999","25,3","15,999","4,999","4,999","13,999","42,2","0,999","15,999","40,4","4,999","12,4","2,999","9,999","69,999","1,999","23,3","3,999","40,2","16,999","81,0","0,999","24,0","26,999","1,999","1,999","12,999","8,999","1,999","5,999","43,999","11,999","14,999","19,1","6,999","0,999","78,3","13,999","8,999","27,999","40,999","2,999","10,999","59,0","61,3","5,999","0,999","4,999","3,999","45,0","0,999","3,999","4,999","5,2"
"6,999","78,999","5,999","12,999","18,999","1,999","4,999","11,999","4,999","5,999","50,999","65,999","0,999","34,999","108,999","23,999","3,999","33,3","20,999","6,999","0,999","23,999","1,999","71,3","13,999","2,999","2,999","0,999","0,999","101,999","3,999","6,999","3,999","9,999","0,999","0,999","0,999","43,999","5,999","59,4","67,999","27,999","5,999","7,999","53,999","18,999","9,999","11,999","31,2","10,0","14,999","50,4","2,999","10,999","7,999","20,999","1,999","4,999","0,999","154,999","14,999","0,999","16,999","5,999","0,999","2,999","3,999","30,999","72,0","14,999","7,999","12,999","56,1","1,999","11,999","52,2","11,999","11,3","0,999","20,3","31,2","7,999","4,999","23,2","0,999","30,3","6,999","1,999","47,999","4,999","12,999","8,999","10,999","13,999","2,999","1,999","14,999","1,999","1,999","29,999"
"12,999","4,999","4,999","11,3","4,999","18,999","7,999","4,999","27,1","28,0","16,999","15,999","38,999","4,999","0,999","7,999","50,999","9,3","34,999","3,999","19,999","0,999","17,0","17,999","40,999","40,999","16,999","8,999","3,999","46,3","58,4","30,999","13,999","11,4","5,999","21,999","16,999","10,999","8,4","5,999","5,999","32,999","32,0","0,999","9,999","36,999","0,999","5,999","6,999","1,999","9,999","9,999","2,999","20,999","1,999","16,999","27,999","33,999","9,999","0,999","1,999","18,999","10,999","6,999","60,1","0,999","43,999","1,999","59,2","14,999","1,999","0,999","127,0","52,999","10,2","8,999","5,999","53,0","20,1","1,999","31,3","27,999","39,999","14,999","18,999","19,1","30,999","30,3","5,999","22,999","35,3","0,999","1,999","28,999","13,999","7,999","19,999","15,999","0,999","45,999"
"2,999","22,999","7,999","44,999","21,999","5,999","1,999","8,999","29,2","0,999","20,999","11,999","19,2","17,999","50,999","1,999","6,999","33,999","22,999","16,999","12,999","8,999","5,999","9,999","42,4","8,999","35,2","26,0","82,4","51,0","4,999","0,999","1,999","2,999","31,999","146,0","34,999","7,999","8,999","16,999","75,999","1,999","1,999","8,1","58,999","38,999","10,999","9,999","4,999","1,999","1,999","39,999","5,999","8,999","28,0","48,999","11,999","13,1","22,0","4,999","20,999","4,999","1,999","7,999","18,1","6,999","58,4","89,999","53,999","16,0","23,999","1,999","64,999","5,999","17,999","3,999","5,999","23,999","15,999","6,999","4,999","43,1","0,999","4,999","7,999","4,999","6,999","30,4","15,999","10,999","18,1","23,999","9,999","23,0","1,999","7,999","78,0","7,999","28,999","10,999"
"30,999","1,999","16,0","23,999","24,999","6,999","0,999","38,999","0,999","3,999","13,999","1,999","3,999","3,999","0,999","0,999","21,999","0,999","9,1","37,999","28,999","15,999","7,999","77,0","58,0","2,999","17,999","30,3","6,999","0,999","3,999","74,999","11,0","4,999","50,999","104,1","2,999","5,999","40,999","0,999","6,999","31,999","4,999","10,999","7,999","11,999","6,999","9,999","27,999","9,999","3,999","11,999","142,999","21,999","94,999","1,999","2,999","4,999","21,999","2,999","16,999","7,999","7,999","5,999","0,999","6,999","2,999","6,999","44,4","48,4","6,1","1,999","12,999","44,1","2,999","50,999","9,999","6,999","7,999","14,999","0,999","8,1","2,999","9,999","9,999","8,999","43,999","0,999","1,999","11,3","7,999","3,999","14,3","27,2","61,3","13,999","7,999","56,999","1,999","24,3"
"10,999","59,1","1,999","2,999","9,999","45,999","24,2","25,1","14,999","0,999","22,4","0,999","40,2","8,999","0,999","23,999","2,999","7,999","4,999","7,999","54,999","11,999","60,2","4,999","5,999","33,999","24,999","59,3","62,3","2,999","4,999","10,999","40,999","14,999","50,999","94,1","79,1","14,2","47,4","21,999","2,999","52,4","17,999","8,999","7,999","66,999","8,999","7,999","5,999","6,999","1,999","21,999","6,999","3,999","5,999","5,999","22,1","3,999","40,999","7,999","10,999","1,999","19,0","19,999","35,0","7,999","22,0","5,3","6,999","73,1","0,999","81,999","2,999","6,999","2,999","14,999","65,0","9,999","45,999","0,999","3,999","21,999","1,999","58,4","53,2","94,3","31,999","25,999","33,0","17,3","1,999","6,999","44,4","43,4","17,999","69,0","8,999","5,999","20,999","125,1"
"6,999","0,999","43,999","2,999","12,999","30,0","54,999","25,1","92,999","7,999","1,999","13,999","2,999","1,999","2,999","5,999","40,4","72,4","64,0","21,0","52,999","1,999","12,999","25,999","28,999","2,999","81,999","17,999","0,999","4,999","5,999","19,1","11,999","66,1","91,0","0,999","168,3","8,999","70,999","8,999","26,999","5,999","67,999","50,999","1,999","9,999","0,999","62,999","12,999","8,1","25,4","1,999","27,3","3,999","7,999","33,1","1,999","6,999","23,3","0,999","0,999","0,999","15,999","5,999","41,999","24,2","3,999","68,999","24,3","0,999","7,999","29,999","12,999","2,999","5,999","0,999","31,999","9,999","1,999","8,999","0,999","40,2","7,999","0,999","7,999","23,999","4,999","3,999","7,999","37,999","6,999","3,999","27,999","4,999","0,999","24,999","5,999","19,999","7,999","4,999"
"10,999","59,999","1,999","28,999","6,999","41,999","12,999","3,999","9,999","14,999","7,999","0,999","6,999","69,999","0,999","9,1","5,999","11,999","5,999","2,999","73,999","4,999","9,999","17,999","45,0","47,999","20,999","5,999","7,999","42,999","0,999","2,999","7,999","58,999","0,999","6,999","110,3","1,999","25,2","11,999","6,999","30,999","33,999","20,999","1,999","74,999","21,2","14,1","14,999","9,999","45,999","8,999","51,3","1,999","64,4","74,4","3,999","32,999","18,4","2,999","31,1","4,999","16,4","6,999","4,2","79,999","13,4","6,999","23,999","16,999","16,4","2,999","4,999","28,1","1,999","48,999","3,999","11,999","80,0","1,999","34,1","5,999","9,2","54,3","1,999","5,999","21,999","20,999","1,999","27,1","64,999","5,999","4,999","0,999","1,999","3,999","5,0","25,999","136,999","2,999"
"54,2","40,999","6,999","8,999","0,999","5,999","27,2","9,999","31,0","23,999","0,999","3,999","48,999","1,999","0,999","6,999","23,999","2,999","8,999","5,999","50,999","6,999","0,999","78,999","19,999","16,999","4,999","32,999","56,999","22,4","60,999","0,999","16,2","30,0","1,999","57,999","10,1","21,999","24,4","7,999","44,999","36,999","1,999","13,999","47,4","0,999","0,999","30,0","30,999","0,999","66,4","4,999","2,999","5,999","36,0","12,999","3,999","28,999","13,0","47,999","40,3","16,999","29,999","14,999","10,3","16,3","37,4","100,999","1,999","13,2","15,999","8,999","44,4","12,999","11,2","6,999","5,999","3,999","1,999","2,999","8,999","9,999","2,999","8,999","6,999","54,3","1,999","3,999","2,999","31,999","22,999","4,999","4,999","43,3","50,2","20,2","2,999","49,999","10,999","14,999"
"48,0","6,999","33,1","1,999","3,999","18,999","3,999","11,3","2,999","4,999","0,999","11,999","19,999","46,0","28,999","52,999","5,999","27,4","4,999","2,999","11,999","3,999","35,999","13,4","5,999","29,999","15,999","1,999","56,1","2,999","0,999","9,999","23,999","12,1","0,999","85,999","3,999","1,999","0,999","25,4","106,0","0,999","49,999","47,0","1,999","61,1","7,999","5,999","5,999","4,999","1,999","3,999","13,999","4,999","43,0","0,999","1,999","28,3","7,999","49,0","1,999","64,999","2,999","0,999","5,999","32,4","4,999","0,999","36,999","2,999","51,1","2,999","76,1","11,999","6,999","8,999","47,999","3,999","2,999","1,999","13,999","4,999","31,2","37,999","17,999","6,999","54,0","25,999","0,999","14,999","4,999","0,999","5,999","0,999","55,999","8,999","15,999","47,999","4,999","49,999"
"1,999","28,999","11,999","0,999","13,999","26,3","9,999","9,999","3,999","2,999","2,999","75,0","1,999","78,2","29,999","73,999","40,3","17,999","0,999","2,999","8,999","22,999","2,999","2,999","58,4","137,999","18,999","40,999","21,1","25,999","61,999","12,999","8,999","0,999","6,999","5,999","8,999","19,2","2,999","2,999","11,999","9,999","4,999","41,999","0,999","39,4","16,999","9,999","46,999","6,999","48,1","0,999","2,999","3,999","5,999","8,999","0,999","110,999","0,999","0,999","30,999","6,999","46,4","17,999","7,999","1,999","42,999","5,999","23,999","13,1","100,999","19,999","43,999","4,999","16,3","14,4","33,4","5,999","14,999","35,4","3,999","11,999","44,999","9,999","20,999","12,999","9,999","79,1","23,999","22,999","124,999","8,999","18,999","10,999","1,999","9,999","22,999","51,999","0,999","17,999"
"8,999","2,999","2,999","1,999","8,999","24,999","1,999","14,999","67,999","26,3","17,999","12,999","5,999","18,999","20,3","4,999","4,999","5,999","16,999","27,4","1,999","0,999","10,999","43,0","14,4","5,999","10,999","3,999","36,0","30,999","42,0","48,0","9,999","79,999","14,999","1,999","8,999","32,999","6,999","47,4","82,2","0,999","15,999","0,999","1,999","24,999","43,999","47,1","10,999","59,4","51,999","38,3","2,999","0,999","46,3","80,999","63,2","6,999","35,3","1,999","13,999","0,999","1,999","41,999","51,0","1,999","0,999","17,2","30,999","8,999","31,3","1,999","28,999","6,999","13,999","18,4","39,0","19,999","42,2","6,999","1,999","47,2","35,999","1,999","0,999","8,999","31,999","5,999","7,999","2,999","3,999","60,3","1,999","1,999","12,999","3,999","46,4","21,999","4,999","32,999"
"47,1","48,1","0,999","6,999","92,1","10,999","6,999","12,0","6,999","12,999","37,4","1,999","11,999","19,2","16,999","6,999","24,999","0,999","77,3","1,999","6,999","6,999","6,1","0,999","0,999","13,3","20,999","27,1","62,999","12,999","10,999","57,999","0,999","16,999","6,999","75,0","17,999","1,999","2,999","0,999","29,999","3,999","14,999","71,2","10,999","55,999","0,999","75,3","31,999","18,999","0,999","2,999","4,999","7,999","34,3","1,999","10,999","5,999","1,999","1,999","67,4","10,999","2,999","14,999","86,999","17,2","2,999","51,999","2,999","108,999","39,4","49,999","13,999","13,999","6,999","73,999","24,0","8,3","0,999","24,4","53,999","2,999","0,999","34,4","14,999","7,999","1,999","3,999","21,4","6,999","30,999","24,999","2,999","4,999","7,999","6,999","1,999","11,999","2,999","0,999"
"3,999","5,999","5,999","10,999","65,999","0,999","3,999","9,3","32,999","38,999","35,999","1,999","26,999","3,999","2,999","2,999","0,999","64,999","4,999","4,999","7,999","9,999","63,999","4,999","16,999","1,999","1,999","13,999","108,999","6,999","7,999","18,999","3,999","29,2","8,3","9,999","1,999","0,999","1,999","0,999","1,999","55,999","13,3","1,999","13,999","12,999","13,999","3,999","7,999","11,999","0,999","13,999","7,999","0,999","20,999","53,3","0,999","20,999","44,999","2,999","41,999","26,999","1,999","18,3","1,999","4,999","0,999","0,999","66,999","2,999","0,999","1,999","7,4","3,999","3,999","24,0","45,999","4,999","7,999","7,999","52,4","25,999","1,999","11,999","13,999","8,999","0,999","0,999","24,999","57,999","13,999","1,999","27,999","41,999","9,4","37,1","1,999","1,999","8,999","15,0"
"12,999","37,999","40,999","37,999","32,0","1,999","7,999","33,999","23,2","10,999","2,999","5,999","0,999","80,999","16,999","1,999","1,999","10,999","18,999","24,999","0,999","32,2","5,999","2,999","1,999","12,4","6,999","26,999","50,999","2,999","19,999","32,999","23,3","7,999","1,999","4,999","30,0","10,999","1,999","59,4","16,999","13,999","22,0","11,999","6,999","58,999","93,999","61,999","2,999","42,3","3,999","0,999","2,999","58,1","6,999","2,999","16,4","12,999","20,999","16,999","14,999","5,999","5,999","0,999","47,999","2,999","1,999","11,1","95,999","26,999","7,999","5,999","2,999","7,999","13,999","1,999","2,999","75,1","13,999","1,999","36,999","21,0","21,999","6,999","18,0","27,999","98,999","22,1","40,3","0,999","1,999","3,999","50,999","7,999","13,999","0,999","11,999","19,999","50,1","2,999"
"3,999","13,999","48,999","5,999","26,1","33,2","23,999","9,999","45,1","1,999","17,999","0,999","7,999","24,2","1,999","9,999","2,999","33,2","83,3","18,2","7,999","2,999","21,999","5,999","13,1","11,999","14,999","11,999","1,999","0,999","6,999","4,999","6,999","0,999","52,4","15,999","36,999","6,999","79,0","0,999","7,999","39,3","4,999","20,999","3,999","18,999","19,3","22,2","18,999","16,999","2,999","2,999","50,4","10,999","59,1","16,999","3,999","11,999","8,999","11,999","8,999","43,4","3,999","33,999","57,2","12,999","15,999","9,999","34,4","5,999","7,999","36,999","134,999","6,999","13,999","3,999","6,999","4,999","5,999","3,999","180,999","3,999","0,999","0,999","6,999","3,999","17,999","2,999","3,999","32,2","1,999","12,999","8,1","33,999","4,999","6,999","14,999","4,999","3,999","4,999"
"101,999","32,0","57,3","2,999","10,3","0,999","26,1","6,999","1,999","26,999","10,999","6,4","1,999","0,999","2,999","32,999","0,999","40,4","24,3","44,1","12,999","12,2","101,2","8,999","5,999","40,3","11,999","11,999","60,999","23,999","1,999","21,0","6,999","9,999","0,999","2,999","2,999","21,999","3,999","19,999","4,999","3,3","0,999","6,999","12,0","12,999","18,999","35,1","11,999","12,2","16,999","14,999","5,999","0,999","22,999","45,999","3,999","3,999","5,999","1,999","7,999","17,999","1,999","24,3","3,999","0,999","1,999","73,999","16,999","10,999","1,999","10,999","10,999","49,999","99,999","0,999","21,999","26,999","12,999","7,999","84,2","4,999","18,999","52,999","37,999","3,999","2,999","18,999","0,999","21,999","11,999","29,999","3,999","21,999","10,999","15,999","4,999","34,1","2,999","0,999"
"1,999","14,4","0,999","10,999","13,999","45,4","14,999","21,999","26,2","17,1","5,999","0,999","35,999","62,999","11,999","34,1","13,999","23,999","0,999","31,999","0,999","7,999","12,999","28,4","6,999","73,0","33,1","2,999","3,999","0,999","18,999","12,999","16,999","24,3","32,0","2,999","35,999","64,999","10,4","11,4","10,999","5,999","32,999","8,999","19,2","29,3","22,999","43,3","14,3","0,999","65,1","30,999","1,999","5,4","4,999","17,999","3,999","4,999","16,999","9,999","28,999","22,999","8,999","36,999","3,999","15,999","23,999","5,999","7,999","31,999","22,999","8,999","31,999","44,1","3,999","21,1","7,999","19,2","6,999","71,3","27,2","26,0","44,2","2,999","1,999","110,999","30,2","0,999","62,3","73,3","12,999","6,999","3,999","2,999","66,999","1,999","3,999","6,999","22,4","29,1"
"62,999","1,999","11,4","0,999","24,0","1,999","4,999","13,999","41,4","17,999","1,999","14,999","1,999","0,999","11,4","0,999","1,999","6,999","16,999","47,999","7,999","1,999","25,999","5,999","22,999","29,999","18,999","5,999","2,999","2,999","4,999","35,999","17,999","4,999","34,2","19,2","31,999","3,999","16,999","1,999","5,999","23,999","13,999","14,1","26,4","56,3","9,999","18,2","0,999","6,999","8,999","3,999","5,999","8,999","0,999","56,999","4,999","5,999","6,999","9,999","30,999","2,999","6,999","0,999","58,999","86,0","36,3","7,999","4,999","16,999","59,999","0,999","1,999","2,999","30,2","6,999","29,999","3,999","8,0","80,0","23,999","2,999","115,4","2,999","4,999","0,999","0,999","2,999","6,999","0,999","92,3","27,999","23,4","0,999","4,999","2,999","2,999","1,999","6,999","60,4"
"7,999","31,999","15,999","83,3","10,2","2,999","2,999","0,999","42,3","4,999","7,999","4,999","1,999","19,999","1,999","12,999","0,999","3,999","0,999","4,999","13,999","54,1","6,999","14,999","23,4","5,3","36,4","20,999","7,999","14,4","51,2","7,999","100,999","0,999","32,999","97,999","10,999","15,4","7,999","29,1","19,999","28,0","0,999","18,4","2,999","2,999","40,0","15,999","24,999","45,999","0,999","85,999","7,999","16,999","7,999","29,999","2,999","9,999","3,999","8,999","0,999","26,999","9,999","28,0","65,999","2,999","11,1","51,2","40,999","10,999","3,999","8,999","0,999","43,999","8,999","6,999","44,3","5,999","59,999","10,999","35,999","4,999","0,999","31,999","24,3","75,999","0,999","0,999","1,999","11,999","2,999","9,999","2,999","42,3","55,999","6,999","3,999","29,999","16,999","0,999"
"24,999","2,999","8,2","1,999","76,999","38,999","18,4","23,999","37,999","20,2","1,999","15,999","8,999","4,999","16,999","4,999","11,999","0,999","0,999","1,999","40,1","2,999","2,999","7,999","9,999","0,999","1,999","20,999","3,999","2,999","0,999","14,999","23,4","11,999","40,1","9,999","90,1","12,999","16,999","28,999","83,999","27,999","21,999","48,2","1,999","9,999","15,999","10,999","41,1","8,999","0,999","2,999","2,999","13,1","0,999","19,999","2,999","0,999","10,999","0,999","4,999","9,999","69,3","0,999","25,0","38,4","21,3","31,999","6,999","0,999","6,999","9,999","33,999","0,999","0,999","2,999","14,999","4,999","12,999","12,999","10,999","9,999","2,999","1,999","48,999","0,999","30,999","5,999","6,999","31,0","42,999","0,999","37,999","2,999","3,999","5,999","5,999","1,999","0,999","42,999"
"4,999","21,3","5,999","11,3","6,999","146,999","2,999","123,2","15,999","23,999","1,999","2,999","17,999","6,999","3,999","24,0","12,999","11,4","5,999","0,999","15,999","1,999","25,999","14,2","10,999","2,999","4,999","5,999","59,0","2,999","1,999","64,4","10,999","13,999","35,999","39,0","5,999","3,999","16,999","5,999","57,1","4,999","66,3","13,999","1,999","3,999","1,999","99,999","22,999","21,999","38,999","1,999","58,3","14,999","0,999","4,999","32,999","1,999","5,999","2,999","2,999","0,999","14,4","3,999","0,999","2,999","1,999","2,999","56,4","18,999","9,999","56,2","2,999","4,999","11,999","11,999","0,999","22,999","27,999","0,999","23,999","1,999","16,999","0,999","0,999","5,999","5,999","3,999","1,999","31,999","3,999","0,999","8,999","30,1","11,999","11,2","14,3","55,999","101,1","41,2"
"0,999","55,3","0,999","1,999","2,999","5,999","41,999","27,999","3,999","4,999","6,999","4,999","87,0","7,999","2,999","0,999","15,999","3,999","13,0","7,999","11,999","1,999","8,999","16,999","33,3","29,2","105,999","2,999","0,999","32,2","0,999","5,999","0,999","4,999","77,4","1,999","2,999","16,3","7,999","2,999","42,999","5,999","18,999","88,4","31,4","12,999","28,999","34,2","8,999","19,999","2,999","45,999","0,999","0,999","4,999","1,999","12,999","37,999","1,999","0,999","7,999","21,999","20,2","2,999","22,999","7,999","6,999","14,1","2,999","1,999","42,999","8,999","15,1","13,999","12,999","4,999","11,999","19,999","45,0","1,999","14,2","8,999","61,999","3,999","15,999","0,999","21,2","0,999","2,999","34,999","2,999","13,2","6,999","45,0","3,999","18,999","1,999","0,999","28,999","0,999"
"19,999","89,0","5,999","11,999","8,999","3,999","1,999","17,999","35,3","5,999","0,999","21,999","0,999","0,999","12,999","11,999","48,3","63,3","0,999","10,1","0,999","1,999","2,999","5,999","2,999","7,999","0,999","5,999","35,999","6,999","20,999","17,999","27,999","7,999","12,999","0,999","17,3","0,999","2,999","10,999","6,999","3,999","12,999","20,0","1,999","8,999","11,999","3,999","47,999","4,999","19,999","55,4","3,999","27,1","0,999","2,999","33,999","14,999","16,2","11,999","1,999","4,999","16,999","34,1","2,999","16,999","7,999","58,999","0,999","49,1","3,999","10,999","14,999","18,3","5,999","1,999","25,4","1,999","18,999","49,999","17,0","7,2","0,999","22,999","36,2","19,999","3,999","22,999","58,999","24,999","8,999","1,999","31,999","4,999","15,999","2,999","0,999","2,999","12,999","1,999"
"57,4","63,0","38,2","9,999","6,999","11,999","3,999","8,999","15,999","12,999","13,999","24,999","37,3","7,999","1,999","77,999","97,0","22,0","43,999","13,999","0,999","11,1","0,999","8,999","12,999","5,999","20,999","11,0","9,999","10,999","38,1","5,999","5,999","11,999","11,0","0,999","6,999","0,999","54,999","77,1","9,999","12,999","48,999","6,999","18,1","63,1","5,999","39,999","3,999","11,999","4,999","49,999","8,999","44,0","11,999","10,999","9,999","0,999","11,999","29,0","39,2","34,999","4,999","50,999","28,999","68,999","7,999","0,999","0,999","4,999","1,999","5,999","2,999","6,999","32,999","3,999","6,999","40,999","3,999","91,3","5,999","5,999","12,999","16,3","12,4","1,999","103,0","5,999","5,999","1,999","3,999","12,999","25,2","20,999","6,999","15,999","49,999","6,999","26,999","5,999"
"2,999","5,999","46,2","5,999","11,999","7,999","23,999","16,999","19,0","1,999","9,999","0,999","0,999","1,999","31,3","53,999","3,999","2,999","54,3","93,2","33,999","41,999","7,999","0,999","0,999","72,4","3,999","9,999","1,999","1,999","1,999","3,999","8,999","22,999","8,999","51,0","0,999","3,999","20,999","1,999","11,999","3,999","0,999","66,999","4,999","4,999","27,999","16,999","38,3","1,999","24,999","15,999","13,999","26,999","10,999","10,999","0,999","6,999","1,999","17,3","38,4","5,999","15,2","30,1","7,999","73,999","12,999","4,999","33,999","22,4","1,999","20,999","1,999","2,999","1,999","0,999","2,999","28,999","1,999","3,999","0,999","4,999","2,999","29,4","0,999","8,999","9,1","17,2","3,999","30,999","1,999","2,999","7,999","2,999","12,999","10,3","11,999","15,999","1,999","2,999"
"5,999","15,999","30,3","7,999","29,999","37,4","7,3","16,999","11,999","7,999","7,999","4,999","64,999","20,3","102,1","0,999","2,999","32,999","77,999","33,0","5,999","35,2","3,999","88,4","30,3","0,999","34,999","51,999","0,999","4,999","1,999","14,999","38,999","78,0","0,999","3,999","20,999","4,999","117,999","22,999","41,1","56,4","8,2","3,999","2,999","3,999","9,999","7,999","0,999","2,999","39,999","20,4","0,999","29,999","3,999","43,999","9,999","10,999","3,999","38,999","5,999","18,999","19,2","56,0","0,999","0,999","0,999","8,999","2,999","2,999","2,999","41,999","3,999","16,999","26,1","53,999","42,3","46,4","33,999","10,999","32,999","22,999","40,3","36,999","13,999","14,999","5,999","4,999","0,999","35,999","1,999","1,999","0,999","11,0","95,4","1,999","1,999","5,999","1,999","22,999"
"9,999","24,3","4,999","1,999","18,999","3,999","2,999","61,4","2,999","2,999","7,999","15,999","2,999","31,1","57,0","8,999","13,999","0,999","6,999","50,999","0,999","31,1","4,999","2,999","12,999","53,2","3,999","10,1","51,3","1,999","29,4","34,999","12,999","0,999","6,999","18,0","21,2","19,999","23,2","10,999","2,999","10,999","0,999","21,999","64,0","67,3","4,999","1,999","7,999","0,999","3,999","0,999","29,999","1,999","67,999","9,999","5,999","5,999","15,2","29,999","27,999","8,999","4,999","0,999","10,999","1,999","7,999","4,999","2,999","7,999","15,999","43,999","0,999","3,999","51,999","0,999","31,3","48,999","45,999","31,1","1,999","13,999","15,1","0,999","11,999","1,999","8,999","13,999","4,999","36,4","28,1","1,999","40,999","4,999","11,999","0,999","43,999","35,0","2,999","1,999"
"18,999","11,999","23,999","5,999","7,999","34,999","0,999","5,999","18,999","28,2","9,999","0,999","58,4","0,999","5,999","37,3","15,3","27,999","13,999","45,999","8,999","6,999","5,999","88,999","14,999","20,999","0,999","4,999","0,999","12,999","0,999","64,0","17,999","21,0","0,999","2,999","30,4","4,999","18,999","53,999","43,3","51,999","45,4","8,999","21,3","3,999","7,999","18,2","19,2","38,999","24,3","21,1","28,999","98,999","15,0","30,2","16,999","7,999","6,999","1,999","16,999","48,999","8,999","11,999","101,4","16,999","46,2","42,999","0,999","1,999","4,999","35,4","9,999","17,999","21,3","1,999","0,999","0,999","26,999","40,999","7,999","5,999","4,999","2,999","27,2","1,999","1,999","10,999","15,2","6,999","63,3","100,2","50,2","8,999","5,999","0,999","5,999","1,999","1,999","91,999"
"42,3","6,999","9,999","43,999","31,999","1,999","6,999","0,999","16,999","22,999","0,999","7,999","0,999","31,999","6,999","53,2","60,1","3,999","36,999","0,999","8,2","45,999","3,999","3,999","0,999","43,2","2,999","3,999","0,999","33,999","5,999","33,2","15,999","12,999","28,999","1,999","17,999","16,999","16,999","1,999","10,999","0,999","1,999","46,1","1,999","59,999","3,1","22,999","5,999","24,999","30,999","18,4","4,999","38,999","49,999","3,999","102,999","56,999","4,999","25,999","8,999","23,999","1,999","9,999","6,999","31,999","38,999","40,999","6,3","41,999","32,4","9,999","19,999","8,999","4,999","1,999","50,1","7,999","13,2","41,2","8,1","6,999","0,999","149,0","28,2","3,999","34,4","9,999","1,999","1,999","42,1","87,3","28,999","2,999","88,2","17,4","30,999","11,999","13,999","2,999"
"16,999","21,999","2,999","15,999","17,999","17,999","2,999","10,999","5,999","14,999","0,999","1,999","5,999","11,4","7,999","0,999","8,999","7,999","4,999","20,3","17,999","0,999","7,4","1,999","2,999","32,999","53,999","3,999","4,999","12,999","16,999","14,999","1,999","0,999","2,999","1,999","55,3","8,999","17,999","49,2","31,0","18,999","18,999","1,999","38,999","9,999","1,999","55,999","4,999","60,999","9,999","19,3","19,999","8,999","55,999","7,999","25,999","103,999","2,999","27,0","0,999","36,999","6,999","47,1","29,4","104,999","27,999","50,4","33,3","3,999","9,999","47,4","4,999","2,999","28,999","3,999","0,999","3,999","15,4","1,999","17,4","46,1","46,999","41,999","0,999","9,999","2,999","0,999","4,999","0,999","66,999","2,999","29,2","4,999","16,999","126,4","1,999","41,2","8,999","3,999"
"13,999","21,3","0,999","162,0","0,999","1,999","0,999","1,999","2,999","0,999","25,999","0,999","5,999","0,999","8,999","0,999","0,999","12,999","70,999","3,999","2,999","1,999","19,999","25,999","14,2","26,999","0,999","67,3","1,999","56,999","14,999","2,999","2,999","0,999","0,999","122,999","8,999","12,999","2,999","0,999","11,999","5,999","0,999","2,999","25,999","20,999","122,3","8,999","3,999","0,999","9,999","10,999","2,999","14,999","9,999","41,999","3,999","0,999","1,999","2,999","0,999","22,4","30,0","29,999","42,2","33,0","13,0","10,999","5,999","2,999","6,999","10,3","20,1","21,999","80,999","6,999","10,999","6,999","1,999","2,999","26,999","1,999","55,1","0,999","55,999","5,999","107,999","27,999","17,999","41,999","1,999","0,999","77,0","18,999","3,999","27,4","2,999","2,999","58,2","42,999"
"15,0","2,999","45,2","9,999","3,999","34,999","15,1","18,1","2,999","25,999","22,999","4,999","7,999","0,999","0,999","3,999","9,999","18,999","6,999","1,999","4,999","23,999","13,1","26,999","46,3","0,999","1,999","7,999","9,999","3,999","7,999","0,999","7,999","8,999","17,999","4,999","5,999","40,2","6,999","0,999","5,999","16,999","10,2","0,999","29,0","46,4","1,999","2,999","10,999","5,999","75,999","31,1","45,1","0,999","3,999","9,999","74,0","18,999","32,4","34,3","6,999","19,999","47,0","13,999","1,999","15,999","46,2","10,999","3,999","71,2","8,999","59,1","2,999","42,1","14,999","7,999","36,2","16,999","69,1","1,999","4,999","31,999","1,999","5,999","13,999","20,999","7,999","3,999","0,999","5,1","4,999","40,999","9,999","1,999","0,999","3,999","0,999","12,999","7,999","13,999"
"5,999","2,999","11,999","7,999","0,999","2,999","2,999","5,999","14,999","9,999","10,999","3,999","48,2","9,999","21,999","2,999","15,999","0,999","21,999","5,999","24,999","18,999","0,999","7,999","0,999","5,999","9,999","6,0","21,999","18,999","0,999","0,999","38,3","94,999","10,999","2,999","29,999","18,999","16,2","1,999","2,999","11,999","3,999","0,999","14,999","74,999","26,999","53,0","0,999","53,999","20,999","23,999","11,999","5,999","8,999","6,999","74,1","1,999","4,999","5,999","102,999","17,999","35,999","2,999","16,4","19,999","104,999","0,999","5,999","2,999","7,999","4,999","5,999","26,2","0,999","0,999","5,999","34,2","44,999","34,999","27,3","5,999","34,999","8,999","2,999","1,999","8,999","43,999","11,999","53,0","7,999","15,999","40,2","0,999","3,999","130,999","37,999","19,999","0,999","4,999"
"32,999","1,999","0,999","17,999","68,0","9,999","30,999","2,999","38,3","1,999","10,999","2,999","5,999","10,999","1,999","5,999","4,999","13,999","0,999","30,999","38,2","2,999","3,999","0,999","3,999","6,999","11,999","35,1","25,3","3,999","10,999","55,999","40,2","2,999","5,999","7,999","83,999","2,999","21,999","35,999","6,999","1,999","2,999","2,999","7,999","90,4","4,999","2,999","20,2","9,999","5,999","0,999","15,999","1,999","9,999","1,999","3,999","10,2","1,999","39,0","25,3","75,999","41,0","1,999","0,999","24,2","22,4","19,3","2,999","3,999","81,999","4,999","52,999","12,2","4,999","69,999","7,999","30,0","67,2","6,999","6,999","3,999","3,999","5,999","0,999","2,999","0,999","12,999","30,0","5,999","70,999","1,999","24,999","46,999","17,3","9,999","16,999","16,4","3,999","6,999"
"14,999","13,999","1,999","79,999","21,999","5,999","3,999","17,999","4,999","1,999","36,999","0,999","15,999","23,999","0,999","0,999","19,3","1,999","1,999","37,999","12,999","1,999","1,999","4,999","3,999","6,999","27,999","39,999","10,999","2,999","9,999","2,999","7,999","6,999","1,999","81,3","2,999","1,999","42,999","2,999","13,4","1,999","0,999","1,999","3,999","0,999","3,999","63,2","5,0","4,999","3,999","4,999","0,999","7,999","4,999","0,999","6,999","15,0","7,999","7,999","18,999","18,999","102,999","6,999","1,999","0,999","150,4","34,1","4,999","13,999","0,999","15,999","5,999","40,999","9,999","0,999","6,999","0,999","13,999","1,999","0,999","10,999","2,999","2,999","1,999","46,3","1,999","88,999","34,999","12,999","10,999","3,999","8,999","8,999","64,999","10,999","0,999","55,1","0,999","9,999"
"85,3","20,1","19,999","1,999","14,999","24,999","3,999","0,999","11,4","0,999","7,999","45,999","8,999","132,999","2,999","5,999","13,999","19,999","16,999","66,999","3,999","50,3","26,999","2,999","1,999","61,3","30,3","12,999","38,4","55,999","2,999","0,999","23,1","0,999","15,999","4,999","16,2","24,3","6,999","21,2","7,999","5,999","32,999","2,999","5,999","16,2","6,999","25,1","6,999","34,1","8,999","25,4","21,4","63,999","7,999","9,999","5,999","12,999","13,0","20,4","3,999","20,999","0,999","47,0","11,999","42,2","17,999","55,1","4,999","5,999","6,999","7,999","21,3","31,1","10,999","18,999","0,999","9,4","26,1","3,999","0,999","48,999","28,999","4,999","7,999","15,1","43,999","30,999","3,999","22,999","2,999","23,999","30,999","61,999","39,999","4,999","8,999","27,999","6,999","35,2"
"6,999","74,2","86,999","0,999","22,999","1,999","8,999","1,999","3,999","46,999","0,999","11,999","1,999","8,999","17,999","42,999","24,0","3,999","23,1","2,999","1,999","76,0","14,999","38,3","6,999","3,999","2,999","18,999","55,2","9,999","0,999","11,999","6,999","0,999","0,999","45,1","13,3","2,999","2,999","0,999","9,999","2,999","0,999","1,999","13,999","12,999","1,999","59,999","28,2","6,999","1,999","1,999","4,999","6,999","5,999","8,999","57,999","13,999","1,999","3,999","0,999","1,999","5,999","9,999","26,1","2,999","1,999","3,999","52,0","2,999","23,0","20,999","45,999","6,999","24,3","8,999","31,999","0,999","1,999","50,3","11,3","8,999","21,999","35,3","57,999","88,999","13,999","1,999","42,4","16,999","4,999","13,999","5,999","24,999","12,999","21,999","2,999","47,999","6,999","23,999"
"4,999","39,2","6,999","1,999","2,999","92,999","21,1","7,999","65,999","2,999","5,999","29,999","143,999","11,999","1,999","0,999","10,999","81,4","14,999","91,3","32,999","1,999","2,999","3,999","19,999","52,4","0,999","11,999","10,999","6,999","21,999","30,999","3,999","41,0","30,0","0,999","8,999","14,999","0,999","6,999","75,999","28,3","0,999","24,999","7,999","2,999","11,999","2,999","19,999","3,999","32,999","4,999","27,4","0,999","6,3","10,999","1,999","9,999","0,999","10,999","4,999","2,999","0,999","5,999","64,999","5,999","25,999","33,1","15,999","1,999","11,999","2,999","1,999","2,999","76,999","3,999","19,4","19,999","6,999","9,999","1,999","26,999","28,999","3,999","11,999","16,999","6,999","2,999","8,1","39,999","8,4","40,4","31,999","0,999","22,999","17,999","3,999","54,1","5,999","21,4"
"3,999","7,999","9,999","45,4","36,3","27,1","20,999","6,999","15,999","4,999","34,999","2,999","2,999","26,2","18,999","12,999","17,3","10,999","72,4","36,2","5,999","4,999","26,999","33,3","7,999","0,999","6,999","5,999","20,999","10,999","55,2","25,999","17,999","20,999","21,999","8,999","3,999","13,0","59,3","9,999","1,999","16,999","28,3","2,999","1,999","48,4","3,999","20,0","2,999","23,999","0,999","5,999","39,999","27,999","2,999","1,999","3,999","20,999","9,2","28,1","25,0","11,999","2,999","16,999","1,999","3,999","3,999","2,999","29,1","138,999","6,999","41,999","7,999","10,999","1,999","11,999","1,999","29,999","3,999","40,999","5,999","3,999","3,999","27,999","1,999","42,4","29,1","22,999","8,999","7,999","4,999","6,999","2,999","0,999","2,999","9,999","2,999","105,999","111,0","14,4"
"4,999","3,999","8,999","27,3","1,999","1,999","6,999","33,1","7,999","14,999","3,999","0,999","5,999","10,999","7,999","0,999","5,999","2,999","0,999","21,999","31,0","36,999","34,2","3,999","15,1","9,999","13,999","6,999","14,4","37,0","3,999","4,999","85,999","56,4","7,999","7,999","0,999","17,999","9,999","6,999","21,1","4,999","10,999","31,1","20,2","3,999","22,3","13,999","4,999","53,2","1,999","25,999","13,999","2,999","0,999","35,999","0,999","0,999","1,999","4,999","45,2","13,999","3,999","9,999","39,999","33,1","0,999","49,999","18,4","6,1","16,999","68,1","50,999","32,3","7,999","18,999","5,999","6,999","8,999","11,999","68,1","104,0","35,999","11,0","0,999","40,2","46,999","2,999","4,999","1,999","1,999","8,999","0,999","11,999","0,999","14,2","27,999","10,999","22,999","0,999"
"36,999","3,999","34,2","84,2","116,0","75,999","0,999","4,999","31,999","2,999","11,999","77,999","10,999","28,999","4,999","5,999","92,4","33,999","0,999","11,999","12,999","4,999","7,999","51,0","1,999","41,999","4,999","8,999","60,2","31,999","6,999","11,2","1,999","70,999","9,999","31,999","30,999","1,999","22,4","3,999","4,999","24,2","30,2","1,999","8,999","2,999","63,999","4,999","1,999","57,3","13,999","27,999","10,999","18,0","42,999","4,999","1,999","13,999","12,999","4,999","0,999","0,999","5,999","11,999","7,999","9,999","2,999","6,999","19,0","1,999","40,999","2,999","6,999","2,999","4,999","12,2","0,999","0,999","6,999","20,2","29,3","3,999","1,999","3,999","2,999","3,999","53,3","0,999","14,1","9,999","8,999","15,0","18,999","2,999","2,999","2,999","13,999","6,0","88,999","70,999"
"76,999","2,999","0,999","69,999","46,999","33,1","14,999","3,999","5,999","1,999","8,999","10,999","1,999","2,999","8,999","23,999","67,999","1,999","34,999","21,999","36,999","11,999","5,999","0,999","20,999","5,999","0,999","13,999","13,999","12,999","0,999","9,999","18,999","3,999","30,999","8,999","17,2","8,999","56,3","58,999","1,999","31,4","18,999","11,999","46,4","23,4","0,999","2,999","127,1","21,999","9,4","38,999","1,999","49,999","10,999","10,999","22,1","10,999","28,2","15,999","1,999","12,999","1,999","65,999","58,999","0,999","30,999","20,999","2,999","0,999","28,0","4,999","27,999","5,999","9,999","6,999","3,999","5,999","2,4","18,0","23,999","17,999","2,999","1,999","0,999","55,999","29,2","1,999","2,999","2,999","61,999","57,1","19,3","1,999","2,999","8,999","50,999","28,999","14,999","3,999"
"39,0","3,999","0,999","6,999","39,999","43,999","43,3","0,999","8,999","2,999","49,4","0,999","30,4","4,999","2,999","1,999","8,999","46,1","0,999","16,999","4,999","35,999","8,999","1,999","27,999","2,999","0,999","0,999","0,999","24,4","0,999","24,999","7,999","1,999","5,999","3,999","13,999","0,999","7,999","0,999","4,999","0,999","0,999","0,999","5,999","5,999","27,4","9,1","49,0","34,2","2,999","7,999","1,999","6,999","0,999","3,999","29,999","2,999","0,999","112,999","15,4","48,999","4,999","3,999","61,999","17,999","1,999","55,999","11,4","6,999","84,999","1,999","9,999","17,999","1,999","2,999","10,999","39,999","20,2","1,999","9,999","14,999","13,999","24,3","2,999","1,999","13,0","1,999","63,999","4,999","35,999","5,999","0,999","21,999","51,3","55,999","0,999","7,999","14,999","16,999"
"1,999","26,3","12,999","39,0","11,999","102,999","0,999","37,0","30,999","6,999","0,999","29,2","0,999","32,999","21,999","0,999","53,4","52,999","25,0","0,999","6,999","17,999","0,999","5,999","7,999","13,999","0,999","2,999","0,999","10,999","3,999","55,3","13,999","4,999","55,999","2,999","7,999","37,999","0,999","0,999","2,999","1,999","17,999","2,999","13,999","0,999","51,2","17,999","5,999","25,0","41,999","5,999","1,999","19,999","3,999","0,999","0,999","18,999","29,999","12,1","7,999","115,1","51,4","10,999","35,3","28,4","49,999","0,999","21,3","2,999","13,999","2,999","22,1","4,999","0,999","16,999","20,999","5,999","15,999","12,999","9,1","13,999","32,999","0,999","10,999","5,999","6,999","16,1","9,999","1,999","0,999","3,999","1,999","7,999","15,999","4,999","3,999","0,999","23,999","19,999"
"28,0","5,999","3,999","27,4","0,999","28,4","22,4","1,999","11,999","1,999","22,999","20,999","1,999","3,999","6,999","9,999","25,1","36,1","35,1","40,1","22,999","9,999","0,999","12,1","16,1","4,999","0,999","3,999","7,999","0,999","43,999","1,999","1,999","34,999","0,999","2,999","9,999","33,4","10,999","0,999","9,999","60,0","5,999","1,999","22,2","1,999","3,999","29,4","35,1","2,999","15,999","1,999","103,4","4,999","2,999","11,999","7,999","71,0","1,999","1,999","35,999","0,999","17,999","0,999","42,3","9,999","19,1","7,999","8,999","55,0","48,0","3,999","4,999","16,4","1,999","24,999","12,1","1,999","22,3","40,999","8,999","6,999","34,2","1,999","2,999","1,999","0,999","77,4","1,999","56,999","5,999","0,999","0,999","16,999","0,999","26,0","0,999","1,999","10,999","9,999"
"4,999","5,999","5,999","29,999","2,999","25,0","5,999","16,999","2,999","21,0","1,999","16,3","6,999","4,999","48,999","5,999","27,999","26,3","34,4","3,999","8,999","7,999","8,999","26,999","65,999","8,999","54,0","78,2","5,999","78,999","13,999","1,999","28,3","38,2","8,999","6,999","22,999","23,0","45,999","17,999","0,999","47,1","3,999","1,999","2,999","15,999","2,999","2,999","6,999","14,999","16,4","11,999","48,999","9,999","21,1","2,999","0,999","2,999","4,999","28,999","51,999","2,999","7,999","7,999","6,999","3,999","15,999","0,999","58,0","12,999","3,999","1,999","89,999","2,999","2,999","9,999","3,999","1,999","26,1","80,999","23,2","3,999","1,999","78,999","4,999","47,2","8,4","23,999","5,999","12,999","2,999","3,999","4,999","3,999","2,999","5,999","47,999","1,999","29,999","27,4"
"4,999","40,4","0,999","23,999","5,4","40,999","17,999","14,999","29,999","6,999","26,999","6,999","41,999","67,999","29,999","40,1","9,999","54,999","1,999","5,999","16,999","0,999","2,999","2,999","36,3","12,3","32,1","0,999","31,0","0,999","7,999","2,999","48,999","30,1","7,999","0,999","0,999","11,999","2,999","5,999","21,999","28,999","40,999","31,4","3,999","16,999","5,1","9,1","86,1","19,4","4,999","2,999","1,999","0,999","8,3","2,999","24,999","2,999","9,999","1,999","2,999","0,999","0,999","15,3","62,999","16,999","0,999","43,999","2,999","1,999","10,2","0,999","1,999","10,999","3,999","1,999","2,999","3,999","41,3","3,999","32,999","45,999","6,999","13,999","0,999","8,999","2,999","29,0","20,1","30,1","69,999","43,999","3,999","13,999","2,999","11,999","5,999","17,4","7,999","17,999"
"18,999","90,4","77,999","4,999","1,999","20,4","49,999","31,999","0,999","15,1","2,999","3,999","0,999","12,999","82,4","24,999","15,999","6,999","10,999","8,999","2,999","12,999","42,0","3,999","45,2","3,999","0,999","20,4","33,2","32,999","17,3","109,999","1,999","5,999","6,999","13,999","7,999","5,999","76,999","4,999","7,999","39,2","45,4","14,3","0,999","50,999","0,999","5,999","2,999","10,999","0,999","3,999","3,999","6,999","3,999","5,999","8,999","44,4","17,999","16,999","1,999","35,0","39,999","50,1","42,999","6,999","49,999","48,1","0,999","6,999","3,999","0,999","4,4","0,999","0,999","6,999","35,0","3,999","9,999","4,999","144,3","4,999","8,999","36,1","8,4","3,999","2,999","3,999","17,999","20,999","0,999","3,999","62,999","0,999","5,999","0,999","1,999","25,2","54,1","12,999"
"1,999","34,1","34,999","4,999","1,999","38,999","1,999","17,4","34,999","9,999","10,0","12,999","0,999","7,999","12,999","1,999","0,999","14,999","1,999","37,2","3,999","15,2","1,999","2,999","17,999","4,999","17,999","23,3","83,999","5,999","52,999","0,999","35,4","60,999","28,999","0,999","11,999","25,999","19,999","145,999","4,999","7,999","35,2","39,999","24,2","17,999","19,999","2,999","72,4","6,999","60,1","0,999","1,999","19,999","1,999","62,3","55,2","26,999","40,3","3,999","31,999","17,999","11,999","4,999","36,999","40,3","34,999","11,999","0,999","3,999","15,999","6,999","46,3","14,999","16,999","30,2","4,999","16,999","2,999","90,999","15,999","1,999","2,999","31,4","62,4","11,1","18,999","7,999","8,999","21,4","16,1","21,999","53,999","17,4","0,999","1,999","1,999","54,4","0,999","116,1"
"5,999","22,999","15,1","68,0","18,999","12,999","5,999","41,999","69,3","4,999","23,999","28,3","22,999","0,999","39,999","5,999","96,1","4,999","67,2","0,999","1,999","118,999","2,999","22,4","2,999","4,999","4,999","58,0","59,999","8,999","10,999","10,999","0,999","23,999","1,999","8,999","1,999","17,999","1,999","40,4","1,999","5,999","37,999","2,999","0,999","85,2","1,999","2,999","93,4","7,999","2,999","3,999","49,999","52,999","48,999","3,999","3,999","1,999","68,999","23,999","0,999","21,999","11,4","17,3","5,999","3,999","6,999","58,2","5,999","41,999","35,999","4,999","15,4","15,999","37,999","5,999","54,2","25,999","10,2","35,999","81,999","26,999","6,999","18,999","0,999","18,999","1,999","76,3","0,999","12,999","15,0","20,999","6,999","1,999","11,999","26,999","3,999","0,999","11,999","0,999"
"8,999","7,999","7,999","2,999","16,999","23,999","63,999","2,999","2,999","5,999","6,999","1,999","1,999","10,999","2,999","4,999","11,999","16,999","18,0","76,3","36,4","0,999","0,999","11,999","24,999","37,1","6,999","56,3","0,999","29,1","33,999","78,0","2,999","30,1","17,999","12,999","21,999","25,999","5,999","0,999","20,999","23,999","1,999","41,999","1,999","16,999","0,999","3,999","14,999","62,999","2,999","50,0","3,999","14,999","1,999","1,999","9,999","1,999","41,999","17,999","2,999","9,999","5,999","22,999","17,999","0,999","44,999","60,1","9,999","10,999","0,999","33,0","1,999","0,999","2,999","16,999","33,2","31,0","6,999","14,999","6,999","19,999","13,3","0,999","12,1","10,999","9,999","0,999","51,4","18,999","17,999","2,999","1,999","2,999","2,999","3,999","25,999","0,999","8,999","23,999"
"13,999","5,3","4,999","0,999","36,3","7,999","13,999","3,999","118,999","2,999","58,1","3,999","18,0","1,999","8,999","4,999","1,999","4,999","16,999","15,999","70,4","3,999","9,999","4,999","14,999","14,999","3,999","24,999","5,999","3,999","5,999","3,999","11,1","19,999","28,999","4,999","3,999","17,999","2,999","14,4","15,1","23,999","26,999","2,999","4,999","85,999","66,999","1,999","3,999","1,999","12,999","6,999","16,3","82,1","2,999","14,999","1,999","1,999","8,999","13,4","2,999","30,4","23,999","3,999","73,999","5,999","76,999","37,999","2,999","56,999","23,4","2,999","27,999","5,999","7,999","5,999","4,999","1,999","8,999","11,4","9,999","21,4","2,999","6,999","2,999","40,999","2,999","4,999","4,999","8,999","10,999","9,999","31,2","2,999","27,4","1,999","3,999","5,999","9,999","17,999"
"29,999","7,999","0,999","5,999","20,999","0,999","27,0","0,999","31,999","15,999","49,4","38,999","2,999","3,999","43,999","8,999","0,999","2,999","2,999","0,999","11,999","17,4","10,999","2,999","17,4","2,999","9,4","5,999","12,999","2,999","4,999","46,4","11,999","13,999","8,999","7,999","2,999","4,999","26,999","43,3","3,999","27,1","99,999","38,3","9,999","3,999","15,999","26,1","8,999","2,999","8,999","0,999","51,3","38,4","11,999","10,999","0,999","32,0","32,999","21,999","28,0","2,999","1,999","3,999","19,4","14,999","5,999","1,999","5,999","29,3","17,999","41,2","2,999","74,999","6,999","23,4","0,999","46,1","1,999","25,999","1,999","0,999","8,999","15,999","12,3","9,999","6,999","0,999","12,999","4,999","2,999","1,999","31,0","2,999","8,999","20,4","22,999","1,999","2,999","3,999"
"5,999","14,4","1,999","0,999","96,0","4,999","48,3","41,1","2,999","4,999","2,999","34,0","22,999","44,999","19,999","1,999","24,999","1,999","35,2","0,999","45,999","5,999","11,999","2,999","2,999","0,999","41,999","20,3","18,999","1,999","12,999","20,999","6,999","12,999","34,1","21,1","14,4","3,999","28,999","2,999","13,999","27,2","37,999","42,0","3,999","24,999","9,999","26,999","15,999","22,1","15,999","24,2","3,999","23,0","34,3","0,999","18,2","1,999","26,0","29,999","23,999","5,999","2,999","15,4","3,999","26,3","12,999","112,4","42,999","1,999","76,1","15,999","84,4","31,999","23,999","7,999","24,3","38,1","17,999","4,999","9,999","3,999","44,1","23,4","4,999","14,999","1,999","8,999","23,999","37,0","11,999","6,999","40,1","2,999","0,999","1,999","15,999","68,2","31,3","16,0"
"1,999","1,999","0,999","42,3","0,999","17,999","5,999","165,999","47,999","0,999","19,999","12,4","7,999","37,4","3,999","8,999","3,999","5,999","50,0","16,999","8,999","52,4","1,999","2,999","27,999","21,999","24,4","16,999","1,999","39,999","11,999","6,999","0,999","2,999","4,999","15,999","17,0","26,2","12,999","1,999","8,999","0,999","30,999","5,999","13,999","0,999","0,999","41,1","0,999","44,0","4,999","15,999","0,999","2,999","0,999","1,999","67,4","1,999","8,999","17,999","43,999","44,999","8,999","45,999","4,999","1,999","15,999","22,999","1,999","73,0","32,999","7,999","46,999","59,0","20,999","15,999","14,999","8,999","2,999","1,999","27,0","5,999","8,999","8,999","86,999","1,999","4,999","1,999","0,999","5,999","6,999","28,999","13,999","15,999","1,999","61,999","53,999","19,4","56,1","1,999"
"7,999","1,999","114,4","18,999","3,999","25,999","63,1","17,999","66,999","6,999","16,999","63,1","19,999","1,999","79,3","6,999","65,999","8,999","73,999","16,999","11,2","14,999","6,999","1,999","1,999","0,999","2,999","1,999","6,999","7,999","0,999","1,999","27,2","2,999","39,2","38,0","11,999","38,999","2,999","0,999","22,1","6,999","16,999","16,999","130,3","2,999","2,999","33,2","2,999","1,999","27,999","9,999","64,999","54,3","58,999","50,999","8,999","1,999","4,999","42,999","22,999","29,0","12,1","10,999","30,999","34,999","3,999","1,999","9,999","1,999","4,999","20,999","0,999","0,999","8,999","38,2","0,999","1,999","0,999","7,999","5,999","2,999","89,999","6,999","2,999","0,999","5,999","14,999","1,999","4,999","113,4","3,999","8,999","0,999","53,999","39,2","6,999","10,3","26,999","8,999"
"2,999","7,999","6,999","0,999","7,999","33,0","51,999","12,999","5,999","30,4","1,999","11,999","2,999","117,1","11,999","54,999","2,999","6,999","7,999","10,999","69,999","13,999","4,999","12,999","8,1","17,4","16,999","18,999","11,2","5,999","12,999","0,999","40,999","24,999","33,4","0,999","45,0","19,999","82,999","49,1","2,999","10,3","25,2","3,999","8,999","1,999","29,3","20,4","37,999","23,999","28,4","16,999","63,999","2,999","27,999","73,999","6,999","2,999","1,999","2,999","52,3","3,999","0,999","3,999","3,999","23,0","20,1","12,999","3,999","6,999","1,999","6,999","23,999","0,999","17,999","0,999","11,999","5,999","6,999","35,999","1,999","0,999","0,999","2,999","53,0","17,999","0,999","60,999","4,999","20,999","15,999","0,999","6,999","2,999","2,999","17,999","26,3","5,999","0,999","20,999"
"2,999","3,999","26,999","3,999","89,999","2,999","32,3","6,999","6,999","54,999","11,999","12,999","15,4","13,999","15,999","18,999","8,999","76,999","88,999","39,1","22,2","2,999","6,999","0,999","2,999","20,999","31,999","27,4","3,999","0,999","2,999","13,0","10,999","28,4","17,0","108,999","7,999","0,999","9,999","8,999","26,999","1,999","38,1","24,999","1,999","4,999","0,999","20,999","48,999","1,999","15,999","53,3","5,999","89,999","90,4","4,999","8,999","16,999","15,999","1,999","1,999","47,999","1,999","0,999","92,999","2,999","0,999","7,999","2,999","27,999","3,999","0,999","13,999","47,999","4,999","56,999","3,999","10,999","6,999","111,4","14,999","19,999","21,2","41,0","14,999","12,999","6,999","1,999","41,2","4,999","46,999","24,999","3,999","4,999","1,999","11,999","24,999","1,999","58,999","5,999"
"5,999","29,1","9,999","2,999","11,999","2,999","48,2","15,2","2,999","45,1","23,999","18,999","9,999","8,999","5,999","7,999","26,999","100,3","0,999","1,999","4,999","6,999","7,999","11,999","20,999","49,999","7,999","19,999","9,999","6,999","47,999","33,4","19,4","0,999","1,999","5,999","22,999","26,1","12,999","1,999","14,999","20,999","1,999","14,999","2,999","0,999","22,999","2,999","21,999","38,0","108,1","0,999","8,999","36,999","101,2","0,999","21,999","33,2","3,999","57,1","23,999","12,999","9,999","19,999","26,999","0,999","47,999","1,999","4,999","5,999","3,999","16,999","8,999","55,999","5,999","31,3","43,2","60,999","1,999","8,999","29,3","0,999","45,999","1,999","17,999","47,999","8,999","3,999","10,999","1,999","5,999","28,999","5,999","0,999","126,999","25,999","1,999","1,999","3,999","3,999"
"25,1","21,3","1,999","4,999","32,2","5,999","13,2","2,999","41,999","2,999","8,999","55,999","0,999","8,999","0,999","39,999","0,999","17,2","7,999","2,999","0,999","5,999","0,999","5,999","39,999","25,999","4,999","9,999","5,999","1,999","4,999","38,3","1,999","90,999","0,999","27,999","34,999","26,1","2,999","0,999","18,4","0,999","57,999","0,999","11,999","2,999","10,999","3,999","1,999","31,999","5,999","66,999","32,4","6,999","0,999","3,999","10,999","57,999","9,999","4,999","19,3","80,3","19,999","0,999","58,0","25,4","1,999","0,999","23,0","2,999","2,999","3,999","2,999","12,999","4,999","5,999","34,999","12,3","8,999","43,2","2,999","128,999","2,999","11,999","1,999","57,2","7,999","2,999","42,999","7,999","18,3","5,999","19,3","32,4","25,3","55,999","17,0","0,999","14,999","49,4"
"17,999","4,999","21,0","14,999","1,999","0,999","55,999","5,999","0,999","26,2","14,999","22,999","75,999","7,999","1,999","97,999","10,2","55,999","19,999","0,999","8,999","10,999","47,1","6,999","1,999","10,999","46,1","11,999","9,999","112,4","27,999","0,999","39,2","11,0","7,999","0,999","6,999","8,999","22,999","117,4","76,4","1,999","6,999","0,999","5,999","3,999","70,2","1,999","86,999","1,999","35,3","17,999","22,999","4,999","9,1","14,4","6,999","2,999","16,999","3,999","19,999","1,999","19,1","4,999","11,999","79,0","11,999","73,2","8,999","37,3","8,999","27,999","48,1","5,999","45,999","1,999","14,999","0,999","8,999","23,999","2,999","24,4","67,0","12,999","14,4","45,4","112,1","34,2","0,999","0,999","1,999","0,999","0,999","31,999","0,999","38,999","2,999","0,999","2,999","25,4"
"83,999","1,999","36,999","14,1","3,999","21,1","13,999","26,999","2,999","1,999","20,999","18,1","1,999","17,999","3,999","57,1","38,999","45,999","18,1","29,0","29,2","13,0","2,999","36,999","0,999","6,999","24,0","103,0","3,999","28,1","0,999","41,4","1,999","3,999","2,999","31,2","43,999","44,0","0,999","63,999","25,3","0,999","16,4","27,0","52,999","28,999","21,4","1,999","34,2","18,999","0,999","44,0","25,0","24,999","11,999","8,2","2,999","19,999","0,999","23,999","1,999","6,4","3,999","5,999","4,999","21,0","30,999","11,999","37,999","2,999","44,4","13,999","13,0","34,999","6,999","12,999","4,999","58,4","13,999","4,999","4,999","3,999","27,999","19,999","39,999","14,999","2,999","6,999","6,999","26,999","0,999","2,999","12,999","0,999","25,2","30,999","15,999","62,999","3,999","11,999"
"3,999","2,999","18,2","30,999","17,999","29,999","51,999","1,999","14,999","1,999","11,3","64,0","0,999","55,999","0,999","35,3","1,999","6,999","20,999","41,999","0,999","2,999","4,999","10,3","7,999","2,999","6,4","17,999","29,999","24,4","7,999","16,4","4,999","19,999","38,999","63,2","0,999","0,999","0,999","8,999","30,1","18,999","0,999","16,999","3,999","17,1","54,999","38,999","6,4","3,999","13,999","1,999","4,999","8,999","44,4","14,999","24,999","7,999","0,999","3,999","0,999","8,999","5,999","19,4","29,3","3,999","54,999","175,999","0,999","8,999","33,999","3,999","19,999","1,999","4,999","16,999","21,999","14,999","44,999","41,2","34,2","0,999","5,2","55,1","10,3","77,0","1,999","3,999","11,999","2,999","21,999","7,999","52,0","2,999","0,999","11,999","4,999","0,999","5,999","56,999"
"105,2","13,999","3,999","17,999","10,999","52,1","25,999","5,999","38,2","11,999","25,4","38,3","22,3","4,999","4,999","0,999","3,999","4,999","162,4","66,999","1,999","5,999","75,2","56,0","173,1","8,999","4,999","10,999","5,999","56,0","11,999","7,999","2,999","5,999","4,999","26,2","11,0","0,999","5,999","0,999","83,3","7,999","27,999","0,999","77,999","0,999","0,999","20,999","0,999","17,999","4,999","9,2","9,999","15,999","40,1","4,999","5,999","18,4","4,999","2,999","89,999","29,999","3,999","21,999","19,999","0,999","19,999","27,2","5,999","59,999","2,999","32,999","63,2","53,999","20,999","13,999","20,0","100,999","83,1","1,999","57,999","0,999","8,999","0,999","6,999","7,999","12,999","37,4","8,999","24,4","2,999","54,3","28,0","0,999","77,999","3,999","3,999","14,999","55,0","1,999"
"57,1","1,999","37,999","52,2","1,999","11,3","61,3","6,999","22,999","18,0","2,999","21,999","3,999","44,4","7,999","58,3","0,999","5,999","0,999","11,999","52,1","12,999","5,2","1,999","0,999","20,0","4,999","24,1","3,999","4,999","13,999","1,999","8,999","15,0","63,3","11,999","18,999","113,999","1,999","50,0","25,999","5,999","75,2","3,999","6,999","0,999","35,999","11,999","58,4","9,999","30,999","17,999","1,999","16,999","0,999","2,999","6,999","63,999","17,999","10,999","5,999","33,4","1,999","3,999","47,999","40,0","0,999","0,999","9,4","5,999","8,4","1,999","6,999","8,1","44,999","18,0","2,999","7,999","4,999","12,999","29,1","18,999","1,999","3,999","36,999","1,999","0,999","14,0","4,999","74,0","38,999","0,999","10,999","24,999","15,999","2,999","1,999","0,999","43,999","5,999"
"17,999","1,999","84,2","4,999","24,2","27,0","0,999","2,999","6,999","32,0","0,999","45,4","0,999","10,999","12,999","26,999","3,999","10,999","74,999","7,999","2,999","3,999","2,999","18,999","23,999","63,999","3,999","1,999","5,999","2,999","6,999","10,999","10,999","0,999","27,999","32,2","2,999","13,999","3,999","3,999","63,4","4,999","60,999","5,999","0,999","8,999","2,999","4,999","1,999","25,999","21,999","0,999","22,1","27,3","37,999","4,999","2,999","71,999","38,999","2,999","0,999","0,999","8,999","3,1","33,3","17,999","2,999","1,999","4,999","12,999","27,999","9,999","33,999","8,999","19,999","7,999","10,999","0,999","13,0","44,999","1,999","0,999","1,999","85,999","1,999","0,999","41,1","0,999","68,999","13,999","26,3","5,999","22,999","0,999","2,999","6,999","2,999","32,1","19,2","15,999"
"7,999","4,999","8,999","8,999","3,999","10,999","122,999","8,999","1,999","14,3","3,999","14,999","3,999","30,999","2,999","5,999","7,999","23,999","13,999","3,999","1,999","6,999","0,999","3,999","4,999","3,999","26,999","27,3","57,4","25,0","2,999","25,999","2,999","3,999","0,999","9,999","2,999","30,1","2,999","8,999","25,999","1,999","24,999","14,999","2,999","45,2","3,999","1,999","13,999","1,999","4,999","25,4","20,999","2,999","7,999","14,1","3,999","2,999","13,999","46,2","70,999","0,999","4,999","4,999","87,4","40,4","10,999","0,999","72,4","5,999","17,999","0,999","8,999","9,1","34,999","27,999","25,999","49,999","53,999","48,999","1,999","13,999","27,999","43,2","2,999","6,999","24,999","75,999","20,999","79,999","12,999","0,999","1,999","18,999","21,999","40,3","65,999","2,999","50,999","17,999"
"0,999","3,999","33,2","24,999","45,999","25,3","24,999","15,999","0,999","20,2","7,999","16,999","102,999","3,999","1,999","0,999","11,999","8,999","4,0","37,999","54,999","6,999","42,1","44,2","3,999","27,1","1,999","0,999","23,999","18,1","0,999","13,999","22,999","23,999","87,3","29,0","19,999","4,999","6,999","3,999","22,0","80,3","22,999","3,999","0,999","0,999","12,999","0,999","87,1","56,3","31,999","9,999","55,2","0,999","4,999","1,999","7,999","99,0","2,999","34,999","41,3","3,999","0,999","15,999","1,999","10,999","30,0","33,3","35,4","0,999","15,999","54,999","2,999","9,999","4,999","8,999","7,999","32,3","26,999","2,999","16,999","8,999","0,999","3,999","1,999","1,999","9,999","0,999","44,4","5,999","2,999","26,999","3,999","6,999","19,1","73,999","29,3","2,999","19,4","40,999"
"41,999","21,999","1,999","22,3","24,999","41,999","5,999","7,999","0,999","17,999","2,999","2,999","0,999","8,999","50,2","30,2","14,999","11,999","10,999","4,999","2,999","30,3","25,999","7,999","8,999","25,999","57,2","29,1","7,999","54,999","0,999","7,999","0,999","7,999","6,999","3,999","7,999","20,999","11,999","99,1","6,999","7,999","168,3","2,999","2,999","5,999","15,999","6,999","0,999","3,999","2,999","0,999","1,999","12,999","12,999","48,0","16,999","29,1","39,1","12,999","7,999","16,999","10,999","32,999","0,999","7,999","23,999","6,3","21,999","3,999","19,999","2,999","4,999","27,999","9,999","2,999","3,999","4,999","54,999","17,3","44,0","31,999","0,999","1,999","0,999","38,2","12,999","2,999","15,999","44,2","62,999","26,1","11,999","3,999","24,999","12,999","17,999","3,999","63,999","94,999"
"0,999","12,999","4,999","5,999","17,3","67,0","43,0","10,999","5,999","6,999","4,999","2,999","4,999","0,999","7,999","1,999","92,2","22,999","1,999","4,999","88,4","19,999","7,999","2,999","7,999","37,999","0,999","38,999","7,999","8,999","36,4","12,4","26,999","13,999","21,999","1,999","0,999","40,2","0,999","92,1","53,2","1,999","12,1","6,999","0,999","13,999","13,999","0,999","0,999","3,999","2,999","3,999","0,999","22,3","5,999","34,999","5,999","4,999","1,999","4,999","77,0","37,999","1,999","2,999","14,999","38,999","8,999","0,999","73,999","2,999","34,999","11,2","11,999","6,999","2,999","6,999","19,999","3,999","36,999","5,999","1,999","7,999","0,999","14,2","7,999","30,2","23,999","9,999","3,999","3,999","11,999","6,999","10,999","19,0","7,999","2,999","3,999","6,999","62,0","4,999"
"0,999","21,999","9,999","6,999","2,999","14,999","1,999","38,2","11,999","0,999","33,0","47,999","8,999","1,999","14,999","5,999","2,999","2,999","20,999","1,999","52,3","2,999","24,999","6,999","1,999","33,999","1,999","7,999","4,999","2,999","5,999","29,0","7,999","14,4","10,2","15,999","19,999","4,999","14,999","11,999","7,0","19,999","41,999","22,999","76,4","16,999","0,999","6,999","16,999","0,999","37,999","1,999","6,999","20,3","8,999","14,999","10,999","14,999","14,999","86,999","17,999","66,2","1,999","2,999","20,999","15,999","9,999","24,1","0,999","17,2","9,999","9,999","3,999","11,999","37,999","14,999","7,999","4,999","4,999","10,999","14,999","20,2","63,999","17,999","22,999","8,999","0,999","12,3","8,999","1,999","8,999","4,999","68,3","2,999","7,999","1,999","6,999","16,4","20,2","0,999"
"2,999","12,999","69,999","4,999","2,999","17,2","21,999","45,999","11,1","2,999","57,999","0,999","65,0","52,4","36,3","27,999","57,1","90,999","28,999","7,999","0,999","20,999","22,999","26,1","0,999","17,999","9,999","12,2","40,999","0,999","38,999","3,999","3,999","7,999","0,999","37,999","22,999","2,999","11,999","10,0","54,999","82,999","27,0","16,999","10,3","4,999","37,0","7,999","16,999","31,999","26,999","11,999","56,999","15,999","34,999","7,1","48,0","62,999","6,999","0,999","33,3","2,999","123,999","44,999","32,3","31,999","12,999","18,999","22,999","10,999","52,1","6,999","3,999","11,999","3,999","5,999","14,4","24,3","6,999","26,999","1,999","2,999","9,999","88,999","66,999","2,999","4,999","0,999","6,999","22,999","1,999","1,999","1,999","63,999","0,999","13,999","15,999","25,3","4,999","5,999"
"99,999","45,999","0,999","3,999","4,999","3,999","8,999","2,999","10,1","84,999","1,999","6,999","10,999","4,999","29,999","1,999","2,999","6,999","34,1","1,999","16,999","17,3","25,999","7,999","8,999","1,999","12,999","105,999","11,999","67,999","24,999","59,1","44,0","13,1","38,999","48,2","1,999","2,999","3,999","14,999","0,999","3,999","40,4","6,999","4,999","17,1","4,999","2,999","18,999","4,999","17,4","11,4","5,999","12,999","48,4","28,4","5,999","6,999","8,999","16,3","9,999","3,999","7,999","6,999","18,999","17,4","30,999","4,999","44,999","5,999","26,2","5,999","40,999","3,999","0,999","8,999","5,999","1,999","27,999","16,1","11,999","2,999","62,3","12,999","3,999","10,3","14,999","15,999","21,3","13,999","0,999","25,3","3,999","0,999","0,999","14,999","11,999","13,999","188,3","18,4"
"9,999","0,999","95,999","16,999","23,1","3,999","30,999","22,999","9,999","2,999","27,4","71,999","23,999","5,999","2,999","5,999","42,999","30,999","2,999","1,999","31,0","3,999","46,1","17,999","7,999","9,999","5,999","29,1","52,3","13,999","4,999","23,2","81,1","5,999","0,999","56,999","40,3","3,999","14,999","8,999","45,999","105,1","4,999","55,4","27,999","0,999","18,999","9,999","0,999","8,999","6,999","6,4","26,999","33,999","13,999","0,999","10,999","4,999","36,999","4,999","0,999","60,0","0,999","23,999","22,2","4,999","9,999","13,999","21,999","17,3","27,999","63,0","17,3","12,999","12,999","1,999","7,999","23,999","0,999","18,999","11,999","1,999","9,999","1,999","13,999","5,999","32,999","3,999","42,999","78,3","26,2","32,999","0,999","12,999","13,999","26,3","1,999","52,999","3,999","0,999"
"29,999","38,0","36,999","14,999","3,999","119,999","0,999","32,999","24,0","0,999","15,3","32,999","68,999","6,999","19,999","0,999","5,999","26,999","2,999","1,999","6,999","23,999","98,999","9,999","30,999","49,999","33,999","23,1","1,999","42,999","26,999","9,999","13,1","1,999","0,999","42,999","9,3","4,999","0,999","1,999","4,999","40,999","5,999","0,999","9,999","1,999","28,999","36,999","10,999","14,999","0,999","0,999","34,3","36,999","5,999","35,999","0,999","26,999","1,999","5,999","60,999","42,4","90,999","5,999","8,999","14,999","2,999","37,999","17,999","14,999","61,999","3,999","2,999","3,999","0,999","9,999","0,999","25,2","2,999","0,999","3,999","0,999","1,999","14,2","7,999","4,999","12,999","2,999","12,999","8,999","25,1","1,999","10,999","1,999","0,999","7,999","0,999","11,999","10,999","35,4"
"2,999","33,999","0,999","2,999","18,999","67,2","0,999","12,999","21,2","2,999","3,999","13,1","1,999","34,3","14,999","6,999","6,999","7,999","23,0","0,999","7,999","21,999","2,999","37,3","1,999","10,999","7,999","2,999","10,999","24,999","24,999","3,999","2,999","1,999","9,999","5,999","20,4","12,999","3,999","0,999","2,999","49,999","4,999","70,999","3,999","13,999","36,4","0,999","47,4","12,999","28,0","10,999","33,0","19,999","15,999","38,1","0,999","4,999","43,999","0,999","2,999","23,999","16,4","3,999","8,2","69,999","13,999","6,1","6,999","7,999","50,2","45,999","10,999","6,999","16,999","2,999","1,999","0,999","15,999","1,999","2,999","8,999","0,999","20,999","7,999","36,999","45,2","1,999","28,999","44,1","13,999","8,999","15,999","0,999","66,1","16,999","4,999","21,0","30,999","7,999"
"8,999","4,999","4,999","1,999","5,999","1,999","2,999","20,4","3,999","2,999","1,999","0,999","10,999","2,999","2,999","15,999","2,999","8,999","20,0","7,999","8,999","11,999","84,999","61,0","20,999","31,0","18,3","31,2","3,999","6,4","8,999","18,999","25,999","16,0","1,999","123,999","9,999","5,999","1,999","2,999","39,999","25,999","15,999","12,999","0,999","4,999","22,999","0,999","81,2","108,999","45,1","12,0","1,999","6,999","31,999","12,999","8,999","38,999","0,999","22,4","4,999","15,999","31,3","77,999","50,999","5,999","35,999","9,999","9,999","20,999","1,999","10,4","9,999","3,999","3,999","3,999","4,999","14,999","24,4","11,999","7,999","1,999","44,3","13,999","11,999","1,999","5,999","0,999","4,999","14,999","28,999","1,999","2,999","2,999","7,999","6,999","2,999","5,999","41,4","39,2"
"4,999","2,999","5,999","2,999","13,999","23,999","1,999","5,999","8,999","1,999","12,999","3,999","48,1","65,999","4,999","2,999","3,999","13,999","11,999","7,999","8,999","29,999","22,1","11,999","61,4","0,999","2,999","7,999","15,999","0,999","0,999","21,1","14,0","2,999","2,999","41,2","17,999","1,999","3,999","13,999","30,1","14,999","28,999","25,999","18,3","18,999","0,999","10,999","4,999","4,999","40,999","90,999","48,999","56,2","36,3","63,0","0,999","25,999","25,999","16,1","0,999","2,999","18,0","32,4","8,999","6,999","19,4","5,999","0,999","30,999","50,4","39,999","9,999","31,999","0,999","33,999","25,999","4,999","8,999","20,999","0,999","7,999","44,999","6,999","8,999","1,999","9,999","94,1","41,999","1,999","36,999","39,999","2,999","4,999","21,999","3,999","6,3","0,999","18,0","16,3"
"25,999","3,999","4,999","0,999","42,999","5,999","0,999","19,999","8,999","35,4","3,999","2,999","39,4","1,999","20,999","16,999","12,999","35,999","21,3","2,999","12,999","28,0","9,999","30,2","38,999","94,3","3,999","4,999","14,4","33,3","2,999","32,999","35,1","51,999","21,999","38,999","30,3","48,999","1,999","57,4","32,4","11,999","4,999","50,999","13,999","22,999","11,999","16,999","1,999","21,0","7,999","1,999","20,0","68,0","17,999","4,999","6,999","32,999","25,0","9,999","4,999","8,999","26,999","6,999","49,4","16,3","33,999","20,999","69,4","21,999","94,1","17,999","22,999","4,999","5,999","11,999","3,999","5,999","29,999","7,999","6,999","50,2","5,999","8,999","22,999","59,3","28,4","5,999","3,999","6,999","6,999","0,999","24,999","0,999","67,4","30,999","17,999","1,999","64,999","23,1"
"3,999","4,999","0,999","5,999","0,999","0,999","2,999","2,999","20,999","5,999","55,1","53,4","14,999","25,4","7,999","0,999","25,4","3,999","12,999","3,999","28,999","0,999","0,999","17,999","46,999","7,999","14,999","2,999","23,999","15,999","1,999","1,999","123,3","3,999","2,999","7,999","9,999","30,999","3,999","5,999","18,999","11,999","24,3","32,2","4,999","50,1","16,999","49,999","48,999","19,3","0,999","24,0","47,999","8,999","7,999","2,999","1,999","1,999","35,2","13,999","56,3","9,999","4,999","52,999","29,4","0,999","4,999","15,999","0,999","38,999","30,4","5,999","42,999","34,4","23,999","16,999","7,999","46,999","4,999","70,3","2,999","11,999","0,999","15,999","2,999","4,999","8,999","73,2","5,999","3,999","67,3","1,999","12,999","35,999","3,999","20,999","36,999","31,0","0,999","11,999"
