# Arguments: kr_a=0.0625, kd_a=0.25, rep=100, it=100, relocation=0.0625, division=0.25, rows=20, cols=5, status=None, file_ID=9, delta_t=None
"4,999","9,999","4,999","4,999","2,999","22,999","3,999","2,999","24,1","27,999","33,0","9,999","20,999","16,999","2,999","28,0","4,999","7,999","15,999","0,999","4,999","32,2","16,999","8,999","27,1","6,999","1,999","38,999","10,999","26,999","199,0","3,999","5,999","7,999","3,999","37,4","37,3","2,999","25,999","38,1","18,2","1,999","0,999","17,4","9,999","4,999","81,999","10,999","2,999","5,999","0,999","56,999","14,999","33,999","20,999","15,999","34,999","15,999","66,4","12,999","42,999","3,999","0,999","3,999","44,999","6,999","37,4","4,999","5,999","59,999","4,999","11,999","13,999","24,999","2,999","3,999","26,999","27,4","18,2","7,999","4,999","27,999","20,4","13,999","13,999","8,999","4,999","13,999","1,999","23,2","1,999","3,999","54,1","24,999","53,999","12,999","2,999","32,999","2,999","9,999"
"4,999","30,2","15,999","35,0","0,999","34,2","4,999","14,999","4,999","1,999","3,999","5,999","13,999","23,1","26,4","3,999","1,999","10,999","22,999","1,999","15,999","2,999","55,4","27,3","4,999","5,999","10,999","18,999","47,0","10,999","14,1","18,999","1,999","27,1","6,999","6,999","9,999","2,999","38,4","5,999","45,999","15,999","3,999","12,0","3,999","37,999","39,999","9,999","10,999","1,999","41,999","17,999","55,999","9,999","14,999","13,999","90,999","25,1","0,999","3,999","3,999","6,999","7,999","58,999","2,999","4,999","6,999","5,999","36,999","55,999","11,999","21,999","17,999","3,999","46,1","2,999","13,999","19,999","33,3","11,2","6,999","2,999","4,999","9,999","6,999","18,999","1,999","9,999","14,999","0,999","7,999","5,999","1,999","16,999","14,999","0,999","27,2","26,999","2,999","3,999"
"3,999","1,999","10,999","22,999","10,999","67,3","3,999","15,999","30,999","12,2","1,999","4,999","127,2","7,999","5,999","1,999","56,999","5,999","20,3","14,999","1,999","41,999","4,999","37,2","7,999","3,999","9,999","3,999","2,999","59,999","18,999","18,3","16,999","40,999","61,3","70,1","13,999","2,999","5,999","2,999","15,999","13,0","5,999","25,999","15,999","6,999","26,999","10,3","46,999","31,0","11,999","11,999","94,4","4,999","3,999","10,999","79,1","0,999","5,999","19,999","1,999","16,2","2,999","4,999","6,999","12,999","1,999","27,999","9,999","10,999","2,999","35,999","12,999","19,999","1,999","18,999","3,999","12,999","0,999","2,999","7,999","4,999","34,2","20,999","64,3","20,999","88,999","11,999","1,999","22,4","6,999","14,999","23,0","10,999","21,999","4,999","3,999","33,999","68,0","19,0"
"20,999","10,999","216,999","5,999","21,0","14,3","11,2","43,999","6,999","16,3","5,999","28,999","48,0","4,999","8,999","10,999","28,3","43,0","3,999","33,2","1,999","18,1","11,999","49,999","16,2","122,4","141,999","7,999","34,1","0,999","20,4","16,0","4,999","7,999","42,4","5,999","2,999","3,999","2,999","5,999","2,999","2,999","8,999","1,999","4,999","19,999","1,999","7,999","0,999","2,3","11,999","4,999","8,999","32,999","28,999","1,999","4,999","9,999","24,999","2,999","31,999","4,999","7,999","5,999","46,2","5,999","14,4","59,0","4,999","92,1","11,999","62,2","25,4","1,999","66,3","6,999","12,999","31,2","23,999","7,999","52,1","1,999","20,999","3,999","3,999","11,999","54,1","2,999","21,999","56,0","2,999","9,999","2,999","11,999","20,2","31,999","13,999","18,1","9,999","9,999"
"35,999","2,999","8,999","12,0","4,999","4,999","7,999","23,1","4,999","30,4","6,999","56,999","6,999","7,999","49,3","2,999","6,999","40,999","37,2","21,999","69,999","18,1","1,999","1,999","18,0","11,999","17,999","12,3","40,3","0,999","3,999","10,999","9,999","15,999","2,999","46,999","3,999","4,999","4,999","53,999","16,999","4,999","52,0","4,999","0,999","68,999","21,999","2,999","7,999","1,999","15,999","2,999","10,999","41,1","53,999","31,4","18,999","23,999","3,999","7,999","0,999","32,2","2,999","2,999","14,999","18,999","1,999","3,999","12,999","8,999","1,999","7,999","6,999","3,999","1,999","29,4","17,0","2,999","11,2","74,999","22,999","11,999","84,999","18,999","15,999","2,999","8,999","6,999","2,999","7,999","1,999","0,999","15,999","44,1","0,999","10,1","4,999","22,999","5,999","9,999"
"2,999","7,999","15,999","11,999","7,999","11,999","2,999","44,2","1,999","3,999","10,999","0,999","7,999","5,999","4,999","10,999","4,999","4,999","12,999","34,999","1,999","2,999","1,999","2,999","1,999","6,999","9,999","6,999","0,999","23,2","3,999","3,999","50,4","13,999","13,999","1,999","9,999","0,999","1,999","47,0","2,999","3,999","56,1","18,999","4,999","20,999","19,999","5,999","6,999","9,999","17,999","15,999","28,1","83,3","4,999","36,999","19,0","6,999","2,999","30,999","31,3","3,999","39,0","1,999","26,3","32,999","4,999","2,999","15,3","0,999","15,999","69,2","19,1","25,1","10,999","7,999","1,999","2,999","40,999","3,999","84,999","2,999","5,999","3,999","46,3","4,999","4,999","8,999","5,999","1,999","14,2","22,3","17,0","4,999","14,999","20,999","18,999","4,999","0,999","6,999"
"23,4","3,999","11,999","51,999","23,999","4,999","1,999","7,999","28,999","4,999","0,999","2,999","12,4","3,999","2,999","30,0","74,4","22,999","12,999","7,999","14,999","24,999","26,0","2,999","10,999","2,999","2,999","26,1","1,999","2,999","4,999","8,999","21,999","1,999","29,4","22,999","30,1","7,999","0,999","5,999","2,999","1,999","1,999","0,999","2,999","21,999","22,999","14,999","1,999","7,999","19,3","46,0","8,999","7,999","14,999","27,999","21,999","8,999","22,2","26,999","4,999","3,999","11,999","37,999","1,999","14,999","11,4","40,999","20,999","3,999","3,999","27,4","4,999","3,999","1,999","25,0","5,999","4,999","7,999","1,999","0,999","3,999","19,999","5,999","18,999","7,999","3,999","17,999","31,2","20,999","0,999","6,999","6,999","6,999","6,999","3,999","8,999","4,999","1,999","2,999"
"10,999","36,999","16,999","6,999","25,999","9,999","19,999","2,999","2,999","3,999","9,999","10,999","29,999","33,4","17,2","2,999","1,999","12,999","18,3","22,999","1,999","15,999","25,0","5,999","9,999","53,3","12,999","6,999","21,1","0,999","71,999","29,999","16,1","45,999","42,1","11,999","8,999","7,999","18,999","5,999","1,999","1,999","13,999","20,4","3,999","9,999","1,999","44,4","4,999","3,999","21,999","2,999","61,999","49,999","18,999","56,1","4,999","34,999","16,999","35,999","18,999","3,999","5,999","2,999","9,999","0,999","9,999","1,999","6,999","8,999","12,999","17,999","10,999","4,999","6,999","77,999","50,3","7,999","4,999","0,999","2,999","61,999","39,999","42,999","27,2","71,999","8,999","10,999","2,999","34,999","1,999","16,999","0,999","6,999","13,999","21,3","76,2","7,999","31,4","7,999"
"0,999","2,999","64,999","1,999","12,999","7,999","34,999","40,999","0,999","32,999","51,0","124,999","1,999","3,999","0,999","7,999","15,999","5,999","20,4","21,999","45,999","44,999","24,999","16,999","31,999","0,999","6,999","3,999","14,3","38,999","9,999","1,999","2,999","4,3","9,999","3,999","7,999","39,999","1,999","90,999","11,999","5,999","14,999","0,999","18,4","11,999","34,999","43,0","19,999","20,4","4,999","30,999","22,999","3,999","51,999","52,999","3,999","28,999","29,0","17,999","14,999","23,999","11,1","3,999","1,999","21,3","0,999","2,999","33,999","31,2","14,4","5,999","26,999","20,999","11,1","1,999","14,999","6,999","67,3","7,999","4,999","48,999","57,999","2,999","9,999","4,999","5,999","30,999","6,999","27,0","26,999","4,999","72,999","24,999","4,999","11,999","6,999","29,1","46,999","4,999"
"102,0","5,999","27,1","1,999","0,999","1,999","61,999","5,999","33,999","8,999","5,999","5,999","1,999","2,999","9,999","58,3","57,999","11,999","24,999","8,999","3,999","18,999","1,999","3,999","9,999","29,999","19,999","0,999","15,999","20,4","7,999","40,3","17,999","60,0","5,999","2,999","2,999","14,999","2,999","4,999","7,999","5,999","3,999","17,999","15,999","11,999","4,999","43,1","0,999","52,999","1,999","2,999","11,999","27,3","2,999","2,999","5,999","15,999","2,999","5,999","12,999","2,999","6,999","2,999","5,999","34,1","22,3","3,999","32,999","7,999","24,999","110,3","2,999","12,999","3,999","2,999","23,999","4,999","1,999","53,999","20,999","74,4","22,0","2,999","2,999","1,999","22,999","32,1","84,4","61,0","14,999","15,999","26,2","4,999","14,999","9,999","54,999","17,999","20,999","21,999"
"2,999","6,999","1,999","9,999","23,999","1,999","38,999","108,3","5,999","92,3","37,1","35,999","14,999","16,999","22,999","3,999","8,999","18,999","2,999","20,999","8,999","39,999","40,999","22,1","5,999","32,999","10,999","4,999","6,999","1,999","3,999","33,999","27,999","91,999","31,999","2,999","7,999","11,999","38,999","5,999","5,999","2,999","4,999","5,999","11,999","8,999","13,999","1,999","2,999","0,999","8,999","6,999","24,999","10,999","4,999","3,999","21,999","13,999","2,999","14,999","11,999","28,0","0,999","1,999","3,999","0,999","12,999","1,999","60,999","28,2","55,999","2,999","53,2","27,4","35,999","18,999","1,999","23,999","25,2","3,999","3,999","60,999","3,999","39,999","45,999","14,2","11,999","3,999","4,999","23,2","5,999","56,4","48,1","13,999","29,999","11,999","3,999","2,999","14,999","2,999"
"3,999","54,999","2,999","4,3","14,999","16,4","4,999","6,999","99,999","5,999","1,999","125,0","32,999","7,999","3,999","26,2","1,999","9,999","18,1","6,999","34,1","2,999","39,999","3,999","12,999","9,3","3,999","51,1","4,999","50,999","17,999","149,2","3,999","50,0","2,999","8,999","84,2","0,999","4,999","31,999","5,999","6,999","5,999","13,999","3,999","17,3","6,999","12,1","5,999","4,999","3,999","4,999","13,999","9,999","5,999","12,999","9,999","3,999","12,999","2,999","32,999","48,999","44,999","3,999","2,999","0,999","10,999","6,1","33,0","21,3","11,999","0,999","1,999","10,999","17,999","7,999","7,999","1,999","86,2","1,999","5,999","4,999","20,999","12,999","87,999","5,999","30,999","11,999","21,999","2,999","54,4","5,999","28,999","18,999","2,999","4,999","1,999","13,999","4,999","96,2"
"29,3","5,999","9,999","1,999","1,999","8,999","6,999","26,999","2,999","5,999","1,999","22,999","2,999","37,999","6,999","15,3","7,999","3,999","3,999","11,999","2,999","4,999","3,999","4,999","5,999","39,999","5,999","9,999","3,999","16,1","4,999","7,999","3,999","2,999","3,999","3,999","15,999","35,3","8,999","2,999","64,3","6,999","1,999","46,3","21,999","13,999","32,1","50,4","34,1","41,999","2,999","7,999","47,3","8,999","1,999","37,999","14,999","33,999","3,999","6,999","58,999","9,999","75,999","2,999","69,1","13,999","9,999","2,999","2,999","39,999","18,999","2,999","29,4","3,999","23,999","5,999","27,999","78,999","10,999","28,4","13,999","0,999","15,999","6,999","1,999","14,999","167,999","5,999","6,999","12,999","7,999","0,999","11,999","2,999","6,999","16,999","3,999","3,999","3,999","11,999"
"23,999","2,999","2,999","3,999","29,999","27,0","13,4","3,999","18,999","1,999","3,999","21,0","18,999","55,999","7,999","56,999","11,999","3,999","4,999","0,999","2,999","2,999","0,999","2,999","4,999","136,3","105,3","2,999","18,999","29,999","3,999","24,999","34,0","4,999","3,999","1,999","14,999","10,999","3,999","22,2","6,999","17,999","17,999","27,999","30,0","4,999","11,999","16,999","14,999","9,999","3,999","2,999","49,999","2,999","4,999","25,999","22,999","6,999","58,2","0,999","3,999","6,999","4,999","53,4","3,999","1,999","4,999","16,4","40,1","0,999","24,999","13,999","7,999","1,999","4,999","34,999","1,999","1,999","12,999","83,999","66,999","10,999","26,999","4,999","13,999","4,999","3,999","24,999","14,999","9,999","12,999","9,999","6,999","13,999","55,4","24,999","6,999","11,999","48,999","2,999"
"92,999","1,999","5,999","3,999","90,2","7,999","4,999","9,999","17,999","28,999","9,999","8,999","3,999","15,999","9,999","0,999","40,999","10,999","4,999","11,999","6,999","8,999","13,999","152,1","10,999","4,999","7,999","18,1","20,999","33,999","11,999","12,999","11,999","83,999","6,999","10,999","7,999","5,999","2,999","13,999","7,999","52,0","22,999","7,999","7,999","20,0","14,999","1,999","1,999","11,999","24,999","12,999","50,999","4,999","11,999","2,999","6,999","1,999","1,999","7,4","2,999","2,999","23,1","39,1","10,999","0,999","36,999","21,4","24,999","2,999","4,999","4,999","61,3","5,999","6,999","4,999","31,3","4,999","19,999","5,999","12,999","5,999","8,999","17,999","1,999","9,999","2,999","37,0","17,999","7,999","1,999","32,999","2,999","8,999","0,999","10,999","6,999","14,999","7,999","6,999"
"0,999","1,999","0,999","26,2","42,3","52,999","0,999","12,999","10,999","23,3","21,999","43,1","2,999","6,999","2,999","16,999","71,4","19,1","12,999","7,999","18,999","1,999","4,999","23,0","5,999","10,999","11,0","6,999","3,999","4,999","21,999","8,999","6,2","8,999","6,999","6,999","8,999","5,999","9,999","2,999","14,999","2,999","13,999","0,999","4,999","0,999","24,999","5,999","7,999","1,999","15,999","12,999","31,1","83,1","5,999","10,999","2,999","7,999","5,999","36,999","31,999","28,0","1,999","13,999","5,999","25,1","49,4","5,999","10,999","13,999","6,999","35,4","34,999","0,999","10,999","13,999","3,999","39,999","2,999","29,1","36,999","10,999","1,999","26,999","32,1","2,999","7,999","21,999","12,999","9,999","15,1","1,999","82,2","10,999","15,999","16,1","9,999","136,1","13,4","21,4"
"5,999","20,0","41,999","64,999","17,999","2,999","42,999","6,999","19,999","4,999","8,999","15,999","40,999","2,999","22,3","4,999","4,999","3,999","7,999","4,999","19,0","14,999","12,999","7,999","12,999","22,999","8,999","1,999","6,999","17,999","12,999","24,999","3,999","3,999","1,999","6,999","2,999","2,999","6,999","7,999","4,999","5,999","63,4","3,999","28,999","3,999","0,999","1,999","1,999","4,999","21,4","12,999","15,999","56,999","4,999","54,3","14,999","16,4","22,999","7,999","83,1","7,999","3,999","36,0","0,999","16,0","83,999","18,999","1,999","15,999","3,999","16,999","5,999","5,999","33,999","33,999","31,999","3,999","7,999","1,999","21,4","5,999","5,999","8,999","8,999","5,999","2,999","124,1","2,999","41,3","5,999","4,999","4,999","4,999","0,999","8,999","11,999","70,999","28,999","1,999"
"35,4","13,999","39,999","2,999","42,999","22,4","27,999","26,0","26,3","3,999","2,999","9,999","36,999","6,999","97,4","5,999","14,0","4,999","39,2","16,999","9,999","10,0","5,999","25,999","17,4","6,999","7,999","98,4","5,999","9,999","1,999","5,999","9,999","36,999","2,999","7,999","1,999","28,3","5,999","3,999","6,999","19,999","10,999","10,999","32,999","55,4","10,999","28,1","14,999","55,999","3,999","10,999","11,999","68,999","5,999","54,0","11,999","1,999","0,999","37,4","14,999","15,4","1,999","5,999","11,999","2,999","1,999","8,0","3,999","4,999","6,999","6,999","1,999","3,999","8,999","22,999","19,999","0,999","49,3","0,999","24,999","5,999","11,999","6,999","16,999","119,999","6,999","11,999","1,999","9,999","8,999","20,0","11,999","7,999","7,999","42,1","52,999","8,999","31,4","53,999"
"17,999","1,999","1,999","9,1","45,999","4,999","18,3","2,999","41,999","13,999","36,999","2,999","12,999","8,999","5,999","51,999","11,1","12,999","16,0","5,999","4,999","4,999","14,999","6,999","41,2","21,999","7,999","10,999","17,999","3,999","7,999","13,999","12,999","19,999","2,999","6,999","34,999","4,999","29,3","29,999","22,999","44,1","8,999","37,0","2,999","4,999","8,999","10,999","1,999","8,1","0,999","55,999","2,999","4,999","47,3","1,999","3,999","2,999","3,999","11,999","10,999","9,999","3,999","1,999","2,999","10,999","7,999","9,999","2,999","20,3","0,999","53,999","26,2","27,999","45,4","17,999","70,1","8,999","1,999","26,4","22,1","27,0","6,999","9,999","6,999","4,999","12,999","12,0","56,999","27,999","22,3","4,999","9,999","6,999","2,999","7,999","43,999","2,999","5,999","23,999"
"1,999","3,999","9,999","1,999","2,999","91,0","3,999","43,999","4,999","0,999","88,4","7,999","9,999","63,2","34,999","13,999","31,0","14,3","1,999","49,3","1,999","15,1","40,999","3,999","1,999","14,999","59,2","28,999","2,999","37,999","9,999","9,1","42,999","39,1","134,999","12,999","3,999","25,999","17,999","34,1","35,999","4,999","15,999","2,999","2,999","7,999","17,3","32,999","5,999","17,999","9,999","12,999","5,999","6,999","15,999","2,999","46,3","16,999","7,999","2,999","6,999","0,999","19,999","8,999","10,999","22,999","12,4","2,999","6,999","2,999","3,999","3,999","48,2","5,999","1,999","6,999","21,1","1,999","1,999","33,999","63,3","37,999","10,0","10,999","26,999","12,1","6,999","5,999","21,999","2,999","4,999","47,3","11,999","3,999","9,0","13,999","47,2","16,999","34,4","34,1"
"4,999","3,999","13,999","3,999","26,4","13,999","2,999","22,2","0,999","27,999","20,0","29,999","29,4","7,999","6,999","0,999","48,4","5,999","59,999","57,3","17,999","24,0","14,999","4,999","2,999","9,999","14,999","14,999","5,999","2,999","3,999","5,999","4,999","7,999","29,999","21,999","4,999","24,999","11,999","2,999","69,999","3,999","21,999","77,1","2,999","3,999","10,999","8,999","56,0","68,1","20,999","2,999","40,4","18,2","5,999","40,999","68,3","5,999","59,0","6,999","0,999","62,999","9,999","46,999","16,999","2,999","29,999","5,999","14,999","27,2","0,999","12,999","29,1","12,0","1,999","4,999","7,999","5,999","33,2","46,999","0,999","10,999","4,999","13,999","71,999","43,999","26,999","2,999","6,999","10,3","1,999","2,999","6,999","67,999","7,999","33,999","3,999","18,999","51,999","37,999"
"6,999","57,999","40,999","59,4","7,999","10,999","9,999","1,999","5,999","28,2","10,999","36,999","4,999","10,999","8,999","11,999","2,999","5,999","27,999","58,999","1,999","0,999","1,999","2,999","3,999","7,999","5,999","7,999","1,999","16,999","13,999","1,999","1,999","7,999","16,999","42,999","8,999","2,999","11,999","10,2","23,999","57,3","4,999","0,999","41,4","13,999","5,999","11,999","12,999","33,2","2,999","1,999","38,999","1,999","108,4","4,999","9,999","1,999","11,4","4,999","1,999","56,999","2,999","10,999","7,999","27,999","9,999","2,999","5,999","0,999","18,0","107,999","6,999","6,999","10,999","11,999","16,999","11,999","8,999","48,1","65,999","3,999","5,999","4,999","1,999","7,999","32,4","58,999","100,3","0,999","98,999","65,2","12,999","2,999","2,999","1,999","46,1","33,999","84,999","23,999"
"12,999","19,999","0,999","10,999","6,999","24,3","3,999","2,999","0,999","27,2","6,999","5,999","20,4","4,999","6,999","20,999","3,999","8,999","3,999","34,999","9,999","1,999","1,999","29,3","3,999","1,999","23,1","2,999","0,999","34,4","9,999","6,999","0,999","40,999","1,999","3,999","3,999","2,999","15,999","18,999","15,999","5,999","71,0","3,999","2,999","68,999","2,999","44,1","120,2","18,0","27,4","0,999","10,1","68,999","20,999","3,999","23,999","13,999","72,999","36,999","1,999","8,999","8,999","5,999","6,999","14,999","17,3","21,4","5,999","5,999","3,999","12,999","6,999","7,999","20,999","8,999","46,0","22,4","20,999","17,999","7,999","3,999","1,999","8,999","3,999","24,4","1,999","3,999","7,999","5,999","18,4","31,999","5,999","10,999","86,999","2,999","2,999","29,999","43,999","29,4"
"16,999","24,0","93,2","6,999","4,999","5,999","0,999","3,999","23,999","7,999","3,999","45,999","6,999","4,999","45,2","5,999","25,999","13,999","30,3","6,999","9,999","5,999","14,999","1,999","15,999","7,999","15,1","9,999","18,999","19,1","3,999","4,999","3,999","24,999","3,999","17,999","18,999","8,999","19,999","3,999","6,999","21,999","98,1","8,999","31,999","4,999","5,999","4,999","16,999","2,999","3,999","4,999","20,999","9,999","3,999","6,999","5,999","6,999","14,999","2,999","17,0","8,999","7,999","4,999","6,999","20,2","14,999","21,999","6,999","2,999","100,1","14,2","47,999","20,4","6,999","6,999","6,999","2,999","13,999","5,999","7,999","17,999","4,999","8,999","5,999","3,999","5,999","30,3","0,999","3,999","37,1","13,2","1,999","18,999","3,999","16,999","2,999","1,999","1,999","39,0"
"82,999","4,1","18,3","11,999","1,999","2,999","1,999","6,999","16,999","3,999","3,999","21,999","28,999","0,999","11,999","3,999","3,999","9,999","4,999","8,999","18,999","76,999","1,999","6,999","18,999","44,999","2,999","14,2","3,999","7,4","0,999","10,999","17,999","2,999","32,3","11,3","22,4","18,0","9,999","47,999","1,999","3,999","37,3","20,999","46,999","3,999","26,999","14,999","53,999","7,999","2,999","5,999","2,999","1,999","7,4","21,999","39,0","47,999","2,999","11,4","11,999","20,1","6,999","2,999","30,999","10,999","37,999","6,999","29,999","6,999","11,999","0,999","9,999","8,999","7,999","73,2","97,4","0,999","63,0","18,999","4,999","7,999","0,999","2,999","18,999","16,999","29,999","2,999","14,999","3,999","5,999","70,999","0,999","6,999","47,999","6,999","10,999","17,999","1,999","53,999"
"13,999","3,999","29,999","22,999","2,999","1,999","32,999","27,999","75,3","13,3","8,999","3,999","8,999","7,999","24,999","27,999","2,999","14,999","3,999","11,999","7,999","61,999","10,999","5,0","8,999","6,999","27,1","64,999","2,999","13,4","0,999","8,999","2,999","17,3","6,999","0,999","3,999","38,4","1,999","22,999","30,4","27,999","12,999","12,3","11,999","44,999","1,999","16,999","14,999","3,999","2,999","6,999","4,999","24,999","21,999","2,999","11,999","19,4","0,999","73,999","5,999","41,2","18,999","49,999","32,1","0,999","4,999","6,999","0,999","0,999","4,999","3,999","9,999","15,999","6,999","12,999","1,999","8,999","1,999","3,999","48,999","9,999","5,999","7,999","17,1","10,999","76,3","6,999","4,999","2,999","55,2","21,999","24,999","2,999","9,999","89,999","24,999","4,999","12,999","3,999"
"4,999","70,1","10,999","0,999","5,999","4,999","10,999","13,999","13,999","19,4","34,999","12,999","62,999","32,999","3,999","8,999","20,999","13,999","50,2","5,999","17,999","93,999","11,999","0,999","3,999","8,999","50,999","2,999","3,999","18,999","7,999","8,999","4,999","6,999","26,0","1,999","0,999","3,999","7,999","3,999","74,3","32,999","9,999","73,999","2,999","9,999","2,999","34,999","17,999","7,999","25,999","9,999","43,999","7,999","15,999","16,999","19,999","2,999","1,999","3,999","35,999","45,4","16,999","5,999","32,999","1,999","46,999","5,999","8,999","31,4","40,999","2,999","21,999","18,999","4,999","1,999","37,999","1,999","26,999","10,999","5,999","1,999","59,4","78,1","16,999","2,999","47,4","64,4","3,999","3,999","3,999","9,999","23,4","6,999","13,2","33,0","30,999","10,999","47,999","12,999"
"20,999","5,999","52,999","3,999","8,999","0,999","15,999","18,999","4,999","25,999","1,999","9,999","1,999","35,999","166,4","19,1","2,999","31,999","7,999","27,3","0,999","3,999","32,0","0,999","28,999","57,999","3,999","23,999","8,1","11,999","4,999","3,999","5,999","19,999","23,1","5,999","6,999","14,999","3,999","3,999","22,999","4,999","31,0","8,999","18,999","10,999","8,999","4,999","20,999","25,999","20,4","2,999","8,999","33,999","3,999","1,999","62,999","1,999","4,999","12,999","5,999","33,999","18,4","57,999","29,999","7,999","26,999","6,999","38,2","26,999","25,999","3,999","2,999","13,3","16,4","16,999","3,999","32,999","5,999","0,999","8,999","41,999","9,999","7,999","1,999","2,999","14,999","1,999","42,0","78,999","26,4","1,999","15,999","12,999","45,4","16,0","24,999","42,999","11,999","3,999"
"1,999","8,999","12,999","4,999","6,999","95,999","14,3","5,999","15,4","17,999","16,999","9,4","35,999","2,999","14,999","17,999","28,1","4,999","3,999","32,1","4,999","21,999","26,0","9,999","15,999","5,999","0,999","32,999","59,2","44,4","6,999","1,999","31,3","14,999","5,999","7,999","6,999","4,999","27,4","0,999","5,999","5,999","10,999","2,999","50,999","18,999","5,999","117,999","11,999","2,999","19,999","26,999","26,999","5,999","51,999","2,999","12,0","14,999","0,999","14,999","1,999","13,3","18,999","9,999","1,999","2,999","15,999","33,999","7,2","5,999","4,999","12,999","16,999","16,999","66,4","76,999","7,999","3,999","4,999","1,999","2,999","16,999","58,2","25,999","4,999","1,999","6,999","51,999","2,999","57,2","2,999","1,999","3,999","38,999","18,999","8,999","25,999","6,999","38,3","22,4"
"41,2","7,999","5,999","26,999","64,999","18,999","14,999","2,999","6,999","4,999","2,999","12,999","1,999","0,999","18,999","26,1","9,999","6,999","29,2","30,3","16,999","3,999","4,999","15,999","4,999","19,999","31,999","18,999","10,999","16,999","5,999","27,3","4,999","12,999","16,999","4,999","3,999","9,999","11,999","1,999","20,999","27,999","10,999","2,999","4,999","4,999","7,999","3,999","99,1","3,999","9,999","26,999","4,999","24,4","24,999","17,999","3,999","13,999","10,999","29,999","64,999","35,999","23,999","8,999","60,0","4,999","12,999","33,2","17,3","7,999","29,999","1,999","24,999","2,999","5,999","5,999","48,999","23,3","5,999","18,2","13,999","1,999","10,999","8,999","15,999","34,999","41,3","4,999","0,999","12,999","5,999","3,999","23,0","46,0","5,999","24,999","41,3","4,999","1,999","15,1"
"30,999","17,999","2,999","17,999","26,999","19,999","0,999","1,999","30,3","11,999","19,999","6,999","2,999","13,999","31,4","13,2","3,999","10,1","25,999","3,999","29,999","3,999","4,999","9,999","68,3","8,999","8,999","3,999","3,999","13,999","4,999","2,999","17,999","37,999","3,999","4,999","2,999","55,999","17,999","90,3","36,2","54,0","6,999","1,999","56,999","3,999","4,999","21,999","39,1","15,0","19,999","17,4","85,0","87,999","5,999","10,999","1,999","2,999","19,999","7,999","7,999","45,999","7,999","26,999","25,999","1,999","31,2","12,999","17,999","24,999","0,999","17,999","2,999","13,999","10,999","7,999","4,999","1,999","14,999","1,999","33,999","102,999","52,4","8,999","2,999","16,999","22,999","83,2","4,999","27,3","1,999","34,999","35,2","2,999","4,999","23,999","32,2","29,999","18,999","21,999"
"13,2","1,999","24,999","23,999","3,999","3,999","15,999","45,999","1,999","25,1","1,999","34,999","0,999","51,3","35,2","0,999","12,999","5,999","17,999","8,999","68,999","17,999","1,999","16,999","7,999","14,999","36,999","89,999","4,999","51,3","6,999","1,999","0,999","3,999","66,999","4,999","97,4","4,999","5,999","19,999","5,999","16,999","57,999","34,3","21,2","10,999","88,1","2,999","38,999","9,999","35,999","26,0","9,999","2,999","2,999","0,999","6,999","49,999","5,999","0,999","34,0","13,999","4,999","14,999","50,999","0,999","38,2","5,999","29,999","5,999","8,999","3,999","4,999","12,999","3,999","23,4","7,999","29,999","28,2","3,999","2,999","2,999","7,999","0,999","4,999","38,999","12,999","17,999","3,999","0,999","3,999","9,999","3,999","3,999","3,999","13,999","0,999","7,999","31,1","8,999"
"2,999","11,999","28,0","6,999","2,999","8,999","25,999","21,999","16,1","59,2","7,999","8,999","4,999","0,999","8,999","12,999","11,999","0,999","6,999","0,999","1,999","6,999","16,999","4,999","3,999","46,999","10,999","1,999","14,999","44,999","20,999","15,999","10,999","10,999","19,999","7,999","14,999","59,999","6,999","0,999","5,999","2,999","1,999","33,999","3,999","1,999","17,1","11,999","49,999","5,999","4,999","7,999","33,999","12,999","26,999","3,999","3,999","16,999","4,999","6,999","4,999","8,999","93,999","2,999","0,999","59,999","13,999","1,999","3,999","20,2","8,999","8,999","9,999","2,999","26,3","9,1","7,999","3,999","6,999","2,999","28,999","12,999","14,999","9,999","1,999","13,999","80,999","2,999","74,3","12,999","31,999","10,999","24,999","48,3","0,999","28,999","34,1","20,999","5,999","8,999"
"16,999","10,999","8,999","2,999","2,999","5,999","7,999","20,4","3,999","3,999","11,999","2,999","26,999","21,0","58,999","13,999","2,999","3,999","4,999","45,0","26,4","1,999","34,999","18,3","11,999","28,0","33,999","47,2","19,999","30,999","13,999","26,999","67,999","0,999","16,1","6,999","89,999","3,999","17,999","47,999","0,999","10,999","38,999","2,999","4,999","36,2","5,999","2,999","3,999","18,1","7,999","2,999","30,999","10,999","3,999","2,999","8,999","48,1","1,999","1,999","2,999","29,999","4,999","84,999","3,999","1,999","41,999","2,999","7,999","21,2","18,999","5,999","1,999","4,999","64,4","5,999","0,999","14,999","5,999","35,999","1,999","7,999","82,4","11,999","25,999","12,999","31,4","2,999","30,999","3,999","5,999","5,999","31,999","85,0","16,999","20,999","8,999","18,999","49,999","2,999"
"7,999","4,999","47,4","11,999","26,999","13,3","11,3","0,999","4,999","24,999","2,999","9,999","4,999","3,999","4,999","31,1","30,999","2,999","4,999","1,999","11,999","35,999","8,999","8,999","59,1","36,2","9,999","31,1","2,999","8,999","19,999","16,999","15,999","8,999","6,999","25,999","13,999","72,2","9,999","6,999","3,999","63,1","2,999","13,999","0,999","47,0","1,999","11,1","1,999","2,999","3,999","53,999","5,999","0,999","2,999","2,999","6,999","6,999","47,999","3,999","36,2","15,2","12,999","4,999","3,999","7,999","20,3","1,999","24,999","11,2","20,999","10,999","67,999","8,999","53,2","7,999","97,1","5,999","2,999","14,999","9,999","78,4","2,999","45,999","5,999","41,999","10,999","12,999","24,1","3,999","1,999","8,999","5,999","15,999","12,1","9,999","9,999","15,999","12,999","2,999"
"29,0","13,2","2,999","4,999","2,999","19,999","4,999","14,999","1,999","2,999","1,999","36,4","7,999","10,999","7,999","6,999","1,999","8,999","2,999","1,999","6,999","24,999","4,999","1,999","6,999","59,3","9,999","11,1","5,999","25,999","4,999","21,0","10,999","38,999","35,999","5,999","54,2","4,999","73,3","1,999","47,2","2,999","2,999","24,999","5,999","26,0","45,999","1,999","3,999","3,999","38,999","3,999","7,999","1,999","3,999","17,999","22,4","3,999","22,999","5,999","8,999","3,999","27,999","55,4","10,999","2,999","43,0","17,999","6,999","10,999","1,999","16,999","63,999","16,999","19,999","30,999","5,999","8,999","26,999","12,1","49,1","4,999","7,999","26,4","2,999","4,999","7,999","2,999","29,0","17,999","3,999","10,999","13,999","143,999","40,3","6,999","21,999","35,2","15,999","13,999"
"3,999","6,999","12,999","42,999","2,999","11,999","6,999","5,999","34,1","15,999","11,999","1,999","6,999","0,999","1,999","13,999","18,999","14,4","4,999","11,999","10,999","10,999","74,999","18,999","25,1","26,3","27,999","12,999","20,3","6,4","4,999","60,999","43,999","34,999","6,999","4,999","22,999","1,999","2,999","11,999","0,999","7,999","62,999","6,3","32,0","1,999","2,999","8,999","66,4","13,999","23,999","1,999","28,1","7,999","8,999","57,0","23,999","6,999","3,999","15,999","13,999","7,999","28,999","8,999","2,999","2,999","4,999","22,2","9,999","36,2","3,999","29,999","45,999","33,4","45,3","14,3","5,999","49,999","8,999","40,999","2,999","6,999","5,999","14,999","95,2","5,999","1,999","4,999","6,999","2,999","5,999","11,999","22,1","2,999","5,999","23,999","35,999","4,999","24,999","3,999"
"37,2","19,999","97,999","9,999","48,0","6,999","3,999","34,999","23,999","20,999","124,999","44,2","5,999","2,999","3,999","9,999","32,2","1,999","23,999","5,999","13,999","5,999","6,999","9,999","20,999","9,999","17,0","18,0","9,999","2,999","2,999","12,999","56,999","1,999","8,999","6,999","2,999","6,999","124,3","16,999","13,999","7,999","6,999","72,1","3,999","12,999","2,999","4,999","7,999","13,999","2,999","40,999","14,999","34,1","11,999","10,999","7,999","22,999","36,3","9,999","35,999","27,999","4,999","25,999","3,999","1,999","2,999","39,2","11,999","2,999","4,999","68,3","23,999","35,999","16,1","14,999","24,1","12,999","5,999","18,0","2,999","14,999","4,999","26,2","162,1","5,999","28,999","10,999","6,999","0,999","21,999","2,999","10,999","2,999","21,999","22,999","9,999","9,999","27,999","4,999"
"27,999","6,999","11,999","2,999","1,999","150,999","0,999","11,999","4,999","2,999","14,999","8,999","22,999","32,999","6,999","3,999","7,999","39,999","19,999","12,999","3,999","9,999","11,999","23,999","110,999","15,999","2,999","6,999","24,999","25,999","4,999","4,999","5,999","8,2","18,999","12,999","2,999","2,999","6,999","8,999","0,999","16,999","1,999","1,999","15,999","2,999","12,1","13,999","11,999","5,999","3,999","31,999","38,999","2,999","9,999","87,2","13,999","25,999","13,999","118,999","9,999","16,999","1,999","4,999","5,999","11,999","4,999","21,999","55,3","5,999","33,999","11,999","8,999","2,999","2,999","1,999","10,999","3,999","5,999","20,999","0,999","0,999","23,999","7,999","3,999","54,999","22,999","69,999","46,2","18,999","18,999","6,999","26,999","19,999","3,999","2,999","5,999","22,999","11,999","5,999"
"44,4","10,999","27,999","1,999","13,999","11,999","1,999","30,1","8,999","1,999","8,999","1,999","4,999","1,999","18,1","10,999","59,999","1,999","8,999","1,999","61,4","55,999","1,999","15,999","7,999","7,999","9,1","8,999","6,999","3,999","9,999","6,999","13,3","0,999","4,999","9,999","14,3","43,1","6,999","2,999","6,999","5,999","67,3","4,999","4,999","26,3","41,0","6,999","38,999","9,999","11,999","7,999","6,999","44,999","5,999","13,999","7,999","14,999","6,999","23,1","12,999","3,999","6,999","60,4","1,999","24,999","11,999","2,999","7,999","1,999","146,4","21,999","2,999","14,999","13,999","18,999","185,2","13,999","6,0","7,999","0,999","5,999","4,999","30,999","2,999","7,999","1,999","60,0","6,999","6,999","32,999","15,3","7,999","9,999","3,999","3,999","1,999","18,999","25,999","3,999"
"9,4","6,999","50,999","67,999","1,999","33,3","31,999","6,999","11,999","30,2","15,0","5,999","5,999","7,999","12,999","31,999","73,999","21,2","2,999","4,999","13,999","0,999","5,1","0,999","5,999","24,999","36,1","4,999","5,999","6,999","128,999","1,999","4,999","7,999","72,999","3,999","7,999","21,999","62,1","68,999","73,999","9,4","6,999","16,999","34,4","9,1","4,999","16,999","2,999","31,999","4,999","12,999","28,1","23,999","2,999","7,999","37,999","4,999","2,999","16,1","25,999","10,999","50,3","8,999","43,0","26,999","2,999","12,3","2,999","0,999","17,999","79,999","16,3","6,999","10,999","14,999","3,999","2,999","2,999","4,999","2,999","42,999","8,999","11,999","4,999","5,999","14,999","1,999","28,999","33,999","98,3","20,999","30,999","2,999","8,999","8,999","8,999","1,999","5,999","2,999"
"5,999","22,2","16,0","5,999","70,3","5,999","39,3","9,999","3,999","1,999","5,999","49,999","1,999","10,999","6,999","29,999","51,2","3,999","1,999","8,999","11,0","11,999","10,999","4,999","2,999","6,999","3,999","20,999","9,999","13,999","5,999","22,999","16,999","6,999","10,999","19,999","0,999","20,4","40,2","15,999","2,999","33,4","0,999","6,999","48,999","27,999","5,999","22,999","5,999","9,999","1,999","9,999","12,999","35,4","0,999","3,999","6,999","7,999","17,999","46,3","6,999","6,999","11,999","2,999","25,3","9,999","20,999","2,999","5,999","4,999","6,999","6,999","15,999","19,999","5,999","11,999","13,999","0,999","0,999","6,999","21,0","2,999","5,999","2,999","0,999","12,999","3,999","25,999","2,999","19,999","2,999","3,999","10,999","3,999","0,999","7,1","27,999","5,999","3,999","0,999"
"19,999","66,4","38,4","1,999","1,999","6,999","31,4","74,1","0,999","4,999","14,999","1,999","6,999","75,2","7,999","7,999","33,3","4,999","7,999","23,3","1,999","1,999","5,999","3,999","22,1","20,0","32,999","10,999","22,999","7,999","28,999","3,999","31,4","7,999","2,999","0,999","3,999","6,999","72,2","6,2","10,999","3,999","8,999","8,999","74,999","69,999","2,999","2,999","4,999","44,999","1,999","3,999","10,999","6,999","48,999","10,999","1,999","0,999","0,999","2,999","11,999","44,999","1,999","12,999","10,999","3,999","5,999","14,999","30,999","3,999","7,999","8,999","2,999","5,999","22,999","2,999","69,2","3,999","6,999","4,999","15,999","37,2","4,999","3,999","1,999","68,4","28,3","18,999","8,999","0,999","36,4","6,999","21,3","13,999","7,999","19,999","7,999","7,999","9,999","22,999"
"2,999","35,999","36,999","2,999","8,999","20,999","5,999","6,999","6,999","6,999","6,999","1,999","16,999","41,999","2,999","10,999","6,999","14,2","58,999","4,999","17,2","27,1","57,999","7,999","13,999","2,999","33,999","11,999","1,999","21,999","3,999","18,2","4,999","31,999","3,999","16,999","31,999","6,999","9,999","0,999","8,999","32,2","3,999","58,999","8,999","33,1","18,999","30,0","14,999","22,999","8,999","2,999","3,999","47,0","1,999","6,999","2,999","8,999","11,999","11,999","11,999","6,999","29,999","22,999","42,999","7,999","21,999","8,999","3,999","7,999","2,999","25,999","2,999","4,999","5,999","38,999","8,999","36,2","4,999","46,999","75,1","20,999","4,999","21,2","48,999","5,999","16,999","13,999","2,999","6,999","2,999","23,0","4,999","20,3","42,999","9,999","19,999","1,999","6,999","46,1"
"11,999","2,999","2,999","2,999","3,999","4,999","34,999","35,999","4,999","43,999","11,4","49,4","5,999","59,999","45,999","46,3","70,4","19,999","4,999","35,999","14,999","21,0","64,4","0,999","6,999","7,999","0,999","42,1","2,999","5,999","15,4","17,999","4,999","0,999","11,999","18,1","1,999","17,3","1,999","1,999","54,999","4,999","12,999","19,0","28,4","10,0","1,999","79,999","43,999","3,999","1,999","5,999","26,999","16,0","7,999","3,999","6,999","32,999","18,999","7,999","4,999","4,999","70,999","2,999","2,999","13,999","1,999","3,999","4,999","3,999","24,999","32,999","66,2","6,999","24,999","46,4","3,999","21,999","9,999","27,999","56,4","14,999","1,999","2,999","23,999","2,999","52,4","2,999","3,999","16,999","2,999","6,999","3,999","8,999","7,999","4,999","0,999","3,999","7,999","6,999"
"108,4","85,4","2,999","76,999","2,999","13,999","8,3","40,999","2,999","22,999","30,999","1,999","7,999","6,999","38,999","7,999","9,999","26,4","37,999","3,999","18,999","2,999","3,999","10,999","35,999","16,999","31,999","6,999","24,3","58,999","3,999","19,999","8,3","1,999","6,999","15,999","1,999","68,999","4,999","9,999","4,999","4,999","30,2","66,999","38,3","8,999","20,1","14,999","22,2","14,4","33,999","34,999","3,999","25,2","3,999","4,999","7,999","1,999","0,999","26,999","12,999","27,999","7,999","26,999","1,999","52,999","14,999","18,1","8,999","33,999","8,999","11,2","5,999","13,2","12,4","3,999","0,999","86,999","12,0","24,999","57,999","76,999","40,1","21,999","19,999","14,999","10,999","10,999","2,999","5,999","3,999","34,999","72,999","83,999","3,999","4,999","15,999","75,999","2,999","4,999"
"22,999","36,2","5,999","2,999","9,999","30,1","14,999","8,999","18,4","12,4","3,999","8,999","0,999","88,0","10,999","26,0","5,999","3,999","1,999","7,999","17,2","33,2","1,999","25,999","11,999","10,999","11,999","9,999","4,999","32,999","1,999","19,999","61,2","17,999","2,999","0,999","2,999","19,0","3,999","53,2","2,999","8,999","3,999","20,0","1,999","11,999","27,3","3,999","8,999","5,999","3,999","17,2","6,999","5,999","22,1","1,999","20,999","4,999","31,999","4,999","13,999","23,2","2,999","25,999","1,999","1,999","15,4","1,999","18,999","82,999","17,999","3,999","12,999","3,999","52,999","13,999","16,999","10,999","1,999","5,999","19,999","3,999","9,999","24,999","10,999","54,999","11,999","5,999","51,1","11,999","61,999","43,999","8,999","8,999","4,999","7,999","7,999","5,999","5,999","22,999"
"21,0","9,999","14,999","13,999","33,0","61,3","3,999","17,0","13,999","31,2","5,999","10,999","72,999","4,999","6,999","3,999","11,999","28,999","2,999","15,999","2,999","33,0","0,999","4,999","3,999","44,1","23,999","41,999","56,2","16,999","5,999","10,999","23,999","3,999","1,999","35,999","15,0","48,4","13,999","5,999","27,999","35,999","17,999","2,999","2,999","6,999","13,999","4,999","40,999","0,999","11,999","6,999","41,999","32,999","2,999","5,999","11,999","141,4","29,999","4,999","28,999","44,2","57,3","6,999","6,999","15,999","8,999","16,999","42,999","2,999","20,999","2,999","58,999","17,999","37,4","0,999","5,999","1,999","6,999","4,999","4,999","4,999","25,4","3,999","2,999","24,999","5,999","2,999","6,999","50,2","9,999","44,2","2,999","5,999","1,999","12,4","4,999","75,999","3,999","19,999"
"17,999","11,999","61,2","4,999","8,999","9,999","44,999","63,3","34,0","62,0","3,999","1,999","5,999","1,999","1,999","33,999","46,999","23,999","15,999","2,999","5,2","65,999","25,3","8,999","20,999","13,999","6,999","36,2","2,999","2,999","18,2","21,999","61,999","17,0","6,999","70,999","20,999","2,999","7,999","35,999","8,999","1,999","8,999","9,999","40,4","1,999","9,999","3,999","18,1","5,999","30,999","2,999","1,999","5,999","10,999","1,999","0,999","9,999","6,999","22,999","9,999","10,4","7,999","17,0","11,999","3,3","44,999","15,999","3,999","27,1","3,999","2,999","52,999","1,999","2,999","7,999","18,999","1,999","6,999","45,2","4,999","2,999","48,4","58,3","19,999","13,999","10,999","36,999","37,4","10,999","7,999","5,0","0,999","3,999","17,999","74,999","12,999","15,999","67,999","3,999"
"2,999","67,1","6,999","2,999","16,999","22,1","4,999","10,999","11,999","116,999","12,999","27,3","23,999","2,999","2,999","45,1","29,999","28,999","0,999","10,999","1,999","3,999","54,999","5,999","8,999","52,999","94,999","34,999","10,999","7,999","45,999","3,999","0,999","3,999","4,999","16,3","12,999","4,999","92,999","25,4","25,999","4,999","45,999","3,999","14,999","16,1","6,999","1,999","3,999","3,999","1,999","54,4","9,999","35,999","3,999","7,999","5,999","3,999","40,999","81,999","1,999","4,999","11,999","16,999","27,999","14,999","2,999","1,999","2,999","4,999","31,999","23,999","1,999","17,999","42,999","13,999","6,999","13,999","8,999","4,999","28,2","11,999","5,999","4,999","1,999","2,999","46,1","3,999","2,999","15,999","3,999","18,999","14,999","4,999","8,999","9,999","27,3","3,999","4,999","1,999"
"4,999","3,999","6,999","31,999","5,999","18,999","2,999","29,999","36,999","9,999","15,999","4,999","19,999","7,999","8,999","1,999","7,999","8,999","5,999","59,999","13,999","1,999","41,2","18,999","32,3","22,999","19,999","10,999","10,999","62,999","6,999","13,999","1,999","12,999","19,999","3,999","18,0","8,999","1,999","0,999","8,999","10,999","6,999","75,2","7,999","23,999","13,999","10,999","62,4","6,999","11,999","16,999","10,999","7,999","10,3","12,3","6,999","69,999","22,999","7,999","11,999","33,2","2,999","11,999","19,999","38,0","10,999","1,999","20,999","54,4","0,999","2,999","5,999","10,999","40,999","39,999","21,999","6,999","1,999","5,999","13,999","8,999","6,999","35,3","22,999","2,999","12,999","5,999","9,999","16,999","1,999","19,999","4,999","13,999","17,999","12,1","4,999","11,999","7,999","4,999"
"13,999","0,999","1,999","4,999","4,999","6,999","19,999","2,999","37,0","8,999","13,999","18,3","4,999","10,999","4,999","6,999","38,999","17,3","3,999","12,999","5,999","13,999","9,4","12,1","5,999","12,999","6,999","21,999","50,0","5,999","22,999","21,999","4,999","24,4","40,0","12,999","8,999","72,999","37,2","12,999","4,999","34,999","14,999","14,999","0,999","13,999","7,999","23,4","40,999","8,999","11,999","8,999","5,999","2,999","32,0","27,4","4,999","10,999","1,999","49,999","1,999","1,999","28,999","4,999","6,999","23,999","9,999","38,999","6,999","2,999","0,999","13,999","16,4","0,999","27,999","18,999","2,999","34,999","12,999","12,3","13,999","2,999","3,999","5,0","2,999","12,1","89,2","60,999","49,1","13,0","5,999","2,999","31,4","12,999","5,999","8,999","9,999","18,1","52,0","19,999"
"5,999","2,999","36,1","5,999","20,999","6,999","6,999","3,999","6,999","36,3","2,999","1,999","35,3","15,999","32,999","29,0","8,999","39,999","8,999","2,999","10,999","40,999","7,999","11,999","13,1","4,999","29,0","12,999","3,999","26,0","40,0","3,999","117,999","17,1","11,999","40,1","16,0","19,999","30,999","18,4","4,999","0,999","69,999","5,999","5,999","6,999","6,999","1,999","12,999","32,999","11,999","4,999","80,999","3,999","9,999","3,999","3,999","6,999","8,999","67,999","10,999","0,999","8,999","8,999","4,999","16,999","40,999","2,999","7,999","42,999","12,999","35,0","12,999","91,999","3,999","6,999","42,2","1,999","2,999","2,999","14,2","43,2","22,999","18,999","18,999","0,999","30,4","25,2","1,999","14,999","11,999","10,999","44,999","6,999","10,999","10,999","9,999","11,999","58,999","27,4"
"16,999","2,999","7,999","22,999","30,2","10,999","5,999","59,0","23,4","3,999","2,999","27,999","2,999","67,999","65,999","8,999","38,999","44,3","4,999","56,999","20,999","2,999","6,999","3,999","4,999","55,4","3,999","30,999","30,999","9,999","5,999","61,4","5,999","3,999","18,999","50,999","1,999","2,999","12,999","19,999","43,999","44,999","7,999","70,999","2,999","39,3","39,999","3,999","4,999","2,999","65,0","44,3","43,3","20,999","62,999","54,1","7,999","3,999","3,999","26,3","9,999","4,999","13,999","1,999","28,1","9,999","20,999","9,999","1,999","30,999","27,0","36,999","44,0","2,999","1,999","4,999","26,999","23,999","4,999","2,999","5,999","19,999","6,999","12,999","6,999","34,4","2,999","1,999","29,0","25,999","8,999","2,999","5,999","15,999","54,999","49,999","12,999","2,999","4,999","4,999"
"83,999","7,999","9,999","2,999","10,999","1,999","16,999","61,0","72,999","28,999","5,999","12,0","40,3","7,999","8,999","8,999","0,999","11,999","7,999","29,1","6,999","5,999","14,999","26,999","24,999","58,4","46,0","3,999","2,999","24,999","22,999","8,999","17,4","3,999","4,999","20,999","22,999","5,999","55,4","46,4","6,999","4,999","33,999","20,999","14,999","5,999","39,4","14,999","11,999","42,999","63,3","6,999","32,999","2,999","3,999","5,999","13,999","1,999","5,999","7,999","76,2","30,999","8,999","24,999","27,4","11,999","43,3","12,999","18,1","3,999","10,999","34,4","44,2","7,999","38,999","3,999","10,999","1,999","3,999","14,0","66,999","14,999","77,999","21,999","13,999","6,999","0,999","20,999","2,999","3,999","2,999","52,999","2,999","2,999","2,999","32,999","0,999","3,999","9,999","1,999"
"11,999","2,999","4,999","19,999","28,2","5,999","65,999","24,999","1,999","84,4","85,999","5,999","28,2","57,2","19,999","17,1","57,3","50,999","3,999","7,999","2,999","2,999","5,999","10,999","11,999","6,999","4,999","39,1","0,999","5,999","14,999","3,999","39,1","8,999","66,1","5,999","74,0","43,4","15,999","29,999","4,999","1,999","6,999","11,999","17,999","51,0","4,999","28,2","3,999","19,3","6,999","26,999","122,999","9,0","4,999","15,999","40,4","0,999","11,999","15,999","15,999","11,999","14,999","5,999","9,999","22,999","0,999","19,999","0,999","4,999","5,999","10,999","10,999","0,999","2,999","6,999","3,999","8,999","30,0","14,999","1,999","11,3","10,999","19,999","16,999","5,999","38,0","16,999","31,999","12,999","4,999","8,999","14,999","3,999","6,999","2,999","10,999","3,999","66,999","33,999"
"8,999","7,999","27,999","39,999","8,999","22,3","2,999","30,0","10,1","8,999","62,999","14,999","9,999","10,999","16,999","3,999","5,999","26,999","5,999","39,3","16,0","4,999","7,999","8,999","15,999","16,0","8,999","3,999","5,999","1,999","8,999","3,999","6,999","4,999","30,2","3,999","13,999","4,999","33,4","4,999","1,999","49,999","5,999","8,999","10,999","2,999","22,2","5,999","34,2","114,2","0,999","16,999","48,999","27,3","3,999","20,999","5,999","16,999","2,999","27,3","19,999","3,999","21,999","38,999","5,999","3,999","12,999","47,999","29,4","1,999","1,999","4,999","1,999","2,999","11,3","55,2","6,999","37,2","3,999","0,999","11,999","2,999","33,999","15,999","3,999","8,999","1,999","4,999","5,999","28,999","31,3","2,999","7,999","4,999","0,999","7,999","42,999","126,0","2,999","24,999"
"7,999","1,999","12,999","13,999","71,999","15,999","2,999","25,0","36,999","4,999","5,999","35,999","0,999","12,999","2,999","1,999","66,999","2,999","63,999","43,999","7,999","18,999","23,999","14,999","70,999","7,999","4,999","6,999","7,999","0,999","10,999","11,999","3,999","23,999","17,999","5,999","31,999","2,999","7,999","8,999","31,999","1,999","9,999","3,999","13,999","16,1","3,999","3,999","8,999","1,999","15,999","68,999","40,999","65,2","28,999","52,1","9,3","9,1","1,999","2,999","14,999","11,999","7,999","2,999","4,999","8,999","3,999","12,999","16,999","43,999","5,999","58,2","53,999","1,999","17,999","5,999","17,1","2,999","1,999","1,999","12,999","3,999","2,999","5,999","1,999","27,999","62,999","29,999","3,999","6,999","8,999","18,1","42,999","22,999","45,0","10,999","13,999","20,0","3,999","5,999"
"54,0","3,999","3,999","12,999","63,999","2,999","12,0","57,999","3,999","41,999","6,999","35,999","21,3","6,999","54,0","8,999","11,999","41,999","7,999","10,0","3,999","18,999","5,999","30,999","12,999","4,999","14,999","5,999","28,0","2,999","35,999","21,999","9,999","11,999","1,999","0,999","47,1","40,999","6,999","61,999","3,999","13,999","12,999","27,999","3,999","35,999","23,999","16,999","10,999","11,999","5,999","6,999","21,1","22,999","41,999","5,999","21,999","14,999","31,3","19,999","13,999","16,999","3,999","12,999","13,999","15,999","2,999","10,999","8,999","2,999","5,999","52,999","4,999","17,4","3,999","6,999","21,999","4,999","12,999","13,999","14,999","3,999","14,999","4,999","7,999","3,999","1,999","2,999","3,999","29,999","51,999","4,999","10,999","29,3","3,999","22,999","2,999","15,0","12,999","18,999"
"3,999","15,999","4,999","15,999","15,999","2,999","30,999","2,999","2,999","4,999","14,999","15,999","26,1","2,999","5,999","17,999","16,2","6,999","48,0","2,999","16,999","9,999","18,999","4,999","21,999","6,999","8,999","0,999","6,999","15,4","69,999","10,999","43,999","32,1","13,999","16,999","16,999","0,999","32,999","2,999","28,999","10,999","6,999","9,999","0,999","2,999","12,999","7,999","3,999","2,999","61,999","8,999","13,999","2,999","25,2","24,3","7,999","6,999","24,999","3,999","0,999","9,999","19,4","5,999","10,1","11,999","2,999","10,999","1,999","10,999","5,999","2,999","8,999","0,999","2,999","37,999","27,999","6,999","45,999","6,999","11,999","5,999","8,999","2,999","5,999","44,999","6,999","2,999","18,999","3,999","9,999","21,3","16,999","5,999","7,999","1,999","9,999","80,999","38,1","2,999"
"2,999","4,999","6,999","34,999","12,999","8,999","51,999","4,999","35,3","0,999","44,3","8,999","40,1","2,999","8,999","2,999","1,999","12,999","6,999","22,4","4,999","24,999","14,999","20,999","46,4","2,3","12,999","6,999","10,999","3,999","16,999","1,999","1,999","40,999","5,999","5,999","6,999","1,999","89,3","38,4","26,999","45,999","11,999","2,999","13,999","4,999","4,999","1,999","32,999","22,999","12,999","18,999","27,1","1,999","38,999","8,999","7,999","64,999","6,999","0,999","36,999","6,999","15,999","15,999","24,1","2,999","6,999","3,999","2,999","17,999","6,999","14,999","4,999","5,999","21,999","0,999","8,999","4,999","9,999","7,999","14,999","28,999","107,999","20,3","4,999","33,3","15,999","0,999","1,999","147,1","19,1","2,999","8,999","17,999","6,999","3,999","9,999","55,999","27,1","4,999"
"0,999","2,999","5,999","32,999","8,999","6,999","6,999","45,999","1,999","3,999","13,999","6,999","42,2","15,999","10,999","3,999","12,4","19,999","18,999","12,1","45,999","65,1","8,999","6,999","36,2","3,999","9,999","16,999","7,1","2,999","39,3","56,999","5,999","5,999","4,999","9,999","19,999","58,999","3,999","34,1","1,999","1,999","5,999","7,999","92,4","13,999","22,999","2,999","1,999","6,999","5,999","21,999","5,999","21,999","15,999","25,999","49,999","12,999","40,0","10,999","25,999","1,999","49,3","154,0","51,1","55,0","34,999","2,999","0,999","8,999","14,999","4,999","7,999","13,999","2,999","11,2","52,0","12,999","21,999","19,999","7,999","1,999","7,999","11,999","3,999","11,999","30,999","2,999","3,999","1,999","4,999","5,999","2,999","3,999","1,999","2,999","10,999","65,999","7,999","14,999"
"11,999","6,999","10,999","0,999","58,0","18,999","25,0","10,999","57,3","5,999","25,0","2,999","40,4","30,3","3,999","2,999","43,999","11,999","23,999","20,999","56,2","2,999","1,999","81,1","42,0","10,999","13,999","5,999","6,999","10,999","2,999","29,4","4,999","4,999","15,999","9,999","6,999","20,999","16,3","14,999","1,999","31,999","18,0","9,999","66,3","7,999","9,999","15,999","36,3","11,999","2,999","13,999","30,999","4,999","1,999","3,999","2,999","5,999","6,999","5,999","2,999","45,1","0,999","23,999","1,999","8,2","18,999","2,999","25,999","36,999","3,999","2,999","10,3","3,999","5,999","10,999","0,999","31,4","3,999","8,999","4,999","49,999","3,999","12,999","7,999","5,999","1,999","6,999","7,999","2,999","70,999","39,4","50,999","15,0","0,999","18,999","31,0","8,999","10,999","12,999"
"8,999","22,999","5,999","4,999","14,999","5,999","26,999","2,999","22,999","23,999","9,999","4,999","4,999","2,999","1,999","31,4","4,999","37,0","49,3","3,999","1,999","5,999","27,4","4,999","0,999","5,999","5,4","8,999","99,999","29,1","1,999","10,999","5,999","25,4","27,999","15,2","32,0","6,0","18,999","8,999","54,4","27,0","41,1","1,999","7,999","1,999","44,4","18,999","53,999","5,999","13,999","28,999","3,999","42,999","46,999","71,2","3,999","6,999","1,999","1,999","19,999","17,999","30,3","7,999","7,999","4,999","1,999","16,999","2,999","1,999","3,999","35,999","46,4","26,999","1,999","3,999","1,999","14,999","8,999","7,999","2,999","24,999","16,1","9,999","4,999","6,999","54,999","14,2","19,999","39,3","1,999","30,1","22,999","23,4","32,999","39,3","23,999","7,999","4,999","64,999"
"49,3","20,999","1,999","22,999","3,999","2,999","9,999","18,999","5,999","28,1","63,0","7,2","77,999","5,999","0,999","68,999","11,999","25,2","4,999","17,999","5,999","5,999","34,999","2,999","46,999","3,999","1,999","12,1","17,3","34,999","9,999","1,999","4,999","4,999","2,999","6,999","10,999","5,999","4,999","5,999","8,4","2,999","3,999","3,999","1,999","13,999","4,999","30,4","11,4","52,999","8,999","81,999","2,999","2,999","8,999","7,999","4,999","7,999","3,999","39,3","4,999","7,999","3,999","3,999","13,999","0,999","5,999","7,999","10,999","2,999","4,999","6,999","52,999","2,999","2,999","32,999","6,999","3,999","9,999","4,999","1,999","7,999","16,999","0,999","0,999","57,999","7,999","2,999","15,999","4,999","1,999","15,4","16,999","14,3","20,999","10,999","1,999","0,999","3,999","8,999"
"2,999","15,999","6,999","0,999","1,999","1,999","3,999","1,999","2,999","11,999","20,0","130,999","24,999","1,999","7,999","2,999","18,999","2,999","1,999","1,999","65,1","0,999","9,999","8,999","11,999","8,999","5,999","4,999","36,999","32,0","8,999","5,999","9,999","28,4","5,999","65,2","85,999","21,0","2,999","3,999","24,3","20,0","3,999","1,999","3,999","12,999","43,999","4,999","20,999","12,999","74,999","23,2","19,999","8,999","17,999","10,999","64,0","9,999","61,999","23,999","11,999","9,999","41,999","19,999","4,999","13,2","2,999","1,999","3,999","17,999","2,999","6,999","5,999","1,999","11,999","14,999","21,999","4,999","10,999","2,999","44,999","4,999","82,999","10,999","19,0","29,999","6,999","35,1","40,1","28,999","3,999","3,999","9,999","8,999","1,999","0,999","2,999","13,999","7,999","3,999"
"2,999","2,999","6,999","29,999","12,999","6,999","1,999","9,999","9,999","1,999","6,999","12,999","4,999","23,4","70,0","1,999","18,4","25,999","12,999","3,999","1,999","10,999","10,999","1,999","34,999","16,1","3,999","2,999","4,999","3,999","0,999","68,999","6,999","11,999","11,3","2,999","74,999","6,999","1,999","3,999","1,999","13,999","52,3","15,999","54,0","4,999","2,999","77,999","53,999","18,0","26,999","14,999","2,999","50,999","16,999","18,999","1,999","66,4","12,3","36,999","16,999","2,999","0,999","4,999","6,999","7,999","1,999","3,999","25,999","4,999","22,999","7,999","4,999","12,999","16,999","4,999","1,999","3,999","4,999","8,999","3,999","4,999","30,999","16,4","2,999","7,999","10,999","7,999","70,999","7,999","17,999","6,999","20,999","5,999","45,999","6,999","30,999","7,999","24,999","3,999"
"3,999","30,4","30,999","55,999","11,999","24,999","4,999","1,999","8,999","1,999","1,999","48,3","23,3","16,999","10,1","29,999","27,4","25,999","26,0","21,999","8,4","8,999","3,999","24,999","1,999","24,3","2,999","8,999","2,999","1,999","40,999","5,999","16,999","7,999","13,999","0,999","8,999","11,999","6,999","1,999","2,999","16,999","10,999","0,999","33,1","45,999","6,999","10,999","50,999","24,3","7,999","4,999","4,999","15,999","12,999","5,999","18,999","8,999","3,999","4,999","5,999","75,999","6,999","31,999","10,999","49,2","78,1","0,999","35,0","16,999","17,999","8,999","1,0","3,999","4,999","10,999","1,999","2,999","3,999","7,999","0,999","24,999","55,999","16,999","1,999","4,999","12,999","20,4","1,999","12,999","37,1","50,999","1,999","4,999","14,1","1,999","16,999","21,0","13,999","13,3"
"0,999","6,999","32,4","6,999","11,3","34,999","24,999","0,999","13,999","1,999","38,0","11,999","29,2","9,999","2,999","3,999","14,999","1,999","7,999","35,3","41,999","49,4","19,999","9,999","0,999","1,999","18,999","31,999","6,999","11,0","28,999","20,999","2,999","1,999","13,999","1,999","10,3","3,999","15,999","12,999","16,999","5,999","12,999","20,999","75,999","11,999","40,999","2,999","13,999","14,999","39,999","13,999","11,999","0,999","3,999","3,999","35,2","42,999","8,999","9,999","3,999","3,999","24,999","30,2","6,999","4,999","20,3","8,999","0,999","52,4","3,999","11,999","5,999","56,999","13,999","7,999","8,999","36,999","2,999","8,999","49,999","39,999","1,999","0,999","2,999","4,999","7,999","7,999","16,999","19,2","22,999","1,999","39,999","16,0","5,999","24,999","8,999","7,999","19,999","12,999"
"2,999","12,999","9,999","2,999","4,999","13,999","8,999","6,999","2,999","10,999","31,999","5,999","13,999","39,999","35,999","10,2","23,1","3,999","81,2","32,3","7,999","4,999","82,4","10,999","23,999","32,0","62,0","79,999","4,999","11,999","2,999","33,999","44,3","3,999","11,999","13,999","27,999","13,999","0,999","5,999","5,999","40,999","1,999","20,999","2,999","6,999","9,999","3,999","13,999","20,2","26,999","29,2","16,999","36,999","27,999","38,999","7,2","4,999","27,999","4,999","7,999","41,0","1,999","6,999","5,999","3,999","0,999","8,999","7,999","8,999","31,3","21,1","16,999","19,999","19,999","5,999","3,999","49,999","13,999","38,0","8,999","18,999","1,999","7,999","1,999","61,999","21,3","30,3","3,999","3,999","42,1","4,999","2,999","16,999","1,999","23,999","1,999","28,3","12,999","3,999"
"12,2","39,999","35,0","40,999","3,999","72,999","39,999","8,999","4,999","3,999","21,999","5,999","6,999","13,4","11,999","67,3","115,999","16,999","25,3","3,999","45,999","15,999","19,3","27,4","3,999","8,999","5,999","2,999","5,999","0,999","4,999","29,4","5,999","0,999","6,999","21,999","6,3","15,999","26,999","4,999","2,999","53,2","26,999","6,999","5,999","5,999","24,999","1,999","11,999","2,999","1,999","25,999","22,999","10,999","3,999","3,999","6,999","6,999","9,999","5,999","71,4","7,999","53,999","16,999","8,999","3,999","5,999","1,999","21,999","1,999","4,999","5,999","17,0","7,999","6,999","12,999","9,999","10,999","0,999","28,999","1,999","6,999","14,2","18,1","70,2","18,999","7,999","1,999","5,4","19,2","9,999","17,999","4,999","1,999","15,999","13,3","4,999","2,999","17,2","6,999"
"1,999","7,999","7,999","32,1","15,999","6,999","11,999","7,999","5,999","14,999","9,999","43,4","7,999","24,999","51,999","10,3","8,999","3,999","1,999","26,0","2,999","15,999","7,999","12,0","1,999","15,0","6,999","13,999","30,2","21,999","62,0","15,999","15,999","4,999","44,999","65,4","1,999","4,999","18,999","5,999","17,999","47,1","2,999","13,999","17,999","8,999","46,999","2,999","19,999","46,0","18,999","29,2","9,999","32,999","11,999","61,999","15,999","13,999","7,999","29,999","31,1","7,999","4,999","3,999","9,999","14,999","41,999","14,999","8,999","3,999","7,999","20,2","1,999","29,4","8,999","31,999","20,3","20,999","20,1","29,1","1,999","16,999","30,1","35,4","2,999","13,999","37,999","1,999","13,999","2,999","4,999","10,999","33,2","33,0","50,4","28,999","24,999","36,3","43,2","10,999"
"8,999","9,999","4,999","10,999","46,999","2,999","6,999","78,3","35,999","0,999","15,999","11,999","0,999","3,999","12,999","38,2","19,2","2,999","3,999","1,999","28,999","3,999","44,999","6,999","20,4","1,999","9,999","38,999","1,999","0,999","25,2","5,999","16,999","44,999","20,1","1,999","21,999","2,999","4,999","3,999","12,1","10,999","9,999","76,999","0,999","29,999","4,999","7,999","17,999","8,999","3,999","4,999","5,999","18,999","9,999","13,3","33,2","6,999","36,999","11,999","4,999","4,999","6,999","12,999","0,999","4,999","11,3","5,999","4,999","3,999","26,2","20,4","34,999","23,1","23,999","4,999","7,999","3,999","4,999","1,999","24,0","6,999","3,999","12,999","1,999","4,999","5,999","21,999","3,999","4,999","38,2","7,999","0,999","3,999","27,2","1,999","8,999","11,999","2,999","38,999"
"6,999","1,999","2,999","2,999","12,999","6,999","27,4","13,999","17,999","1,999","4,999","31,999","5,999","19,999","5,999","1,999","9,999","11,999","19,3","75,999","1,999","1,999","2,999","2,999","6,999","3,999","15,999","27,999","39,1","3,999","1,999","3,999","6,999","10,3","9,999","4,999","0,999","18,4","13,999","21,1","14,999","23,999","3,999","19,1","11,999","18,3","10,999","13,999","10,999","19,3","9,999","4,999","1,999","7,999","2,999","4,999","1,999","20,999","0,999","13,999","26,999","56,1","7,999","12,999","13,999","47,3","10,999","17,999","19,999","52,999","3,999","7,999","61,1","13,999","1,999","3,999","75,4","2,999","3,999","31,2","9,4","3,999","3,999","79,2","61,999","13,4","9,999","16,999","5,999","2,999","10,999","9,999","5,999","21,999","1,999","13,999","8,999","62,3","6,999","7,999"
"17,999","80,1","79,999","11,1","20,999","0,999","38,3","26,1","24,3","2,999","2,999","11,999","147,4","19,999","35,999","29,999","3,999","14,999","2,999","2,999","0,999","8,999","0,999","4,999","1,999","9,999","16,1","8,999","103,999","14,999","1,999","3,999","14,1","41,999","6,3","17,0","8,999","28,999","0,999","23,999","2,999","1,999","17,4","17,999","20,0","7,999","11,999","5,999","11,999","20,999","28,4","91,3","36,999","66,999","35,999","9,999","16,999","14,3","1,999","11,999","2,999","3,999","6,999","36,0","1,999","12,999","11,999","7,999","6,999","13,999","6,999","1,999","32,999","5,999","8,999","2,999","7,999","33,999","3,999","4,999","7,999","13,1","33,999","11,999","27,999","23,999","10,0","10,999","12,2","11,999","13,999","28,999","12,999","1,999","14,999","12,999","6,999","8,999","2,999","2,999"
"3,999","35,999","0,999","4,999","7,999","16,999","3,999","5,999","15,999","8,999","10,999","14,999","4,999","22,1","2,999","33,999","38,1","2,999","5,3","43,999","4,999","4,999","3,999","9,999","0,999","4,999","18,999","10,999","4,999","4,999","11,999","8,999","12,999","0,999","3,0","5,999","24,999","23,4","18,1","9,999","15,999","2,999","21,999","66,999","9,999","10,999","2,999","32,4","13,999","3,999","2,999","1,999","26,999","4,999","1,999","1,999","3,999","19,999","80,999","28,999","19,999","4,999","11,999","2,999","31,999","8,999","19,999","2,999","18,999","6,999","0,999","7,999","52,999","11,999","4,999","4,999","46,999","2,999","7,4","34,1","87,999","14,4","6,999","3,999","24,999","12,999","35,3","2,999","4,999","57,4","30,0","9,999","3,999","79,3","7,999","41,2","12,999","17,2","9,999","9,999"
"22,999","3,999","58,4","5,999","14,2","5,999","14,999","42,999","4,999","14,999","38,999","19,999","2,999","22,2","23,999","38,999","14,999","8,999","6,999","29,999","42,3","7,999","0,999","7,999","6,999","2,999","40,999","4,999","7,999","27,999","25,999","10,999","1,999","8,999","11,999","3,999","3,999","6,1","16,999","6,999","2,999","12,999","2,999","33,999","15,999","49,3","22,999","74,2","23,999","5,999","2,999","7,999","4,999","11,999","43,2","54,999","18,999","0,999","75,999","1,999","5,999","0,999","1,999","25,999","5,999","34,2","3,999","18,4","47,999","11,999","23,999","21,999","48,999","2,999","4,999","53,999","5,999","36,0","96,1","8,3","17,999","8,999","2,999","88,999","23,999","16,999","19,999","6,999","12,999","11,999","3,999","2,999","58,999","0,999","24,1","6,999","4,999","52,0","1,999","2,999"
"13,999","54,999","5,999","1,999","12,3","8,999","29,999","16,999","18,0","2,999","6,999","10,999","33,3","11,999","1,999","29,999","18,2","17,999","36,999","32,0","3,999","6,999","4,999","43,999","20,999","5,999","1,999","4,999","7,999","45,4","23,2","30,999","21,999","3,999","1,999","11,999","22,999","1,999","13,999","18,999","4,999","26,1","61,999","18,2","10,999","1,999","0,999","4,999","13,1","1,999","10,999","6,999","1,999","43,0","8,999","33,999","13,999","11,999","4,999","8,999","4,999","21,0","16,999","16,999","9,999","13,3","34,4","23,0","31,999","33,999","5,999","2,999","2,999","33,999","18,3","48,999","18,999","25,999","2,999","26,999","2,999","106,999","9,999","4,999","1,999","0,999","3,999","5,999","5,999","88,999","48,1","24,999","2,999","18,999","2,999","8,999","3,999","2,999","13,999","7,1"
"2,999","3,999","2,999","25,999","2,999","4,999","11,999","22,999","7,999","24,999","7,999","2,999","3,999","14,999","1,999","1,999","48,999","1,999","2,999","9,999","16,999","12,999","2,999","12,999","3,999","6,999","7,999","46,4","8,999","9,999","23,3","28,999","2,999","6,999","6,999","15,999","11,3","2,999","10,999","2,999","26,4","1,999","20,4","68,999","1,999","2,999","58,999","71,999","37,3","10,4","4,999","23,999","2,999","6,999","23,0","44,3","13,999","6,999","9,999","32,999","6,999","3,999","13,999","39,999","47,4","35,999","2,999","25,4","3,999","20,4","2,999","8,999","1,999","24,999","0,999","15,999","13,999","59,1","4,999","39,999","78,999","11,999","0,999","4,999","9,999","47,0","2,999","13,999","5,999","6,999","29,999","3,999","6,999","23,3","1,999","4,999","6,999","1,999","1,999","23,999"
"1,999","3,999","38,1","25,999","2,999","22,999","2,999","4,999","7,999","24,0","6,999","34,1","6,999","32,999","22,1","5,999","2,999","40,999","74,999","15,999","2,999","28,2","2,999","3,999","3,999","17,999","25,999","10,999","29,999","6,999","22,999","19,999","16,999","43,999","41,4","34,999","27,999","21,999","30,999","1,999","14,999","1,999","3,999","35,999","1,999","2,999","5,999","7,3","1,999","22,2","36,999","5,999","13,999","19,2","10,999","9,999","20,999","7,999","49,999","52,999","3,999","46,2","37,999","26,0","0,999","26,999","11,999","53,999","20,999","26,999","2,999","35,999","73,0","4,999","8,999","61,999","77,1","40,1","34,2","10,999","7,999","20,2","0,999","1,999","8,999","26,999","15,1","5,999","7,999","2,999","75,999","2,999","13,2","0,999","13,999","2,999","12,999","1,999","12,999","11,999"
"50,999","26,999","16,999","0,999","1,999","6,999","13,999","25,1","32,999","8,999","32,999","8,999","6,999","4,999","10,999","9,999","6,999","6,999","5,999","3,999","56,1","20,999","0,999","3,999","6,999","36,0","2,999","44,999","6,999","1,999","57,999","36,999","76,0","3,999","41,4","2,999","13,999","1,999","24,999","5,999","25,999","1,999","0,999","17,999","22,0","40,1","0,999","3,999","10,999","9,999","42,3","16,3","3,999","11,1","23,4","40,999","9,999","57,3","16,999","56,0","38,0","0,999","5,999","24,999","4,999","6,999","7,999","13,999","7,999","61,4","16,999","6,999","4,999","19,999","35,999","27,999","5,999","1,999","18,4","66,999","16,999","6,999","1,999","34,999","29,999","9,999","2,999","3,999","43,0","4,999","8,999","36,999","2,999","2,999","7,999","66,999","30,999","25,999","23,999","4,999"
"2,999","5,999","7,999","10,999","57,999","10,999","9,999","16,3","33,999","32,4","7,999","43,999","24,999","3,999","1,999","2,999","22,0","8,999","15,999","13,999","37,1","26,999","4,999","4,999","28,1","17,3","12,4","3,999","56,1","1,999","2,999","15,999","7,999","76,999","7,999","3,999","12,999","6,999","3,999","53,2","3,999","12,999","6,999","0,999","6,999","11,999","57,999","11,999","4,999","20,999","55,999","1,999","4,999","66,1","2,999","21,999","14,999","6,999","0,999","6,999","28,999","1,999","7,999","12,0","3,999","4,999","5,999","7,999","24,2","3,999","9,999","2,999","2,999","1,999","3,999","30,999","46,999","5,999","9,999","14,999","13,999","23,999","2,999","13,999","16,999","56,2","40,999","14,999","1,999","8,999","33,999","10,999","8,999","7,999","2,999","31,1","4,999","18,4","13,999","21,2"
"62,999","8,999","25,3","0,999","68,999","17,999","59,999","2,999","26,4","4,999","137,999","4,999","8,999","6,999","7,999","110,999","44,3","49,1","11,999","21,999","19,999","0,999","5,999","14,999","5,999","8,999","42,3","23,2","1,999","11,999","63,999","25,999","6,999","7,999","2,999","14,999","4,999","5,999","36,999","7,999","15,999","29,999","9,999","20,1","13,999","28,999","4,999","1,999","14,999","3,999","2,999","11,999","0,999","3,999","1,999","12,999","9,999","40,999","4,999","117,0","82,999","7,999","0,999","5,999","9,999","1,999","5,999","7,999","6,999","2,999","7,999","3,999","6,999","10,999","33,2","30,4","75,3","71,4","0,999","2,999","1,999","13,999","32,999","7,999","56,0","8,999","5,999","12,999","16,999","6,999","3,999","3,999","4,999","53,999","5,999","104,1","21,0","11,999","22,999","61,2"
"6,999","9,999","7,999","1,999","35,999","15,3","8,999","1,999","53,0","4,999","23,3","10,999","2,999","26,0","52,2","0,999","18,999","1,999","62,3","50,999","29,999","7,999","7,999","6,999","44,999","1,999","14,999","7,999","51,999","12,999","6,999","5,999","1,999","8,999","10,999","6,999","0,999","60,999","13,0","2,999","29,999","9,999","28,3","1,999","1,999","61,3","10,999","16,999","16,999","0,999","7,999","46,999","2,999","8,999","2,999","0,999","46,3","22,999","0,999","12,999","135,1","22,999","11,999","24,999","0,999","7,999","45,999","21,4","1,999","2,999","27,4","8,999","10,999","2,999","81,3","2,999","3,999","8,999","1,999","5,999","4,999","18,999","49,999","6,999","0,999","9,999","18,0","12,999","23,999","2,999","4,999","34,999","14,999","33,2","8,999","42,999","5,999","0,999","13,999","2,999"
"40,999","13,999","11,999","110,999","20,999","10,999","7,999","6,999","18,999","4,999","29,999","24,4","14,1","3,999","6,999","3,999","59,999","8,1","2,999","4,999","8,999","16,999","29,2","3,999","8,999","6,999","35,999","8,2","22,999","35,999","3,999","8,999","59,999","17,999","15,999","11,4","2,999","23,999","6,999","18,999","3,999","11,999","17,1","8,999","5,999","38,4","24,999","11,999","1,999","14,999","7,999","10,999","3,999","41,4","13,999","20,999","8,999","25,0","2,999","10,999","17,0","14,0","11,999","5,999","4,999","17,999","54,3","23,999","9,999","74,999","3,999","3,999","4,999","1,999","0,999","10,999","1,999","20,999","12,999","23,999","1,999","7,999","32,0","44,999","108,2","2,999","1,999","8,999","3,999","9,999","1,999","7,999","1,999","3,999","24,3","24,999","3,999","9,0","6,999","51,999"
"41,999","4,999","112,2","4,999","7,999","4,999","2,999","20,999","6,999","5,999","42,2","59,0","15,3","105,999","9,999","29,999","13,999","38,999","11,999","3,999","83,4","6,999","5,999","17,999","10,999","2,999","17,4","5,999","4,999","3,999","1,999","20,3","16,999","16,3","3,999","5,999","8,999","54,2","0,999","63,2","45,2","3,999","60,999","25,1","11,999","6,999","4,999","10,999","0,999","15,999","37,999","4,999","31,999","4,999","21,999","3,999","12,4","6,999","4,999","2,999","6,999","2,999","4,999","9,999","8,999","2,999","45,999","4,999","12,999","0,999","1,999","0,999","2,999","4,999","12,999","2,999","8,999","28,0","42,999","8,999","1,999","0,999","9,999","4,999","1,999","6,999","9,999","74,999","3,999","4,999","23,2","17,999","11,999","39,2","5,999","15,999","9,999","40,999","3,999","5,999"
"9,999","9,999","31,1","10,999","2,999","4,999","25,1","28,999","37,0","64,999","6,999","10,999","15,4","2,999","66,3","4,999","8,999","3,999","3,999","19,0","36,999","50,0","30,999","31,999","28,999","31,999","4,999","5,999","3,999","5,999","5,999","5,999","2,999","16,999","11,999","8,999","10,999","8,999","56,0","3,999","14,999","25,4","31,999","66,999","36,999","6,999","2,999","19,1","11,999","7,999","13,999","23,4","16,999","5,999","30,0","4,999","2,999","0,999","16,999","40,999","11,999","10,999","66,0","1,999","3,999","4,999","11,2","2,999","2,999","2,999","11,999","30,999","1,999","18,0","13,2","34,4","91,999","7,999","7,999","36,999","47,999","4,999","50,1","1,999","7,999","48,2","3,999","29,999","4,999","8,999","29,999","18,999","28,999","10,999","4,999","9,999","19,999","1,999","29,4","6,1"
"0,999","38,999","4,999","1,999","0,999","53,0","57,999","16,999","11,999","1,999","1,999","1,999","7,999","1,999","5,999","40,2","16,999","6,999","37,2","4,999","20,999","9,999","3,999","90,999","7,999","0,999","16,2","5,999","47,3","92,4","45,3","0,999","1,999","0,999","11,999","7,999","46,4","0,999","1,999","35,999","3,999","1,999","48,999","4,999","25,999","36,2","1,999","19,999","63,999","14,999","0,999","4,999","1,999","17,0","8,999","24,999","5,999","7,999","25,999","1,999","31,3","7,999","33,999","8,999","14,999","21,1","6,1","2,999","25,999","0,999","9,999","3,999","10,999","6,999","4,999","36,999","3,999","11,999","11,999","3,999","5,999","3,999","8,999","3,999","5,999","7,999","5,999","6,999","1,999","2,999","18,999","4,999","31,2","15,2","5,999","17,999","26,0","33,3","9,999","6,999"
"30,1","4,999","10,999","4,999","4,999","24,3","72,1","17,999","1,999","7,999","39,999","19,999","8,999","30,999","22,0","48,0","3,999","18,1","49,999","6,999","4,999","29,2","25,4","20,999","5,999","15,999","34,4","29,999","78,4","8,999","52,999","5,999","1,999","15,999","3,999","43,1","7,999","46,3","2,999","3,999","19,3","22,999","3,999","49,1","2,999","51,4","5,999","1,999","17,999","7,999","5,999","21,999","3,999","4,999","12,999","3,999","4,999","1,999","41,999","7,999","4,999","35,3","0,999","1,999","5,999","30,999","37,999","23,999","7,999","41,3","2,999","41,999","1,999","40,999","2,999","22,999","18,999","20,0","32,999","8,999","3,999","4,999","4,999","1,999","5,999","3,999","4,999","5,999","0,999","118,3","7,999","7,999","23,999","1,999","6,999","2,999","21,0","12,999","4,999","5,999"
"21,999","23,999","42,1","14,999","6,999","5,999","4,999","2,999","20,999","2,999","3,999","4,999","12,999","19,4","10,999","25,4","2,999","15,999","8,999","23,999","2,999","2,999","13,999","24,3","27,999","6,999","6,999","6,4","28,999","23,1","12,999","14,999","18,999","6,999","8,999","18,999","5,2","31,0","38,0","51,999","20,999","18,999","12,999","26,999","3,999","43,999","13,999","38,4","36,999","70,999","22,999","15,999","1,999","2,999","5,999","19,999","2,999","4,999","11,999","6,999","6,999","2,999","7,999","9,999","57,3","1,999","10,999","100,999","27,3","6,999","15,0","25,999","10,999","2,999","11,999","19,999","25,3","6,999","5,999","13,999","11,999","3,999","7,999","4,999","46,3","9,999","0,999","12,999","6,999","28,2","40,2","3,999","2,999","41,999","18,999","12,999","5,999","42,999","2,999","6,999"
"17,999","10,999","21,999","4,999","11,999","3,999","11,999","0,999","7,999","2,999","6,999","4,999","80,999","6,999","3,999","4,999","10,999","113,999","4,999","17,999","5,999","9,999","4,999","19,999","41,999","48,999","1,999","7,999","0,999","1,999","8,999","36,3","1,999","55,999","20,999","7,999","13,2","1,999","35,999","4,999","12,999","2,999","11,999","19,999","31,999","9,999","34,999","8,999","8,999","2,999","35,999","21,999","20,999","1,999","14,999","5,999","1,999","7,999","3,999","44,0","11,999","35,999","33,1","43,999","14,999","76,999","1,999","47,999","30,0","6,999","27,4","30,999","22,999","68,4","34,999","2,999","2,999","7,999","5,999","10,3","36,999","12,999","15,999","40,2","13,999","55,999","21,999","18,999","9,999","4,999","7,999","14,999","29,3","8,999","10,999","7,999","14,3","2,999","32,999","12,999"
"10,999","1,999","5,999","16,999","25,1","3,999","71,3","2,999","37,0","4,999","2,999","2,999","13,999","14,999","6,999","2,999","29,999","14,999","8,999","15,999","0,999","3,999","10,999","8,999","12,999","34,999","1,999","10,999","19,999","50,999","1,999","22,999","0,999","13,1","2,999","2,999","15,999","9,999","16,999","9,999","0,999","16,999","18,0","3,999","23,999","6,999","3,999","19,3","12,999","10,999","13,999","3,999","4,1","19,999","11,999","16,999","7,999","6,999","12,999","36,999","2,999","7,999","31,999","40,999","4,999","12,999","6,999","21,4","16,999","1,999","149,999","8,999","4,999","33,1","12,999","1,999","19,999","4,999","18,999","5,999","14,999","8,999","7,999","12,999","77,4","4,999","25,999","9,999","4,999","11,999","20,999","5,999","2,999","9,999","12,0","4,999","4,999","2,999","4,999","4,999"
"16,999","73,0","0,999","6,999","16,999","9,999","4,999","3,999","3,999","19,999","3,999","1,999","8,999","23,4","1,999","31,999","36,2","26,3","19,999","7,999","4,999","74,999","27,999","23,999","3,999","2,999","42,999","10,999","5,999","15,999","11,999","1,999","2,999","8,999","41,999","1,999","13,999","5,999","5,999","6,999","3,999","24,1","2,999","6,999","27,999","2,999","2,999","11,999","4,999","5,999","34,4","77,999","5,999","7,999","6,999","9,999","1,999","5,999","12,999","10,999","4,999","10,999","17,999","10,999","0,999","94,3","5,999","15,999","0,999","3,999","32,999","70,2","7,999","5,999","2,999","18,999","15,999","19,999","5,999","8,999","0,999","8,999","9,999","2,999","8,999","16,999","0,999","2,999","92,4","2,999","9,999","4,999","1,999","14,999","15,999","36,999","27,999","5,999","2,999","5,999"
"1,999","12,999","6,999","0,999","4,999","29,999","15,999","1,999","11,999","38,999","68,999","24,999","32,4","2,999","5,999","22,3","60,2","56,999","3,999","50,999","12,1","44,999","23,999","29,999","6,999","6,999","42,3","42,999","36,4","49,999","16,999","6,999","16,999","23,999","59,999","0,999","58,999","35,999","42,0","2,999","21,999","6,999","2,999","5,999","66,0","1,999","2,999","2,999","5,999","2,999","3,999","5,999","49,999","4,999","29,999","3,999","2,999","49,1","100,999","4,999","74,4","49,4","6,999","33,999","87,2","55,1","57,999","16,999","1,999","1,999","14,2","5,999","6,999","2,999","47,2","3,999","1,999","7,999","93,999","68,999","14,999","10,999","2,999","0,999","13,999","6,999","4,999","27,999","3,999","2,999","11,999","13,999","8,999","25,3","18,4","4,999","6,999","15,4","4,999","7,999"
"80,3","0,999","8,999","2,999","6,999","1,999","0,999","0,999","7,999","56,3","2,999","15,4","9,999","6,999","13,0","2,999","10,999","5,999","44,0","2,999","12,999","2,999","17,0","6,999","10,999","2,999","4,999","20,999","34,999","1,999","9,999","0,999","24,999","1,999","31,999","13,999","4,999","10,999","7,999","32,1","3,999","28,999","3,999","6,999","49,1","34,999","15,999","30,999","11,999","11,999","23,999","40,4","14,2","18,999","16,999","5,999","176,999","11,999","2,999","2,999","2,999","9,2","7,999","25,999","7,999","2,999","6,999","2,999","2,999","17,4","5,999","2,999","20,999","2,999","1,999","4,999","8,3","7,999","0,999","10,999","5,999","53,1","6,999","2,999","14,999","4,999","13,999","27,2","8,999","1,999","1,999","1,999","70,0","23,3","3,999","44,2","14,999","2,999","32,999","75,999"
"18,4","7,999","59,3","35,999","51,4","40,3","13,999","3,999","4,999","41,999","53,999","44,4","7,999","12,999","5,999","26,999","38,999","28,0","7,1","27,0","15,999","22,999","6,999","6,999","6,999","0,999","0,999","32,3","1,999","38,999","12,999","4,999","21,999","2,999","7,999","1,999","12,999","0,999","4,999","8,999","9,999","16,999","5,999","59,4","5,999","2,999","4,999","20,999","12,999","5,999","9,999","10,999","2,999","1,999","4,999","6,999","7,999","14,999","12,999","44,0","13,999","16,999","18,999","4,999","22,999","23,999","37,4","6,999","13,999","0,999","1,999","65,2","36,999","0,999","15,3","17,999","7,999","2,999","2,999","30,3","66,4","2,999","1,999","2,999","5,999","84,4","3,999","4,999","32,1","37,2","30,999","77,999","10,999","12,999","5,999","40,999","5,999","7,999","17,4","7,999"
"4,999","2,999","30,999","1,999","4,999","12,999","5,999","10,999","15,999","3,999","1,999","2,999","8,999","3,999","3,999","3,999","33,999","3,999","12,3","1,999","4,999","3,999","8,999","0,999","0,999","7,999","3,999","24,999","12,999","13,999","35,999","0,999","3,999","5,999","4,999","2,999","4,999","2,999","1,999","3,999","8,999","31,4","2,999","16,999","12,999","2,999","22,0","14,999","8,999","9,999","3,999","6,999","26,999","5,999","1,999","22,999","2,999","9,999","2,999","61,999","20,3","0,999","85,999","20,999","4,999","24,0","4,999","4,999","17,999","13,1","11,999","1,999","50,3","21,4","63,999","51,3","13,999","28,999","7,999","12,999","39,999","19,4","10,3","7,999","4,999","4,999","17,999","8,999","4,999","6,999","75,999","55,999","16,999","8,999","52,2","6,999","31,1","17,1","9,1","17,999"
"19,999","4,999","2,999","41,1","8,999","30,999","13,999","1,999","74,999","0,999","11,3","4,999","39,4","9,999","16,4","8,999","14,3","52,0","19,0","10,999","32,999","3,999","7,999","38,999","5,999","3,999","40,4","19,999","9,4","2,999","3,999","0,999","25,999","6,999","47,0","2,999","3,999","21,999","2,999","25,999","6,999","2,999","9,999","12,999","0,999","2,999","7,999","13,999","2,999","7,999","2,999","21,999","11,999","3,3","2,999","4,999","4,999","2,999","4,999","1,999","6,999","9,999","4,999","9,999","2,999","18,999","3,999","1,999","4,999","62,999","4,999","1,999","17,999","19,999","1,999","12,999","4,999","24,999","27,0","13,999","20,999","12,999","1,999","4,999","1,999","1,999","12,999","4,999","25,999","37,999","17,999","2,999","4,999","7,999","3,999","14,999","14,999","1,999","14,999","2,999"
"19,999","3,999","20,999","26,999","58,4","27,999","8,999","5,999","29,0","5,999","11,999","12,999","13,999","14,999","29,999","2,999","1,999","5,999","3,999","4,999","24,4","3,999","11,999","9,999","41,0","47,999","12,999","19,999","3,999","30,2","34,999","18,999","43,999","1,999","15,999","6,999","1,999","13,999","2,999","20,999","23,999","43,1","46,999","44,999","1,999","32,4","25,999","1,999","2,999","5,999","35,999","2,999","13,1","10,999","51,999","9,999","39,999","0,999","35,999","6,999","2,999","26,999","13,999","7,999","10,999","53,999","38,999","30,999","16,999","7,999","1,999","97,2","1,999","53,999","83,0","0,999","13,999","37,999","8,999","15,999","13,999","6,999","51,999","9,999","42,999","14,0","3,999","19,0","17,0","6,999","10,999","80,0","8,999","17,2","2,999","27,999","33,999","41,1","4,999","17,999"
"4,999","5,999","5,999","38,3","4,999","29,1","1,999","2,999","1,999","114,4","26,999","4,999","8,999","20,999","15,999","53,999","7,999","24,999","1,999","1,999","19,999","8,999","26,999","62,999","11,999","6,999","5,999","12,999","26,1","33,999","64,2","4,999","20,999","17,4","3,999","5,999","7,999","2,999","1,999","0,999","4,999","5,999","0,999","4,999","20,999","5,999","0,999","9,999","4,999","50,1","15,999","59,999","4,999","5,999","6,999","15,999","2,999","10,3","2,999","1,999","3,999","44,999","156,2","3,999","34,3","41,999","18,999","3,999","7,0","24,1","7,999","53,999","5,999","1,999","1,999","1,999","8,999","9,999","16,2","25,1","6,999","14,999","3,999","14,999","64,999","51,999","6,999","17,999","7,4","3,999","4,999","49,999","16,2","2,999","11,999","7,999","20,3","34,999","42,4","1,999"
